22.243999 26.084000 45.132999 7.125158
15.261000 -29.172001 0.668000 8.635633
-5.823000 -32.250999 -35.830002 8.411736
3.637000 -43.431000 -17.254999 8.294665
31.042999 13.076000 9.727000 7.797585
-29.974001 -32.042000 -23.282000 8.328873
39.931999 3.544000 -44.303001 7.121149
-34.327999 0.947000 -35.118000 7.878957
-17.795000 12.977000 -36.894001 6.808735
-35.702999 -19.978001 -41.337002 7.183904
29.868999 -31.537001 -5.313000 7.923163
-44.280998 3.912000 -29.313000 7.474128
-14.804000 37.062000 45.761002 6.194855
-40.752998 -4.944000 27.719000 7.239122
18.181000 -1.931000 -36.650002 6.024042
-8.856000 43.333000 6.757000 6.807037
20.934000 -25.507999 -11.368000 9.152134
33.391998 -1.952000 -29.264999 7.811596
35.494999 24.722000 -23.268999 6.698950
41.460999 5.007000 -14.268000 7.470241
30.215000 22.020000 46.049999 6.969258
35.498001 24.724001 -26.368000 6.790704
37.730999 -21.532000 -17.150000 7.865399
-19.221001 29.474001 33.432999 7.245291
18.489000 -37.658001 -35.363998 8.013321
42.382999 1.038000 24.747999 7.640049
11.040000 32.650002 -23.242001 7.807066
-17.513000 36.938999 -23.302000 7.468985
27.039000 -19.930000 45.862999 7.288117
22.115999 26.049999 -26.334999 6.975616
20.877001 -25.403000 6.639000 8.127689
17.094000 29.761999 -23.481001 7.344507
16.653000 -36.455002 -26.077000 8.462382
35.131001 -25.018000 36.807999 7.034354
-11.554000 39.930000 39.685001 6.988979
41.112000 -13.674000 -2.301000 7.392248
18.737000 28.775000 24.743999 7.368605
-43.909000 7.053000 -20.332001 7.427279
-23.759001 -25.969000 -47.014999 7.343569
12.142000 4.037000 -36.709000 6.443646
-34.436001 -1.905000 6.659000 7.810393
-42.634998 13.068000 0.742000 6.950557
42.494999 -7.855000 -26.257999 7.491222
-18.228001 -36.273998 27.736000 8.696687
-35.647999 -26.247999 -14.238000 8.099550
25.316000 35.252998 -5.285000 7.464108
-28.379000 -18.584999 -26.233999 8.375286
25.341000 35.258999 12.690000 7.557699
28.247000 -33.016998 -5.322000 7.912651
-30.030001 -32.068001 -5.272000 8.456247
-5.743000 43.459000 -44.258999 6.431474
12.090000 30.605000 -36.820999 7.268839
24.187000 -16.993999 -36.541000 7.783113
26.781000 -34.328999 -20.261000 8.268499
27.174999 -26.034000 -46.765999 6.783998
-32.798000 -26.650999 -14.313000 8.241578
9.193000 -31.552000 18.681999 9.403923
0.251000 34.641998 -23.283001 7.068478
37.866001 20.820999 -38.451000 6.698637
22.229000 25.979000 18.735001 7.186714
16.617001 -36.450001 -23.142000 8.602674
-22.843000 -37.498001 0.700000 8.791362
0.254000 -40.272999 -26.278999 9.076328
-23.804001 33.823002 -17.190001 7.767412
-40.814999 -17.132000 -2.336000 7.644839
-23.657000 33.840000 45.305000 7.226378
-31.410000 14.769000 -17.061001 7.845290
3.574000 -43.289001 33.745998 7.227004
-14.823000 31.743000 15.718000 7.010748
27.357000 -32.167000 45.862000 7.028816
38.696999 19.082001 -20.306999 6.893426
33.609001 -21.420000 6.798000 7.226450
-38.896999 -16.940001 45.827999 8.300055
-14.769000 1.068000 -36.824001 6.930139
-44.591999 1.111000 0.686000 7.313450
23.704000 24.533001 -14.339000 7.081147
13.360000 41.395000 -44.383999 6.540426
-32.814999 -26.735001 -26.266001 7.997189
-24.054001 -32.722000 3.763000 7.792664
22.131001 26.059999 6.639000 7.627702
40.719002 -15.535000 -41.047001 7.001221
33.028000 28.051001 -20.277000 6.891686
7.776000 41.344002 -20.231001 7.025198
-26.649000 -4.789000 -46.985001 7.273337
40.039001 1.862000 -41.362000 6.983316
3.268000 -32.882000 0.702000 9.659593
32.662998 -5.034000 33.646000 7.478430
-10.304000 -39.470001 10.649000 8.476151
-32.226002 13.042000 -2.335000 8.177953
-36.193001 25.261999 -5.287000 7.160974
30.582001 12.991000 -35.868000 7.580782
25.297001 35.283001 6.574000 7.116522
32.639000 -4.927000 42.709999 7.922672
41.925999 9.956000 24.645000 7.254170
25.403000 -21.160000 -14.326000 9.060372
-22.739000 -24.882000 6.667000 8.760546
-39.772999 -15.817000 -20.243999 7.494436
6.238000 25.011000 -47.116001 7.031245
6.246000 1.150000 -46.599998 6.217589
15.215000 22.032000 -47.057999 6.761425
29.999001 30.840000 45.411999 6.382535
-29.514000 -17.002001 33.692001 9.154581
39.865002 16.077000 33.712002 7.115155
-31.323000 31.080000 -17.311001 7.146230
7.816000 41.243000 -32.300999 6.672158
31.655001 11.408000 6.712000 7.945355
29.980000 -31.729000 -38.300999 7.797771
-32.792000 -26.278999 42.724998 7.748854
41.101002 -13.824000 -8.200000 7.405248
35.933998 -22.705999 -44.300999 7.345953
21.528000 -34.944000 -35.326000 8.324560
-44.280998 -1.983000 -8.285000 7.161508
-34.736000 1.014000 42.712002 8.788174
-12.755000 32.317001 -29.384001 6.910011
-32.813000 -4.978000 -47.159000 7.476679
-8.776000 33.912998 24.780001 7.485691
31.138000 -29.915001 33.626999 7.538642
13.593000 41.458000 0.654000 7.269801
-2.185000 -41.178001 0.618000 8.958652
31.475000 -24.955999 -38.299000 7.047505
40.625999 14.350000 3.467000 7.668168
-29.392000 -16.997999 -26.355000 8.295012
30.242001 31.066999 -44.345001 6.618939
32.308998 -7.938000 -35.347000 7.974089
11.198000 32.706001 12.670000 7.829447
23.908001 36.221001 -2.389000 7.428342
-24.042000 -32.673000 33.714001 7.848276
-30.829000 -14.492000 -14.309000 8.351771
-32.438999 -10.990000 15.600000 7.975199
-32.749001 -10.861000 -47.130001 7.081551
-30.598000 16.098000 -35.337002 7.752007
-17.976000 -36.478001 -41.174000 7.734587
26.395000 21.455000 -23.275000 6.788944
-38.874001 -19.004000 45.236000 8.166534
2.336000 -41.264999 3.727000 8.335412
0.274000 -33.061001 6.705000 9.882556
41.997002 -10.973000 -23.367001 7.637976
-2.806000 33.366001 -36.896999 7.534335
15.373000 40.685001 -23.271000 7.105733
6.218000 16.062000 -36.793999 6.611149
-30.785000 16.495001 12.698000 7.220285
7.674000 41.564999 9.193000 7.111842
26.472000 -19.587999 6.745000 8.384907
-12.881000 32.375000 -14.277000 7.317963
-17.528999 36.824001 -41.264000 6.904658
-23.860001 13.019000 -47.203999 6.948618
-29.677999 -28.973000 -2.324000 8.339753
-34.074001 7.221000 27.667999 8.289489
-40.755001 18.356001 21.649000 7.518363
30.252001 10.031000 -36.632000 7.184393
-27.105000 22.094999 9.695000 7.321523
18.208000 39.528999 18.695999 7.290627
-24.166000 25.410000 18.745001 7.404762
-30.697001 -26.763000 27.711000 8.152465
-24.194000 -23.542999 24.754999 9.241451
39.143002 13.011000 -46.882000 6.675498
-22.733000 -24.878000 33.708000 8.919849
-32.279999 12.950000 0.596000 7.956533
-15.648000 -38.099998 3.653000 8.447897
11.875000 41.933998 -41.230999 6.787041
0.565000 40.664001 0.696000 7.132669
-43.320999 -9.606000 -44.146000 7.327906
26.653000 -19.673000 -23.297001 8.604325
5.520000 -43.214001 0.696000 7.703978
-9.248000 -39.430000 -38.308998 8.447668
42.465000 -1.865000 -5.316000 7.710911
33.043999 28.042000 -41.303001 6.556514
-17.777000 -28.464001 -26.298000 9.024117
-38.518002 -14.236000 -29.344000 7.595498
26.379999 21.403000 42.715000 7.092094
-8.731000 42.964001 45.351002 5.920999
-42.118000 -3.115000 -8.358000 7.777007
0.130000 -40.117001 -46.476002 7.298676
-27.947001 32.676998 -29.256001 6.761736
10.645000 -39.598000 21.947001 8.411255
-19.179001 29.455000 27.750999 7.276573
-39.459000 -11.796000 -8.342000 8.117576
-42.083000 -3.241000 -44.324001 7.196271
41.075001 -13.614000 6.703000 7.102055
-21.848000 38.648998 30.431000 6.591924
32.817001 -5.000000 6.762000 7.575475
25.358999 -21.056000 0.750000 8.233115
-27.587000 -33.797001 -46.404999 7.595659
34.083000 -22.127001 -35.345001 7.363568
-22.527000 -34.896000 -17.334999 8.864527
6.268000 40.403000 42.715000 6.965209
-29.523001 -16.969000 27.622000 8.628226
-2.725000 43.894001 -20.378000 6.895302
18.087000 28.016001 -47.070999 7.058959
21.232000 34.019001 45.948002 6.320154
21.415001 37.797001 15.688000 7.347163
-13.274000 32.512001 28.118999 6.942507
-6.475000 -40.805000 24.732000 8.704183
33.477001 1.133000 -26.311001 7.436927
23.938999 -22.705999 -8.293000 8.657920
-31.164000 26.333000 0.506000 7.847198
-8.811000 33.645000 -17.403999 7.271279
-2.758000 -32.991001 9.689000 9.133904
15.168000 -31.954000 -46.797001 6.972358
42.502998 -7.883000 -20.281000 7.767581
6.231000 7.082000 -36.752998 6.450364
25.333000 -20.995001 9.645000 8.113687
32.944000 -25.790001 -35.352001 7.513155
-31.028999 31.160000 33.740002 7.764658
21.306000 37.771000 -26.313999 7.050263
35.247002 -25.173000 9.676000 7.246902
9.219000 -19.914000 -46.888000 6.524610
11.962000 41.958000 -26.313999 6.987378
-30.971001 31.188000 18.749001 6.760866
-32.793999 24.921000 -46.903000 6.902091
-34.116001 7.532000 42.688999 8.745566
-34.250999 5.165000 0.551000 8.081925
-14.862000 -29.334999 -35.911999 8.584030
-34.429001 3.733000 6.621000 7.742348
6.148000 -16.968000 -36.634998 6.511282
-8.025000 -39.548000 0.626000 8.722667
35.938000 -22.525000 0.729000 7.418433
31.434000 -24.903999 -14.294000 7.605553
-22.733999 -24.878000 27.620001 9.008640
-33.404999 -8.029000 18.657000 7.733646
-24.816000 32.265999 -14.321000 7.755487
-32.368000 6.948000 -36.915001 7.770643
-44.456001 1.095000 -26.332001 7.503392
-11.866000 34.034000 -47.242001 6.939104
28.804001 -15.661000 39.452000 7.353747
-43.674999 -8.530000 15.779000 7.215892
28.721001 32.534000 -11.081000 7.095621
-28.646999 -33.594002 36.758999 7.860854
39.169998 4.037000 -46.716000 7.419901
-31.405001 14.732000 -20.134001 7.707589
32.679001 7.022000 27.739000 7.351768
-11.855000 39.436001 -32.327999 7.157503
-35.570000 22.083000 -35.283001 7.089547
-30.816000 16.525000 18.704000 7.506362
18.652000 28.819000 15.838000 7.286457
27.900999 19.263000 6.675000 7.175851
-8.937000 43.293999 3.653000 6.886557
41.180000 12.878000 -14.309000 7.239724
-38.764000 -14.179000 6.657000 7.568606
6.423000 40.367001 12.690000 7.117191
14.837000 -40.875000 -35.328999 7.831229
15.308000 -37.779999 -23.302999 8.368913
33.227001 -1.949000 3.647000 7.922990
30.341000 30.975000 39.736000 6.696530
-29.815001 -4.986000 -47.146000 7.359931
-15.032000 -29.886999 -5.215000 9.431537
-28.148001 20.285000 -29.444000 7.702192
0.161000 40.021999 -46.893002 6.509926
-43.834999 6.965000 -35.308998 7.001582
-24.181000 -10.390000 -36.810001 8.405651
42.473000 -1.990000 -23.318001 7.486946
-33.188999 9.980000 -11.250000 8.334660
22.514000 -24.309000 -29.340000 7.577084
-13.525000 -30.579000 -11.096000 9.593717
-23.621000 37.303001 18.672001 6.343211
-10.320000 41.880001 -5.118000 7.002003
32.078999 -7.873000 24.643000 7.858166
21.285000 1.110000 -46.581001 6.642444
33.326000 4.023000 -29.323999 7.450465
29.931000 -13.915000 -35.553001 7.364774
-8.856000 37.002998 45.790001 6.567242
18.136000 -5.016000 -36.634998 6.319230
-11.830000 -34.938999 -46.912998 7.160969
-29.555000 -28.920000 -26.288000 7.798022
20.677000 -25.271000 42.680000 7.267327
-41.882000 -11.235000 39.700001 7.507824
-30.898001 31.117001 -29.327999 6.966024
-31.549999 -13.078000 0.770000 7.911450
-29.132999 18.989000 -14.292000 7.876282
6.205000 -32.450001 -5.311000 9.513785
27.242001 -31.974001 -46.699001 7.325908
-41.910000 -11.287000 27.707001 7.707489
29.841999 15.976000 -26.246000 6.692235
17.070000 29.719999 -35.356998 7.071296
14.921000 -37.800999 27.643000 7.915783
-14.849000 13.101000 -36.881001 6.812850
5.496000 -43.230999 6.694000 7.721662
5.855000 -41.004002 42.710999 6.955899
-22.726999 -34.933998 24.722000 9.071842
30.243000 -29.013000 -46.702999 7.265249
-8.762000 43.504002 30.695999 6.922663
25.209999 22.882999 21.737000 7.022762
28.039000 -32.860001 30.605000 7.723009
-31.004000 26.174000 -32.266998 7.522594
12.899000 -30.173000 21.797001 8.898688
32.459999 -28.462999 30.853001 7.436684
-17.768000 -28.459999 -20.323000 9.302824
41.287998 -6.097000 3.782000 7.622753
0.164000 -40.044998 21.671000 8.538095
-31.066999 26.230000 -20.108999 7.784450
-5.791000 -37.966999 -46.863998 7.386354
16.443001 -36.405998 -5.396000 8.779881
-17.261999 -36.693001 30.650999 8.340173
32.976002 28.091999 0.643000 7.540307
30.207001 -7.992000 -36.550999 7.385665
-15.662000 -38.112999 6.724000 8.527497
-11.593000 -41.319000 -11.304000 9.063994
12.149000 28.014000 -36.816002 7.911780
42.317001 -7.900000 24.639000 7.538651
-8.743000 33.958000 30.681999 7.443047
-20.823000 28.167999 12.654000 7.071793
-40.368999 -18.597000 -26.183001 7.613232
0.214000 34.548000 -35.424999 6.767230
11.080000 32.645000 -20.354000 8.181784
-5.756000 -25.972000 -36.646000 7.534414
15.226000 36.952999 -47.122002 6.327831
-25.694000 -21.986000 -23.356001 8.523899
-5.860000 -38.028999 46.146000 7.473717
41.264999 -13.971000 -44.298000 6.920597
18.072001 -28.818001 46.030998 7.619182
-39.830002 -15.759000 -8.421000 7.460705
31.452000 -24.889999 -11.310000 7.581373
13.255000 -30.304001 -20.379999 8.882227
11.800000 -30.921000 -23.323999 8.655295
32.980999 28.058001 24.659000 7.068984
32.575001 -28.670000 -2.249000 7.332241
-24.084000 -32.785000 -38.338001 8.398555
-29.806000 -28.912001 24.641001 8.189002
-15.086000 -29.919001 -32.252998 9.135954
9.282000 33.181000 -32.325001 7.115883
-26.827000 16.034000 -36.945000 7.624404
17.101000 -36.198002 36.723999 7.511915
-5.791000 43.861000 30.726999 6.787406
15.251000 -28.983000 27.656000 8.876023
-33.771000 7.020000 -29.402000 8.003249
-32.842999 -14.046000 -47.115002 7.146579
8.946000 42.515999 3.706000 7.294847
-27.766001 -33.706001 -2.412000 8.671753
-29.475000 33.039001 15.734000 6.398538
-43.425999 9.114000 -35.265999 6.684372
3.180000 -32.827999 12.703000 9.300420
-8.935000 43.359001 12.686000 6.834007
-29.423000 -17.004000 -11.277000 8.599874
-35.599998 22.056999 -8.375000 8.056138
-41.775002 9.993000 45.750999 7.856650
-33.351002 10.000000 15.699000 7.774250
-36.160000 19.577999 -2.235000 8.135558
-35.750999 -26.194000 15.672000 8.121833
-28.224001 20.396000 -11.683000 8.019714
24.186001 19.030001 -36.714001 7.311297
20.695999 -25.323000 33.766998 7.592327
-5.810000 -32.818001 -32.379002 9.017883
41.969002 10.106000 0.520000 7.342775
-32.844002 -26.690001 -17.294001 8.586714
-11.738000 22.073000 -47.188999 6.760005
-14.819000 -13.974000 -36.750000 7.229079
18.142000 4.013000 -36.679001 6.366067
-5.740000 -34.987000 -46.882999 7.252936
39.941002 -2.864000 9.744000 7.367971
23.761000 36.303001 -11.344000 7.480057
-29.465000 -28.965000 -44.366001 7.049932
-28.688000 -33.777000 -41.263000 7.401064
-31.353001 31.052000 -8.326000 7.245770
-20.833000 28.136000 9.740000 7.166493
32.410000 -28.464001 36.797001 7.151701
42.092999 9.954000 -23.393000 7.040426
31.202999 -10.895000 9.747000 7.686436
32.049000 9.725000 36.625000 7.032310
31.728001 29.568001 13.195000 7.635660
-20.698999 -38.243000 0.754000 8.798943
-2.128000 -41.112999 -2.258000 9.034057
-2.732000 34.654999 -8.215000 7.557277
-36.091000 25.288000 -14.391000 7.298658
33.195000 3.978000 3.794000 8.025253
-29.493999 -28.919001 -38.284000 7.703942
-11.247000 32.859001 -29.197001 7.002900
38.702999 19.025999 -11.351000 6.994987
6.145000 -32.577999 -26.377001 8.701601
-20.638000 -37.957001 36.669998 7.989943
-14.579000 41.676998 3.746000 6.618502
-14.751000 41.209999 -23.357000 6.862761
-38.824001 19.236000 -11.405000 7.596035
15.259000 30.886000 18.705999 7.818479
32.444000 -28.341000 42.782001 7.106688
-30.643999 -26.811001 -38.284000 7.677426
13.341000 -30.340000 -32.207001 8.457559
17.037001 -36.272999 6.530000 8.156188
-36.250000 25.320999 3.639000 6.880322
17.131001 -36.242001 30.671000 7.994930
31.712000 11.518000 -23.327000 7.195683
35.457001 24.663000 24.614000 7.329649
3.052000 41.150002 -17.211000 6.789720
3.207000 -16.966999 -36.650002 6.901009
9.139000 -31.605000 12.693000 9.139274
-26.332001 32.166000 -2.187000 7.376500
21.219999 -38.015999 -41.334999 7.774451
33.195000 19.025000 46.078999 6.873390
-3.066000 -43.514000 -38.299000 8.125803
-40.537998 18.052000 -29.197001 7.307869
18.198000 0.969000 -36.664001 6.258034
-35.018002 -23.219000 -14.316000 8.030794
31.197001 -29.983999 21.742001 7.301340
-8.865000 3.727000 -46.803001 6.747396
25.204000 22.914000 -14.345000 6.920827
-22.912001 -37.330002 45.233002 7.265502
-23.646999 37.223000 15.683000 6.459594
6.201000 -32.382000 6.663000 9.419220
19.900000 38.639000 9.840000 7.274770
-26.934999 22.042000 -14.261000 7.671741
-18.813000 29.194000 -32.442001 7.472620
-29.469000 33.105000 27.666000 6.784507
-2.329000 -40.911999 42.759998 7.142589
37.792999 20.763000 9.725000 7.571174
42.814999 6.977000 -38.283001 6.718064
-20.385000 37.484001 24.648001 6.623828
31.733999 29.572001 -8.746000 7.274941
-22.516001 -34.909000 -29.334000 8.814611
12.254000 40.026001 45.868000 6.134552
39.391998 1.233000 45.875999 7.734583
41.841999 -11.022000 0.632000 7.486459
-24.230000 -23.497999 -29.322001 8.679884
-9.180000 -39.366001 -14.335000 9.184749
24.198999 -31.979000 -46.749001 6.927391
-18.181999 -36.326000 15.814000 8.398194
-30.091999 -32.117001 21.778000 8.280887
-4.992000 6.091000 -36.801998 6.856812
31.468000 -24.945999 -23.202999 7.823219
12.141000 42.054001 24.743999 7.141620
-27.921000 32.657001 -32.318001 7.036121
-11.605000 39.751999 45.160000 6.354065
40.091000 -3.081000 -38.275002 7.480629
14.044000 28.761999 -36.806999 7.726131
-3.213000 -43.424999 -5.389000 8.481440
38.540001 19.091000 36.720001 7.118791
-34.562000 1.025000 9.669000 7.604703
-34.282001 -3.363000 3.596000 7.758854
35.800999 -22.552999 27.687000 7.447942
-2.070000 -41.230000 -23.386000 8.822890
-43.452000 -10.234000 24.649000 7.492515
35.459000 24.629999 33.674999 6.984153
15.219000 -8.001000 -46.916000 6.246550
-2.779000 44.084999 18.655001 7.087431
0.537000 40.615002 -26.285999 6.259009
17.125999 -36.251999 24.622999 8.203221
33.730999 -21.389999 21.528999 7.573063
17.084000 -36.368000 -17.302999 8.732135
-44.332001 -1.954000 18.771000 7.046585
-35.277000 22.264000 -46.784000 6.857654
42.272999 -7.900000 33.703999 7.758275
32.063999 -7.675000 36.678001 7.799510
39.921001 2.041000 39.741001 7.442205
22.139999 26.049000 0.833000 7.667685
-34.551998 -1.981000 33.573002 8.762297
-43.467999 9.256000 -23.438000 7.426553
24.229000 4.000000 -36.646999 7.920739
35.155998 -25.166000 21.697001 7.624470
40.682999 14.446000 -26.093000 6.739495
-22.589001 26.761999 9.550000 7.201134
31.485001 -30.240999 -35.313000 7.899879
-36.194000 19.575001 3.654000 7.957321
32.679001 6.962000 30.702000 7.175376
-20.841000 18.950001 -47.217999 6.723598
33.006001 28.048000 6.709000 7.527817
11.972000 41.911999 -38.326000 6.768394
-40.397999 -18.736000 9.961000 7.647629
15.214000 -29.066999 18.657000 8.512637
42.332001 -7.904000 18.622000 7.492914
33.313000 0.900000 9.681000 7.545889
24.023001 -22.834000 -32.320999 7.476697
14.889000 -37.855999 30.709999 7.791636
-39.473000 -11.725000 42.764999 8.142900
-11.790000 -4.995000 -36.780998 7.055421
18.215000 39.444000 -14.209000 7.436531
-23.907000 33.879002 0.654000 7.768440
-31.612000 15.175000 36.750999 8.312246
42.401001 -7.909000 6.725000 7.484416
-35.306000 -25.926001 -46.707001 7.119278
18.122999 7.069000 -36.693001 6.059170
-32.368999 12.987000 15.718000 7.919197
35.723999 -22.594000 36.694000 7.210278
41.250999 5.225000 30.613001 7.526608
-14.929000 41.777000 42.798000 6.555464
33.358002 -20.308001 45.951000 6.950470
31.066999 13.185000 45.275002 7.457625
1.024000 12.275000 -36.801998 6.758717
-22.625999 26.787001 15.744000 7.256763
-20.650000 -37.987999 30.697001 8.175008
18.785999 -37.463001 -46.484001 6.804954
21.437000 37.820000 42.834999 6.716693
-10.499000 42.359001 42.750999 6.706197
0.587000 40.686001 -5.198000 6.967241
-40.784000 18.419001 30.658001 7.747941
-17.839001 -28.365000 9.655000 8.761570
29.742001 -31.601999 0.670000 7.563740
-11.883000 -40.993999 -46.627998 7.418057
-34.283001 5.431000 12.426000 7.609099
-28.586000 -33.563000 44.799999 7.284132
-33.384998 10.084000 24.643999 8.434746
14.454000 -40.419998 45.381001 7.147728
-34.268002 5.300000 6.656000 7.652044
40.022999 16.027000 -11.392000 7.271756
0.532000 40.817001 33.723999 6.916952
-16.733999 39.900002 -11.240000 7.242818
3.584000 -43.428001 -29.341999 8.012904
40.578999 14.197000 33.716999 7.310873
-26.752001 31.215000 -47.015999 6.734871
32.366001 -7.979000 -29.242001 7.379937
-6.429000 -40.889000 15.662000 9.084180
-30.608000 -26.848000 -26.191000 7.973038
13.488000 26.702999 -36.804001 8.201411
32.750999 6.999000 9.764000 8.107072
-11.615000 -41.452000 -26.309999 8.841970
11.007000 32.626999 -32.269001 7.054457
29.739000 16.021999 9.698000 7.585332
6.281000 40.235001 -14.278000 6.546096
15.174000 -28.938999 39.773998 7.838359
3.596000 -43.374001 0.648000 7.970599
9.042000 42.549000 6.634000 7.428793
-31.555000 -13.122000 9.772000 7.746934
-5.776000 -23.062000 -46.945000 6.550009
40.001999 16.014999 -2.318000 7.696939
-34.537998 -1.988000 30.698000 8.389631
12.528000 32.034000 -32.372002 7.433198
-43.486000 9.259000 -20.299000 7.114016
9.212000 42.438999 -29.305000 6.985989
-34.542000 4.084000 33.619999 8.545633
26.712999 -34.279999 -8.325000 8.025548
31.423000 -24.896000 -20.337999 7.850955
40.680000 -15.401000 -26.507000 7.541426
-35.776001 -19.900999 33.723999 8.346914
-11.278000 32.827000 -32.192001 7.026693
-2.791000 43.792999 -38.321999 6.729817
28.730000 32.518002 -21.531000 6.884514
-32.745998 25.690001 -5.304000 8.080104
0.182000 34.775002 3.691000 7.572162
42.087002 6.983000 -46.629002 6.988102
-17.670000 37.007000 9.680000 7.211834
27.261000 33.768002 9.756000 7.786327
-26.521999 -32.701000 24.700001 8.757987
-41.839001 -2.232000 -46.990002 7.024117
0.187000 34.688000 -14.346000 7.448864
-28.089001 20.250999 -35.397999 7.540042
-29.823000 -28.964001 27.709000 8.217029
31.355000 -24.405001 21.639000 7.326131
21.458000 37.790001 24.674999 7.353525
-29.520000 -28.868000 -35.250999 7.827713
-17.822001 -28.386000 3.693000 8.720941
-40.125999 -15.582000 39.759998 7.471470
39.804001 3.705000 -8.302000 7.319749
-8.828000 22.048000 -36.894001 6.435212
42.095001 9.980000 -26.247000 6.840046
27.135000 -17.024000 -46.812000 7.026426
-6.321000 -41.025002 -5.366000 9.411285
5.594000 -43.348999 -23.399000 8.491764
-17.746000 36.983002 18.709999 7.549583
36.014999 -22.584000 -20.341999 7.977787
28.820999 17.670000 39.922001 7.404113
-11.800000 -41.085999 39.722000 7.602261
-34.240002 -2.903000 -17.471001 8.555526
-38.542000 -14.056000 -26.309999 7.950017
31.280001 -11.322000 -26.341999 7.941982
-44.064999 7.034000 6.649000 7.108404
-35.935001 19.398001 -44.323002 7.401286
-29.930000 -32.081001 -29.440001 8.082595
9.081000 42.681999 24.759001 7.324990
-23.785000 -28.966999 46.035000 8.029116
-26.455000 32.167000 -14.353000 7.237037
-35.808998 -19.889999 -17.336000 8.299881
-28.378000 -18.632999 -8.203000 8.673862
-40.438000 -4.632000 -46.396999 7.131888
-13.543000 -30.614000 -35.117001 8.529912
17.099001 29.785000 -11.392000 8.200995
9.305000 33.348000 15.677000 7.796511
6.960000 18.403000 -36.800999 6.707185
5.527000 -43.236000 3.649000 7.569225
-29.791000 -10.995000 -36.827000 7.774290
39.848999 -2.897000 12.814000 7.455769
-24.775000 32.244999 -20.271000 7.287766
33.070000 28.004000 -26.257000 6.875512
-14.797000 31.562000 -11.309000 7.507357
26.424000 -19.488001 21.687000 8.380640
-33.699001 7.030000 -35.419998 7.279230
33.355999 -2.065000 -23.209999 7.406437
-6.304000 -40.874001 -29.415001 8.911771
-13.527000 -30.555000 -2.282000 9.719897
-44.320000 4.015000 -20.289000 7.557856
-43.770000 -8.441000 39.639000 7.249134
31.318001 -24.974001 24.673000 7.132807
24.124001 -35.779999 -14.427000 8.183956
15.204000 10.035000 -36.722000 6.084323
39.869999 -2.875000 15.736000 7.435024
6.969000 -39.306999 36.716000 8.109016
-43.112999 10.782000 -23.346001 7.263876
3.554000 -43.394001 -20.400000 8.052043
-14.121000 -2.892000 -36.801998 7.175195
-32.335999 -11.012000 -14.240000 8.541580
18.882999 -26.872999 12.621000 8.805550
3.222000 -33.039001 -29.308001 8.123147
24.230000 19.028999 -46.999001 6.846292
24.191000 -34.994999 -46.557999 6.931700
-11.753000 -31.094999 39.738998 9.090455
33.570999 -21.476999 -14.352000 8.198730
-5.282000 -43.444000 -41.194000 7.775233
12.114000 42.008999 6.683000 7.320301
-16.948000 -36.666000 42.580002 7.314874
-29.971001 -32.111000 -20.318001 8.233942
-38.855999 -19.365999 -5.271000 7.848362
-11.802000 -23.034000 -36.689999 7.436754
27.898001 19.223000 24.663000 6.878656
28.212999 -33.071999 -8.295000 8.015978
3.132000 3.653000 -46.636002 6.451241
-26.257000 -32.831001 -14.328000 8.952637
26.577000 -19.513000 0.697000 8.409831
28.711000 32.518002 -39.095001 6.680175
32.116001 10.012000 -8.252000 7.600448
-44.106998 6.982000 12.665000 7.081555
-20.724001 37.624001 -41.354000 7.170103
17.146000 29.750999 -14.277000 7.973655
18.663000 28.805000 12.628000 7.481148
18.216999 -14.058000 -36.590000 6.756264
-5.349000 -43.352001 9.526000 8.360839
27.146999 33.834999 -17.247000 7.067431
41.132000 12.761000 12.610000 7.401064
25.348000 35.250000 9.740000 7.162259
21.375000 37.752998 -17.351000 7.021099
18.954000 -26.945000 -2.321000 8.760744
-33.220001 10.063000 -2.310000 7.907558
21.327999 37.804001 -5.280000 7.318130
-40.740002 -5.018000 24.684000 7.508646
23.923000 36.262001 39.722000 6.815052
-5.804000 43.799000 18.691999 6.886873
-27.305000 -20.106001 15.641000 8.881435
-18.273001 -36.248001 36.705002 7.970243
-2.855000 -10.985000 -46.991001 6.697285
30.214001 25.066000 -46.993000 6.699018
-34.272999 -3.333000 0.687000 7.921575
9.232000 -39.251999 -26.231001 8.480011
15.230000 -37.791000 -14.312000 8.459956
-38.852001 -14.107000 21.671000 7.470684
-22.260000 -34.604000 -38.368999 8.525227
-43.353001 -9.708000 -32.240002 7.583089
25.193001 22.929001 -29.311001 7.034633
-8.884000 43.353001 9.609000 6.929272
32.117001 9.942000 -2.382000 7.794011
-22.667000 -35.004002 12.706000 8.524619
41.167000 12.803000 -2.232000 7.460342
-12.806000 -0.681000 -36.806000 7.061634
-32.772999 25.500000 -41.320000 7.013563
-26.794001 -16.993999 -36.783001 7.899565
-33.470001 -7.999000 33.680000 8.715455
-43.335999 -9.672000 -38.092999 6.943408
-28.447001 20.740999 42.771000 8.769209
40.089001 -3.007000 -26.294001 7.643868
40.101002 1.816000 -44.425999 7.189043
-26.417000 32.131001 -20.288000 7.179094
41.556000 4.931000 -32.223000 7.420973
18.698000 28.823999 36.694000 7.154392
2.110000 14.164000 -36.806000 6.824528
2.455000 -41.243999 -44.286999 7.078342
-27.221001 -20.200001 6.689000 8.456773
-8.792000 33.743000 -2.221000 7.543287
-29.031000 32.805000 -46.623001 6.893512
31.421000 -24.413000 12.871000 7.298027
-24.084000 -32.625999 39.766998 7.834248
14.959000 -37.907001 21.723000 8.232615
15.207000 -29.330000 -17.375000 9.166427
27.896999 19.292000 -2.350000 7.094167
41.902000 6.969000 45.588001 7.379074
-10.257000 40.624001 -29.386000 7.130020
-22.743000 -24.872999 18.669001 8.938684
-27.721001 32.747002 30.684999 6.821819
-17.636000 30.222000 6.719000 6.671758
-29.297001 18.995001 6.692000 7.339914
15.090000 -29.103001 -35.599998 7.265683
-33.379002 -8.005000 9.590000 7.649131
3.259000 -4.814000 -46.868999 6.613319
-32.820000 -26.605000 -5.298000 8.403347
31.146999 12.941000 -8.267000 7.700725
-29.309999 19.124001 18.618000 7.765234
-44.230999 6.995000 36.595001 7.801852
-10.416000 -39.386002 30.740000 8.395640
-34.323002 -3.653000 21.934000 8.188117
20.959999 -37.761002 30.771999 7.606609
-28.409000 -18.610001 1.051000 8.224505
-25.722000 -21.964001 -14.332000 8.581915
-29.896999 25.198999 -47.155998 7.047459
18.990999 -27.016001 -14.332000 9.632042
-26.237000 32.275002 30.726999 7.197593
-38.803001 19.358000 9.736000 7.694101
21.256001 30.982000 45.963001 6.528706
-34.412998 1.048000 -20.334999 8.537122
40.674999 14.444000 -23.483000 7.085469
-33.313999 10.069000 12.693000 7.691316
20.903999 -37.695000 42.749001 7.017842
-11.616000 -41.111000 9.680000 8.526644
-20.698999 37.636002 -29.346001 7.111857
-44.637001 4.024000 42.625000 8.012781
12.099000 -34.938000 -46.796001 7.121881
-0.657000 42.889000 -11.349000 7.553522
-42.106998 -3.094000 -2.286000 7.798367
-3.290000 -43.429001 0.573000 8.693699
24.208000 -35.833000 -29.379000 7.882611
-14.783000 36.993000 -47.265999 6.877263
20.990999 -37.676998 36.687000 7.119540
9.002000 42.678001 27.615000 7.257667
9.174000 -39.021999 30.738001 8.426459
32.688000 7.091000 21.714001 7.557979
19.872000 38.640999 3.513000 7.292037
33.071999 4.072000 30.643999 7.326773
30.188000 31.143999 9.682000 7.447154
-2.834000 -32.959999 15.639000 9.695644
32.945999 -25.816999 -23.379000 7.525287
3.409000 42.955002 -14.252000 7.287269
-41.446999 15.944000 45.306000 8.077081
10.637000 -39.556999 -5.598000 8.942993
21.122999 27.912001 45.597000 6.826125
42.507000 0.927000 -26.312000 7.578875
-22.620001 -34.890999 0.664000 8.314124
21.172001 -37.812000 0.630000 7.610317
3.041000 42.933998 45.230999 6.311138
-26.296000 -32.808998 -8.334000 8.535533
-30.770000 16.437000 6.670000 7.428103
-29.545000 -17.000000 42.752998 8.927729
-21.861000 38.685001 44.870998 6.466030
38.733002 19.037001 -26.214001 6.868731
-35.041000 -23.099001 3.748000 7.641346
-32.761002 25.757000 9.611000 7.559731
12.687000 32.126999 18.577000 7.668695
-31.429001 31.131001 18.645000 6.718568
29.681000 16.028999 33.662998 7.447889
-34.444000 0.943000 -14.271000 8.482895
-18.037001 -36.453999 -32.362999 8.123943
29.761000 16.073000 -11.246000 7.216324
-0.568000 42.798000 -38.332001 6.766228
26.767000 -34.314999 -17.351000 8.288842
39.898998 -16.948000 -5.256000 7.475371
-31.541000 15.043000 18.721001 7.657959
-27.290001 -20.084999 -8.257000 8.711924
-44.320000 -1.986000 12.689000 7.188139
31.738001 29.561001 -44.330002 6.445331
-8.863000 -32.182999 -32.319000 8.911400
6.298000 -40.699001 -5.282000 8.550251
18.323999 7.039000 -46.973000 6.098906
-34.049999 7.157000 21.794001 7.772827
8.872000 -39.534000 -35.219002 8.818198
-43.583000 -8.688000 -11.257000 7.517801
31.653999 11.352000 12.638000 8.020102
22.120001 26.049000 -23.374001 6.882091
29.683001 -13.963000 39.645000 7.772302
0.160000 -32.993000 21.634001 9.571550
-27.865000 32.709999 -5.198000 6.898610
-32.415001 -10.947000 3.636000 7.850556
21.209000 -7.961000 -36.605000 6.725101
-40.354000 -18.663000 -20.311001 8.080091
34.452999 26.181999 0.681000 7.485094
15.223000 40.896999 30.723000 7.428367
29.021999 -16.004999 -17.323000 8.109920
3.587000 -43.395000 -11.296000 8.556124
18.176001 39.584000 42.668999 6.819905
-23.837999 -19.917000 -47.046001 7.178545
-21.834000 38.669998 36.598000 6.668999
-30.941999 26.105000 -44.355000 7.419559
-3.144000 -43.486000 -23.266001 8.243340
6.175000 12.996000 -47.061001 6.581286
22.158001 26.007999 -29.221001 7.174904
-20.875999 -26.333000 27.697001 9.355721
-32.764000 25.635000 -17.270000 7.624099
-42.073002 -3.005000 24.653000 7.484418
5.684000 -43.373001 -38.240002 7.966909
-38.891998 -19.297001 12.648000 7.601580
18.186001 22.097000 -47.043999 6.981271
28.865999 17.792999 -23.438999 6.926315
-32.687000 -26.289000 36.693001 7.772898
-11.840000 18.978001 -36.894001 6.833989
3.176000 7.031000 -47.047001 6.467967
-2.725000 6.963000 -47.075001 6.817959
2.257000 -41.291000 42.687000 6.818938
-2.850000 -31.893000 -46.886002 7.018219
-24.108000 -32.759998 -32.276001 8.833160
-31.157000 26.405001 6.723000 8.050816
41.145000 12.813000 3.645000 7.600131
-10.291000 41.474998 -14.798000 7.345451
-8.786000 -32.186001 -26.295000 9.183423
-29.374001 33.002998 0.594000 6.859647
6.465000 -40.688000 -20.309000 8.841649
24.177999 13.017000 -36.688999 7.569477
-44.771000 1.083000 39.700001 7.496786
41.014999 -13.447000 24.631001 7.229592
26.851000 -34.373001 -32.276001 8.025850
-33.261002 10.053000 3.702000 7.998444
-38.930000 19.195999 -20.350000 7.423106
-38.964001 19.035999 -41.312000 6.845905
-2.844000 34.678001 -2.275000 7.486156
-42.601002 12.923000 -11.288000 7.371231
6.295000 33.945999 -29.291000 7.271761
-2.766000 -37.999001 -46.851002 7.206704
-23.846001 -13.950000 -47.075001 7.083795
-10.277000 41.161999 -20.497999 7.025856
-20.854000 27.700001 -35.334000 7.359733
40.451000 -14.741000 42.694000 7.001666
-17.598000 30.289000 12.738000 6.837044
33.264000 4.039000 -14.231000 7.738709
-35.742001 -26.165001 -2.351000 8.283336
-40.900002 -17.047001 18.733999 7.507625
-14.925000 -29.855000 27.778000 9.531891
0.194000 -40.014000 27.781000 8.483552
27.885000 19.212999 42.692001 7.164581
30.202000 -22.992001 -46.761002 6.656112
-29.424999 -17.021999 -5.330000 8.543976
30.270000 -16.979000 -46.796001 6.917641
40.652000 -15.319000 -17.260000 7.480299
-3.486000 -43.155998 45.272999 6.792698
-43.658001 -8.562000 12.648000 7.213251
-30.785000 16.541000 15.642000 7.382274
33.452999 -2.001000 45.578999 7.899939
3.303000 -32.893002 -2.263000 9.609439
13.307000 -30.320000 -26.313000 8.622506
20.679001 27.319000 30.618000 7.173473
41.374001 -6.101000 42.694000 7.161878
-34.257000 -3.127000 -8.386000 8.194247
14.798000 -40.834999 -29.367001 7.718707
-17.757000 30.289000 24.746000 7.067069
-43.306999 11.558000 44.324001 7.655013
40.575001 -15.100000 6.650000 7.199522
30.165001 4.044000 -36.612999 7.564903
-30.677999 27.930000 39.750999 7.741820
-33.867001 6.993000 -14.317000 8.161469
39.741001 3.895000 21.730000 7.329479
42.450001 0.932000 -38.272999 7.332945
14.712000 -40.695000 0.801000 7.914246
-9.065000 42.791000 -41.325001 6.661246
25.208000 22.903999 -5.253000 7.244047
-41.823002 -10.734000 45.425999 8.234275
-28.402000 20.684999 33.751999 8.252192
15.224000 21.969000 -36.776001 6.522849
-30.846001 -14.565000 6.766000 8.034571
29.822001 16.030001 -32.296001 7.081292
-43.763000 7.037000 -44.339001 6.823135
31.742001 29.547001 24.614000 7.122653
20.691999 27.285999 9.682000 7.386572
-32.757000 -26.695999 -23.285000 8.117183
-2.699000 -16.861000 -46.960999 6.605504
12.761000 -30.100000 42.672001 8.108840
-43.527000 9.471000 -5.368000 7.508520
15.116000 39.925999 -46.862999 6.464144
12.328000 -37.921001 -46.777000 6.965155
18.249001 39.535999 33.647999 7.228250
31.135000 -11.025000 12.792000 7.592755
28.725000 32.541000 39.417000 6.889462
-30.868999 31.115000 -26.309000 6.918578
-22.782000 -37.441002 -17.261000 9.021352
-40.354000 -18.610001 -29.230000 7.572928
-38.909000 19.208000 -17.295000 7.596944
22.422001 -24.208000 -8.209000 9.183105
-15.078000 -1.763000 -36.812000 7.061560
-11.590000 32.980000 6.714000 7.181934
11.797000 -30.931000 -35.297001 8.214210
31.629999 11.255000 30.492001 7.213470
26.416000 21.371000 21.708000 6.904397
32.140999 -8.029000 6.730000 8.143312
-23.885000 -13.991000 -36.791000 8.037243
39.776001 3.895000 15.729000 7.265066
-43.423000 9.215000 -32.247002 6.803364
33.096001 -2.048000 27.669001 7.428679
6.254000 34.029999 -11.247000 7.466967
-33.419998 -8.017000 21.714001 8.107967
-30.688000 -26.766001 -11.297000 8.365861
-17.319000 30.125000 -29.370001 7.505217
31.797001 -9.713000 -17.388000 8.309417
-5.821000 -32.695000 0.717000 9.219305
-43.646999 -8.578000 9.816000 7.262204
39.889000 3.635000 -29.257999 6.919649
41.117001 12.747000 18.573999 7.355410
38.452000 -19.927999 0.698000 7.432932
9.248000 33.466999 42.761002 7.346714
-11.561000 -41.452000 -32.345001 8.238219
-27.266001 -20.106001 -14.354000 8.408235
26.847000 -34.397999 -35.268002 7.844748
30.020000 -14.042000 -14.244000 8.047987
12.668000 32.083000 0.704000 7.859392
-8.851000 -7.958000 -36.751999 7.171833
23.816999 36.320000 21.694000 7.433541
-27.141001 22.087000 12.749000 7.267711
20.649000 27.285999 -20.297001 6.877525
31.695999 -9.445000 12.833000 8.335512
-26.787001 -4.924000 -36.848999 7.735758
9.191000 -31.608000 -35.583000 8.258492
-2.717000 -33.136002 -23.393000 9.014425
30.295000 31.040001 24.761000 7.186501
-23.906000 25.216000 -26.295000 7.174382
-34.105999 -5.508000 42.696999 9.005696
-2.783000 13.093000 -36.824001 6.802186
36.993999 22.334000 -26.224001 6.625225
-17.742001 -28.395000 24.705999 9.229584
38.681999 18.990999 3.678000 7.507837
-41.723000 1.010000 -47.223999 6.622331
-2.890000 34.596001 -17.372999 7.309637
33.646999 -21.412001 9.691000 7.060224
-19.075001 29.400000 12.760000 7.156882
31.112000 13.051000 -11.292000 7.508364
-14.607000 41.228001 6.668000 6.702732
32.803001 7.032000 -5.271000 7.877154
-14.882000 -29.861000 33.640999 9.236323
-10.231000 40.502998 -35.278999 6.926080
27.177000 -4.922000 -36.588001 7.737050
24.138000 -35.818001 -26.351000 8.314629
-40.660000 -4.928000 6.637000 7.334974
-32.721001 25.555000 -29.292000 7.419785
-26.684000 0.828000 -47.005001 7.034588
-36.019001 25.237000 -38.269001 6.679183
-2.805000 34.791000 18.674999 7.463880
23.975000 -22.754000 -17.305000 8.644211
-40.452000 -4.769000 -44.290001 7.205429
26.622999 -34.198002 9.616000 7.532232
38.699001 19.018000 -8.279000 6.995426
28.121000 -32.960999 12.694000 7.521194
-27.989000 -33.646000 21.773001 8.375491
-10.477000 42.330002 36.685001 6.703033
26.482000 -34.118000 30.670000 7.732449
-29.799000 12.969000 -36.939999 7.786529
26.521000 -34.118000 27.608000 7.623616
-30.660999 -26.798000 6.714000 7.953568
-22.750000 -35.043999 45.153999 7.504569
-5.319000 -43.419998 -17.287001 8.457675
20.957001 -25.440001 -5.353000 8.658874
12.778000 32.145000 36.710999 7.311176
26.708000 -34.334999 -14.253000 8.249326
-34.623001 0.984000 21.603001 7.607377
7.864000 41.195999 -41.327000 6.504213
-34.266998 -22.264999 -5.234000 8.224295
31.434999 -30.150999 -20.179001 7.853028
39.838001 -2.732000 36.640999 7.150833
35.819000 -22.546000 24.635000 7.504815
-20.676001 -38.022999 27.628000 8.436419
-2.804000 28.014999 -36.890999 6.802396
27.941999 19.184000 12.627000 7.465323
7.815000 41.285999 -29.309000 6.796747
3.413000 42.941002 -20.268999 6.930165
16.511999 -36.396000 -8.308000 8.801362
-30.042999 -32.178001 12.749000 8.242709
12.828000 -30.108000 45.179001 7.843862
33.172001 -5.075000 45.618000 8.124002
21.525000 -35.032001 -26.344000 8.129651
21.478001 37.765999 18.754999 7.317800
35.736000 -22.607000 45.209000 7.240983
3.293000 -22.938000 -46.902000 6.764026
-43.353001 -9.815000 -26.127001 7.867535
33.234001 -2.051000 0.625000 8.345209
-35.946999 19.434999 -38.341999 7.353908
18.018999 39.214001 -46.619999 6.433872
-36.047001 19.448999 -29.229000 7.798472
-39.046001 19.091999 -32.292999 7.185627
7.758000 41.436001 -11.308000 7.315952
-20.794001 -26.395000 24.618999 9.228508
11.927000 -41.070000 24.679001 7.902252
39.848999 -4.757000 -32.293999 7.439736
13.528000 41.453999 -8.757000 7.578018
37.844002 20.819000 -26.243000 6.708180
20.993000 -25.430000 -35.403999 7.422278
-22.514000 -35.000999 -32.230000 9.173184
17.077999 -36.301998 0.848000 8.636646
39.962002 2.003000 24.690001 7.509777
-14.915000 -29.841000 36.639000 9.091518
29.924000 30.802999 -46.626999 6.660683
3.375000 42.924000 -2.372000 7.592171
-2.067000 -41.180000 -20.384001 8.945214
9.244000 -7.974000 -36.665001 6.496014
-26.740000 22.113001 -29.299000 7.069405
32.939999 -25.726000 45.386002 7.137764
-40.805000 -17.127001 -11.296000 8.097493
-25.731001 -21.962000 -2.286000 8.451661
-5.829000 43.540001 -29.323999 6.588384
14.790000 -40.827000 -26.278000 7.947394
12.224000 -28.944000 -46.827000 6.714697
-43.594002 9.875000 21.738001 7.513072
-35.679001 -20.002001 -35.321999 7.666296
30.191999 31.142000 12.637000 7.446313
-38.896999 -19.316000 6.698000 7.739481
24.264000 -20.100000 -46.811001 6.479773
31.157000 12.978000 -17.291000 7.181365
-34.530998 4.037000 30.691000 8.323206
-31.305000 31.090000 -22.983999 6.959734
31.737000 29.573000 -29.041000 6.854230
-14.807000 28.096001 -47.230000 6.667305
-20.825001 28.322001 30.691000 7.230159
-23.872999 33.875000 -5.294000 7.925105
-34.183998 4.408000 -26.386999 8.283574
-29.215000 32.894001 -32.227001 7.014948
27.978001 19.350000 45.299000 7.286633
30.278999 31.052999 15.687000 7.442805
-20.857000 -26.357000 15.676000 8.902346
-5.797000 43.784000 15.714000 7.000416
-43.724998 -8.507000 27.608999 7.389695
23.695000 24.547001 30.687000 7.206016
29.610001 -31.340000 39.724998 7.307234
25.316999 35.216999 -29.295000 7.000136
-28.665001 -33.685001 9.598000 7.943587
33.076000 -1.935000 33.761002 7.615996
18.493000 -37.659000 42.712002 6.967007
-9.141000 -39.301998 9.685000 8.552296
-31.499001 -12.911000 -35.134998 8.255773
-34.353001 -1.407000 -20.364000 8.308057
26.878000 -34.438999 -44.341000 7.362833
39.702999 3.850000 24.750999 7.475468
33.661999 -21.393000 15.855000 7.106849
39.674000 3.976000 39.714001 7.408897
37.765999 20.656000 39.376999 6.950861
27.209999 4.055000 -46.914001 6.615197
-29.815001 4.031000 -36.903999 8.334146
-11.586000 -41.356998 -17.274000 8.830115
-23.961000 34.029999 12.748000 7.784098
-14.621000 41.226002 -5.273000 7.072574
11.969000 -41.137001 -44.285999 6.836842
6.212000 15.987000 -47.075001 6.575390
37.808998 20.746000 6.876000 7.474576
-8.832000 33.750999 0.677000 7.096334
24.273001 -35.632999 9.709000 7.663737
-34.516998 3.990000 27.649000 7.977996
-2.748000 25.007000 -47.160000 6.760834
-14.930000 -29.889999 12.603000 9.217381
-27.240000 -20.160000 -2.227000 8.589271
-33.521000 10.037000 42.716999 8.349936
-33.914001 7.031000 -5.252000 8.200517
9.261000 -31.823000 -29.416000 8.476142
-43.568001 -8.654000 -14.366000 7.263674
38.473000 -19.747000 -46.438999 7.301847
41.812000 -10.923000 9.640000 7.425819
23.733000 -22.635000 21.674000 8.562525
15.123000 -37.775002 0.699000 8.606215
-24.252001 -23.487000 33.678001 9.229234
12.061000 42.000000 45.119999 6.407015
26.457001 21.377001 -29.264999 6.991557
32.790001 -4.970000 12.598000 7.798161
-34.391998 -1.633000 -8.250000 8.374939
41.676998 -10.808000 -46.526001 7.479223
39.855000 3.697000 -14.345000 7.545776
-43.501999 9.429000 -11.203000 7.298612
-20.622999 37.611000 -2.274000 7.030433
-35.740002 -26.114000 -17.377001 8.003794
41.300999 5.183000 21.660999 7.328566
-22.757999 -24.868000 0.733000 9.046250
-14.700000 33.884998 45.716999 6.412089
-8.740000 -39.643002 -38.341999 8.284475
-0.775000 42.819000 33.632999 7.099752
28.802999 17.700001 42.834999 7.281039
-29.825001 24.993999 45.743000 8.405769
-36.117001 25.391001 6.646000 6.867537
3.032000 40.117001 -47.077000 6.592579
-34.323002 2.895000 -26.076000 8.032320
-20.618999 37.625999 3.722000 6.842497
13.565000 41.459999 -2.344000 7.583989
33.535000 1.018000 45.528000 7.929851
3.154000 -32.769001 24.792999 9.463013
29.908001 -14.011000 3.608000 7.540384
30.212000 31.114000 33.613998 7.094726
-17.837999 30.389999 42.728001 7.906613
41.331001 -6.103000 15.771000 7.343139
-16.771999 39.840000 -2.303000 7.197854
40.040001 1.903000 -8.234000 7.496849
-30.763000 31.096001 -44.318001 7.246899
-24.042999 -32.640999 42.679001 7.978207
28.992001 -16.021000 -14.363000 8.562897
-11.830000 -31.077000 36.708000 9.151616
18.243000 -32.018002 46.251999 7.099982
-40.542999 -4.910000 -20.308001 7.831861
3.416000 42.839001 -23.306999 7.032741
-33.493000 -7.963000 36.660999 8.579651
-38.623001 -14.100000 -11.277000 7.885952
-41.508999 16.048000 -14.340000 7.754055
9.147000 -39.247002 -20.231001 8.646152
42.384998 -1.854000 6.746000 7.599560
-31.316999 26.544001 39.693001 7.928256
-32.775002 -26.532000 3.721000 7.853284
-30.422001 27.962999 -17.270000 8.013739
-28.726999 -33.726002 -23.313999 8.275268
42.369999 1.093000 27.646999 7.655790
23.875000 36.292000 30.723000 7.269243
25.233000 22.965000 45.126999 7.109156
22.353001 -24.136000 6.634000 8.736538
-29.855000 -28.959999 36.716000 8.141880
17.351000 -27.846001 18.791000 8.087773
18.283001 3.743000 -46.602001 6.258899
21.403999 37.693001 -35.326000 6.639376
-30.757000 16.372000 0.687000 7.449827
39.963001 2.026000 42.748001 7.581934
-24.240000 -23.504999 39.716000 8.935899
32.959000 -25.743999 36.702000 7.112483
0.270000 -33.118999 -5.200000 9.536708
-41.706001 12.937000 -46.915001 7.104226
13.639000 41.495998 19.282000 7.145071
-41.719002 -8.102000 -46.819000 6.998995
32.928001 -25.816999 -17.370001 7.508287
-29.782000 -10.875000 -47.117001 7.276833
24.139000 -35.791000 -17.281000 8.336814
-34.606998 1.064000 18.580000 7.633188
-2.157000 -41.185001 -5.266000 8.945076
-30.872999 31.098000 -20.191000 6.699470
-29.819000 -28.938999 30.662001 8.374467
-11.578000 39.936001 42.731998 6.456906
15.110000 40.731998 -41.318001 6.614214
-39.049000 -19.461000 -32.313000 7.701626
-28.378000 -18.625999 -11.309000 8.492403
-42.129002 -11.273000 -41.256001 7.422314
18.176001 39.431999 -26.246000 7.060708
-32.544998 15.910000 45.549999 8.560289
-0.737000 42.859001 18.664000 7.687145
-2.806000 -34.953999 46.161999 7.652953
42.396999 -1.817000 9.672000 7.551278
29.664000 16.118000 21.728001 7.182060
34.514999 26.156000 -38.477001 6.660502
15.441000 -37.771999 -41.291000 7.492703
-28.708000 -33.751999 -26.344000 8.395811
-3.132000 -43.548000 -32.268002 8.314040
-17.804001 -36.741001 -5.302000 8.893643
31.427999 -30.131001 -17.308001 8.231936
0.318000 -40.215000 -14.278000 9.072424
-31.681000 -10.388000 -36.827999 7.972720
-7.392000 -39.507999 27.483999 8.533524
16.393000 -36.365002 3.934000 8.459507
21.301001 -34.787998 33.692001 7.726888
-11.591000 -41.327999 -14.322000 9.124856
-44.759998 0.990000 36.696999 7.410616
0.254000 10.023000 -47.075001 6.525077
-29.495001 -17.024000 30.775999 8.849500
-36.073002 19.542000 -11.330000 7.945994
31.370001 -24.388000 27.636000 7.333070
9.356000 -39.303001 -44.305000 7.144351
-30.639999 16.198000 -26.294001 7.846486
-34.368000 3.372000 -11.362000 8.297959
-20.839001 28.082001 3.771000 7.198723
24.155001 -35.873001 -32.303001 7.937716
12.738000 32.089001 12.655000 7.955366
31.795000 -9.772000 -20.312000 7.763892
-41.450001 15.989000 -26.357000 7.475799
-20.781000 -26.445999 -14.291000 9.390242
28.849001 17.766001 -5.407000 7.153063
-35.681999 22.046000 18.605000 7.894759
20.646000 27.268000 -32.368999 7.589883
32.340000 -7.954000 -23.226000 8.131921
-29.125000 32.898998 -35.271999 7.356223
-35.576000 22.091999 -26.289000 7.867717
-40.061001 -15.624000 27.631001 7.328429
-26.443001 32.132000 -23.226999 7.332154
24.275000 -35.409000 42.744999 7.119011
40.030998 16.048000 -17.320999 7.162925
-5.778000 43.659000 -8.295000 7.302598
-20.652000 -38.127998 12.691000 8.553098
-14.732000 6.957000 -47.132999 6.729259
27.907000 19.325001 -23.263000 6.781994
-17.715000 -36.813000 -20.277000 8.431107
42.428001 -7.855000 -2.234000 7.456601
-32.849998 -26.429001 24.695999 8.125839
-2.836000 -32.945999 45.278000 7.833213
0.201000 -11.015000 -46.976002 6.478335
-22.656000 26.785999 18.579000 7.544783
36.339001 21.923000 45.623001 6.934279
-8.796000 33.964001 33.764000 7.227636
-32.185001 13.040000 -8.272000 8.016002
6.229000 -32.181999 42.744999 8.150862
37.870998 20.818001 -41.308998 6.617270
2.022000 40.967999 -38.465000 6.512366
-2.732000 -32.902000 30.775999 9.576340
40.995998 -13.378000 30.646999 7.383644
-43.411999 -8.826000 -46.347000 7.041280
21.541000 -34.969002 -29.363001 8.171103
34.431000 26.136000 33.605000 7.016417
15.200000 30.945999 30.733999 7.731291
-22.389999 38.542000 37.056000 6.934630
40.112000 -3.089000 -41.188000 7.251804
15.320000 40.750999 -8.298000 7.773763
-27.254000 -20.194000 30.665001 9.090577
-43.630001 9.937000 30.825001 7.442377
-38.834000 13.032000 -47.269001 6.870613
-10.402000 42.146000 15.530000 6.932697
-11.576000 -41.215000 -2.293000 8.968307
26.563999 -19.597000 -5.306000 8.672863
9.198000 -31.789000 -20.329000 9.233088
-17.822001 -28.440001 -29.351000 8.785668
34.032001 -22.041000 -14.355000 8.044756
-34.153999 -22.379999 -38.326000 7.076460
32.702000 6.952000 24.646000 7.471204
21.145000 -34.721001 45.470001 6.916310
-15.524000 -38.081001 -32.279999 8.885879
6.282000 -40.702999 -2.267000 9.040357
-31.481001 14.894000 0.736000 7.645255
-5.854000 37.000000 -47.228001 7.106768
-34.049000 7.063000 18.761999 7.680117
35.293999 -25.174999 3.675000 7.328239
10.991000 32.605000 -35.345001 7.249363
42.493000 -7.782000 -23.343000 7.695937
26.539000 -34.237000 12.669000 7.260215
15.252000 40.896999 36.709999 7.128363
-9.041000 43.219002 -2.318000 6.795964
-17.797001 -20.013000 -47.016998 7.036648
-20.775999 22.080000 -47.231998 6.872215
-42.157001 -11.294000 -23.360001 7.572602
-42.143002 -11.300000 0.672000 7.177249
-17.440001 -36.688000 24.638000 8.678643
-20.745001 28.124001 0.654000 7.254055
2.442000 -41.313000 -32.314999 8.526755
6.209000 34.027000 -14.308000 7.394519
42.140999 0.821000 45.487000 7.500056
32.886002 7.054000 -29.281000 7.003839
-5.363000 -43.368999 0.691000 8.877726
-17.598000 36.903000 -20.228001 7.489469
20.855000 -25.368999 12.643000 8.342662
-20.441999 37.491001 9.746000 6.826632
-19.289000 -27.479000 10.451000 8.971758
-6.489000 -40.880001 39.713001 7.708314
32.630001 7.060000 39.689999 7.364216
-35.764999 -13.937000 -47.124001 6.755043
25.288000 35.226002 -35.466000 6.806606
-40.945000 -17.025000 33.675999 7.685137
-25.611000 23.868000 9.727000 7.192615
-43.955002 6.988000 -14.229000 7.827734
-22.906000 -37.449001 21.698000 8.709860
33.116001 -1.981000 24.702000 7.294197
-21.851000 38.688999 42.618999 6.486317
-15.101000 -29.896000 -23.351000 9.099092
38.377998 -19.818001 18.612000 7.552430
-5.835000 34.041000 -47.215000 6.749967
31.275999 -24.947001 30.868000 7.216790
-16.900000 40.090000 30.658001 6.788150
9.195000 -39.254002 -23.308001 8.697007
-15.778000 -38.047001 42.708000 7.389603
-43.630001 9.998000 33.695000 7.877120
-22.513000 -34.881001 -38.299000 8.247635
22.165001 -24.037001 36.737000 7.688459
29.798000 -14.017000 18.791000 7.440997
-17.799000 -28.368000 21.719000 9.595454
-20.785999 28.247000 18.674000 7.264857
18.108999 -32.011002 -46.779999 6.876257
-5.769000 9.943000 -47.104000 6.791143
13.134000 -30.214001 0.816000 8.826611
-32.738998 25.218000 45.368000 8.151805
30.153000 -13.976000 -29.341000 8.222232
40.699001 14.485000 -37.633999 6.454056
3.222000 1.104000 -36.738998 6.423424
12.220000 -1.986000 -36.679001 6.734959
-6.411000 -40.935001 12.619000 9.071082
-20.785000 -4.900000 -36.823002 7.683069
4.932000 17.344999 -36.806999 6.864321
18.920000 -26.919001 3.759000 8.678569
13.689000 41.511002 32.787998 7.107224
-43.724998 -8.445000 30.697001 7.353531
3.118000 34.528000 -8.265000 7.541611
3.637000 -43.466999 -44.305000 7.046051
-28.719000 -33.748001 -32.250999 8.257123
42.544998 -2.004000 -38.308998 7.379111
-40.436001 -18.789000 39.674000 7.387914
-29.823000 16.042999 -47.243999 7.198118
33.216000 4.017000 -2.350000 8.024611
39.944000 15.961000 24.709000 7.269838
3.261000 -32.726002 30.732000 8.889704
27.989000 -17.443001 3.696000 8.208355
33.160999 -1.997000 15.698000 7.742487
32.653999 7.039000 33.715000 7.088225
7.205000 -39.362999 18.701000 8.282469
30.170000 -1.978000 -36.584000 7.739206
11.509000 -30.841000 6.742000 9.210279
6.262000 40.354000 30.716000 6.673720
-8.883000 -20.049000 -46.974998 6.642926
-33.404999 -7.989000 15.657000 7.803489
-17.916000 -36.820000 -44.251999 7.145014
17.146999 29.785999 3.625000 7.569090
30.259001 31.075001 -14.350000 6.892379
13.655000 41.505001 24.879999 7.162462
-33.064999 9.993000 -29.301001 7.871574
-44.365002 -1.932000 24.691000 7.400269
20.997000 -25.556000 -23.344000 8.785080
40.714001 -15.515000 -38.710999 6.986517
-5.758000 13.028000 -36.838001 6.884385
11.096000 32.678001 -8.256000 7.772371
-27.934000 32.696999 -20.549999 6.662564
-39.012001 -19.370001 -2.267000 7.812485
11.125000 32.648998 -14.190000 7.754294
-22.288000 -34.580002 -29.739000 9.481603
-39.400002 -11.886000 -38.347000 7.513595
35.528999 24.664000 -20.301001 6.954479
-44.782001 0.986000 42.701000 8.094938
-31.450001 31.139000 24.778999 6.839770
36.945999 22.136000 42.737999 7.035534
-29.708000 -28.857000 6.730000 7.463138
-41.729000 -7.424000 -41.330002 7.431232
-31.537001 -12.993000 -17.367001 8.089580
25.284000 35.250000 -23.343000 6.972324
-14.776000 -19.993000 -47.002998 6.866157
35.459999 24.683001 15.679000 7.424448
-22.535000 -34.895000 -20.323000 8.873048
29.961000 -31.721001 -35.314999 8.040591
-34.959999 -23.219999 -26.274000 7.631480
-34.181000 -2.206000 -35.474998 8.202716
-43.167999 10.859000 -11.298000 7.433619
12.261000 12.988000 -36.750000 6.374421
25.204000 -20.912001 45.264999 7.548683
32.910000 -7.908000 45.805000 7.788001
6.158000 -32.306999 21.684999 9.263810
11.302000 -30.731001 36.648998 8.455884
-18.103001 -36.393002 -14.303000 8.517273
25.153999 -20.875999 42.743000 7.721062
32.519001 -28.577000 -46.443001 7.323282
41.488998 5.087000 -5.214000 7.485946
18.188000 39.382000 -41.321999 6.285199
35.380001 -25.181999 -46.347000 7.250434
28.864000 17.783001 -35.203999 7.456244
27.160999 31.023001 -47.028000 6.831992
-23.846001 -29.049000 -46.998001 6.809439
38.654999 18.931999 24.700001 7.139401
-23.257999 33.901001 -46.796001 6.866104
22.452999 -24.235001 -14.395000 9.253745
14.675000 -40.632000 15.619000 7.796036
-21.812000 38.595001 15.812000 6.461915
-17.816000 -28.347000 27.646000 9.256981
-38.799999 -14.128000 15.674000 7.664800
-31.007999 26.198000 -29.455999 7.772741
-2.823000 35.043999 45.160000 7.456621
-23.641001 33.851002 -41.345001 7.305624
-17.879999 30.999001 -47.257000 6.865475
-2.718000 44.074001 15.775000 7.145845
28.885000 17.774000 -29.233000 6.995591
33.033001 28.004000 15.711000 7.387287
33.165001 0.978000 42.720001 7.736823
9.120000 -31.537001 24.783001 9.325558
-31.011000 31.048000 27.761999 6.891292
-32.287998 -10.967000 -32.303001 8.173307
-11.693000 33.141998 36.727001 6.827307
-8.846000 33.820999 12.737000 7.336660
36.181000 10.033000 46.137001 7.273067
36.240002 13.035000 46.123001 7.160539
24.226999 -35.647999 6.669000 7.844911
11.673000 -30.837000 -2.343000 9.089432
-11.882000 22.083000 -36.908001 6.683539
-29.539000 33.102001 36.748001 6.952894
-17.416000 30.166000 -17.200001 7.496463
5.624000 -43.290001 -20.287001 8.133653
-2.190000 -41.084999 9.616000 8.788795
40.681000 -15.448000 -29.354000 7.441267
12.191000 -13.984000 -36.620998 6.405613
6.018000 40.231998 -32.313999 6.522723
-39.426998 -11.864000 -44.375999 7.002359
-14.968000 -29.900000 0.772000 9.382601
33.179001 16.031000 46.091999 6.956642
-28.410000 -18.672001 27.580000 9.057532
-11.011000 0.142000 -36.801998 7.106875
-14.261000 41.597000 -29.212999 6.791596
23.672001 24.556999 -32.311001 6.902523
13.121000 -30.240999 -2.277000 9.169682
-39.419998 -11.820000 -14.358000 7.687144
21.271000 18.937000 -47.014000 6.975638
-29.844000 -1.946000 -36.875000 8.486145
-0.766000 42.860001 27.664000 7.212819
-17.770000 -31.938000 -46.956001 7.050964
38.410000 -19.841000 12.692000 7.405282
38.701000 18.997999 -5.403000 7.256274
20.681000 27.311001 24.643000 7.262249
39.997002 1.944000 -2.272000 7.585576
-30.374001 27.974001 -20.368999 7.587060
-23.782000 -7.955000 -36.820999 7.766408
14.747000 -40.712002 -5.235000 8.066242
9.239000 33.421001 30.760000 7.560928
32.980000 -4.912000 -20.318001 7.868473
41.244999 -13.992000 -41.318001 6.928327
30.992001 -10.951000 39.727001 7.732769
31.674999 11.435000 -2.315000 7.974425
12.591000 32.078999 -11.225000 7.464500
-17.511999 -36.703999 21.674000 8.778070
16.052000 -36.261002 39.687000 7.657397
-17.992001 -36.470001 -38.294998 7.639514
7.342000 -39.363998 12.802000 8.688027
-35.862999 0.970000 -47.202000 7.120999
20.622999 27.292999 -29.261999 7.172997
-22.684999 26.900000 33.641998 8.034783
34.443001 26.153000 21.612000 7.289110
-24.254000 -23.489000 36.693001 9.133508
-17.870001 -36.848000 -38.254002 7.882371
32.994999 -5.016000 -26.316999 7.368672
-35.618000 22.045000 0.693000 7.525356
-34.562000 -27.520000 -44.526001 7.102792
-3.287000 -43.370998 12.739000 8.220598
3.627000 -43.455002 -32.271999 7.897806
-39.442001 -11.823000 -20.368999 8.197647
21.214001 -38.007999 -32.333000 8.049296
41.182999 12.952000 -23.316999 6.976790
-18.254999 -36.230999 42.702000 7.340696
39.970001 3.681000 -35.360001 7.093275
-17.431000 30.226000 -8.265000 7.616534
24.225000 -35.470001 33.740002 7.541856
-30.002001 -32.139000 -8.264000 8.563692
9.209000 33.262001 -17.312000 7.614108
19.889999 38.618999 -2.275000 7.339009
35.946999 -22.527000 3.702000 7.402796
23.915001 -22.843000 -20.275000 8.424289
-31.483000 31.275999 44.923000 7.524452
-38.870998 -10.982000 45.592999 8.503447
14.996000 -37.784000 18.743000 8.442555
8.925000 42.733002 36.702999 7.115125
-30.500000 27.962999 9.666000 7.701750
-17.757000 -22.952000 -36.716000 8.645337
-35.687000 -19.955999 -14.379000 8.294592
-24.080999 -32.738998 -11.328000 8.621221
3.286000 34.535000 -2.240000 7.820960
-8.869000 43.526001 39.741001 6.578350
39.221001 7.062000 -46.862999 7.054743
-24.197001 33.751999 39.575001 7.783928
42.422001 1.022000 -8.332000 7.787683
-43.605000 -8.644000 -5.265000 7.300733
20.981001 -37.679001 39.726002 7.071720
16.172001 -36.254002 33.723000 8.045952
28.841999 17.768999 -2.398000 7.080606
-5.813000 -7.987000 -47.020000 6.797455
-22.753000 -37.521000 -23.356001 9.055165
40.112999 15.995000 -41.280998 6.693279
-14.792000 41.740002 27.739000 6.525126
37.837002 20.759001 -8.240000 7.224801
5.379000 -43.080002 39.752998 7.336210
-30.017000 -32.115002 3.656000 8.025307
42.111000 9.992000 -32.289001 6.726243
31.421000 -30.195000 -23.341000 8.045359
21.021000 -37.830002 12.587000 7.490588
17.113001 29.819000 9.740000 7.557986
18.677000 28.792000 9.689000 7.615564
-17.608000 36.936001 -17.261999 7.674342
-5.764000 -32.547001 42.631001 8.509670
18.583000 -37.771000 -8.346000 8.463890
12.207000 -20.072001 -46.872002 6.636073
20.957001 -25.514999 -14.328000 9.261402
-14.754000 41.228001 -2.254000 7.067231
32.073002 -7.832000 27.712999 7.839723
-42.673000 13.000000 3.645000 6.954918
-44.243000 3.950000 -35.308998 7.014445
-2.860000 -34.959000 -46.869999 7.625976
-14.775000 -37.895000 -46.692001 7.074079
31.188000 -11.044000 3.682000 7.810297
42.386002 1.083000 33.776001 7.540570
9.186000 40.006001 45.862000 6.266772
36.158001 7.021000 -46.881001 7.164513
13.045000 -30.172001 12.583000 8.892561
39.826000 3.772000 -5.369000 7.621113
-27.684999 32.744999 36.742001 7.385118
6.265000 -17.000000 -46.916000 6.453236
21.389000 -34.872002 0.671000 8.049076
9.047000 42.509998 -2.282000 7.610876
-8.802000 -34.993999 46.133999 7.506247
15.204000 30.927999 24.665001 7.659276
-11.766000 -28.913000 -46.944000 7.450080
11.279000 -30.705999 42.752998 7.999718
-15.610000 -38.062000 -2.249000 8.781948
16.408001 -36.339001 6.905000 8.212849
39.632999 -16.981001 30.686001 7.263888
-15.057000 -29.889999 -11.289000 9.860103
-17.291000 30.117001 -32.176998 7.179326
42.400002 -1.889000 -2.247000 7.828302
18.523001 -37.695000 39.694000 7.086075
40.521999 -15.024000 18.672001 7.232931
3.167000 28.035999 -36.862000 7.116588
21.179001 37.137001 45.563999 6.364689
-7.293000 -39.477001 43.582001 7.250619
-40.351002 -18.580999 -34.966999 7.109118
-8.889000 33.662998 -11.308000 7.457117
26.524000 -19.681000 -8.264000 8.824803
12.666000 32.101002 6.755000 7.737867
26.698000 -19.672001 -29.370001 8.340811
-20.674999 -38.409000 -26.271000 8.671678
40.127998 -17.007999 -44.307999 7.225765
-2.792000 34.777000 15.687000 7.630384
-20.489000 37.573002 21.736000 6.606402
9.239000 -39.069000 21.655001 8.365973
34.025002 -22.045000 -26.289000 7.834702
35.793999 -22.469999 33.782001 7.262945
-14.769000 3.995000 -36.838001 6.851692
35.339001 -25.267000 -11.420000 7.576169
-8.713000 10.026000 -36.838001 6.841778
0.226000 -33.205002 -23.353001 9.282417
0.221000 25.024000 -47.145000 6.892691
3.133000 43.063999 33.780998 6.981502
7.793000 20.169001 -36.805000 6.793987
-35.713001 -16.937000 45.912998 8.520061
25.368000 35.250999 21.615000 7.175102
-31.219000 26.427000 15.758000 7.445325
0.162000 -19.893000 -36.650002 6.610973
-32.449001 12.992000 27.649000 8.267334
41.902000 -10.994000 -8.291000 7.620371
-30.867001 16.695999 36.699001 8.556590
-32.722000 21.993000 45.745998 8.690871
9.779000 21.487000 -36.800999 6.547375
40.022999 16.003000 -8.325000 7.360709
-10.439000 42.223999 24.676001 7.050673
-42.089001 -3.183000 -26.228001 7.964011
3.241000 42.933998 9.671000 7.283107
17.150999 29.813000 18.577999 7.630723
-30.820999 -14.599000 3.657000 8.186269
-2.797000 -33.164001 -32.216000 8.316578
41.651001 -11.042000 30.733000 7.464209
31.674999 11.380000 3.351000 8.026561
-40.925999 -16.980000 30.627001 8.003173
-30.455999 27.964001 -2.316000 8.397955
-22.195999 -9.619000 -36.806000 7.809307
22.412001 -24.242001 -11.108000 9.250614
-44.416000 -1.869000 36.724998 7.146019
41.993999 10.162000 -11.340000 7.402586
-11.794000 -31.237000 -14.256000 9.489726
-23.721001 -1.806000 -46.827000 6.872181
-40.874001 -17.056999 12.752000 7.680883
-13.154000 32.451000 12.465000 7.119723
-24.285000 25.541000 42.706001 8.468582
40.666000 -15.382000 -23.191999 7.612593
-23.868999 21.981001 -36.956001 7.426721
-31.100000 26.253000 -14.337000 8.022222
25.167999 22.940001 9.612000 7.466709
-41.824001 -7.315000 -20.202999 7.570160
-35.749001 -7.935000 45.875000 8.509169
8.965000 42.554001 9.799000 7.329054
12.246000 -23.017000 -36.574001 7.222274
10.630000 -39.548000 -11.188000 8.766031
12.159000 31.024000 -47.113998 7.139004
11.989000 41.997002 -11.311000 7.662035
-11.833000 37.023998 -47.245998 6.883832
31.017000 -10.981000 33.703999 7.519005
-22.716999 -24.896999 15.713000 8.720308
-44.504002 1.041000 -17.250999 7.712728
-33.438999 9.957000 27.669001 8.237445
-27.771999 32.737000 18.743999 6.722546
37.812000 20.768000 0.688000 7.356164
-20.837000 -31.986000 46.063000 7.616795
31.738001 -9.607000 -2.387000 8.516842
24.162001 -28.933001 -46.765999 6.883080
28.862000 17.806999 -26.141001 6.687204
18.780001 -26.754000 36.695000 8.124909
0.374000 -4.843000 -46.873001 6.610414
-38.812000 -19.153999 39.699001 7.623399
3.278000 -2.044000 -36.723999 6.757788
9.219000 42.356998 -41.382999 6.795621
-20.801001 28.365999 33.747002 7.920362
-35.855000 15.980000 -47.270000 7.299038
9.168000 -38.963001 39.790001 7.350832
39.693001 -17.040001 18.674999 7.427512
-41.908001 -7.257000 -5.282000 7.483891
23.716999 24.521999 -8.228000 7.257065
-17.764999 -29.052999 -46.971001 7.394561
-37.308998 24.610001 42.926998 8.267332
-34.207001 -22.339001 -23.333000 7.794888
9.186000 -13.984000 -46.917000 6.545646
-38.095001 -13.960000 -46.679001 6.831450
-31.129999 26.343000 -2.271000 8.084605
21.197001 -4.945000 -36.619999 7.311554
11.549000 -30.768000 15.640000 9.179225
12.237000 37.015999 -47.138000 6.555868
-41.964001 -11.329000 9.649000 7.268973
-40.558998 18.055000 -26.252001 7.160913
3.175000 34.480999 -17.329000 7.374142
-26.796000 10.030000 -36.919998 7.869592
17.212999 29.820999 39.737000 7.161519
13.178000 -30.277000 -11.328000 9.560862
26.493000 -19.495001 12.676000 8.397841
33.270000 0.967000 18.732000 7.548658
26.346001 21.407000 -35.376999 7.111910
42.252998 1.155000 42.738998 7.806788
-40.483002 -4.929000 -35.317001 7.270620
4.020000 41.068001 30.670000 6.629324
-42.095001 -7.102000 30.749001 7.850071
6.098000 40.187000 -29.256001 6.436256
-22.573999 -34.890999 -8.383000 9.143613
-39.681000 -15.858000 -32.349998 7.483171
-29.513000 -16.975000 24.698000 8.358138
31.716000 11.556000 -29.540001 6.596693
18.268000 -16.988001 -36.574001 7.213685
35.957001 -22.704000 -26.348000 7.783153
21.184000 -2.013000 -36.633999 6.790547
-22.909000 -37.472000 12.631000 8.666134
24.219999 15.992000 -36.701000 7.292476
-35.537998 22.107000 -44.362999 7.106304
-7.571000 -39.537998 9.594000 8.932612
9.231000 16.059000 -36.779999 6.257960
-21.775999 38.577999 9.814000 6.581742
-8.830000 -31.955000 39.726002 8.949610
27.899000 19.205999 30.688000 7.112834
41.166000 5.282000 42.581001 7.601346
-17.778000 37.085999 30.662001 7.209987
-35.634998 22.077000 -2.272000 7.704856
-29.799000 -7.985000 -36.844002 8.026115
-31.580999 12.443000 -36.914001 7.882384
-34.063999 -5.067000 15.683000 7.797297
35.542999 24.660999 -29.299000 6.645213
10.644000 -39.613998 44.999001 6.938942
3.258000 -32.992001 -20.254000 9.600816
35.536999 24.688999 -41.344002 6.706015
-32.324001 13.052000 12.654000 7.951899
-2.807000 -33.000999 6.706000 9.136292
27.172001 33.851002 39.682999 6.936231
6.326000 -40.768002 -11.247000 8.725863
35.223999 -25.139000 15.698000 7.235627
32.063999 9.776000 27.642000 7.309618
16.431000 -36.370998 0.679000 8.573376
42.506001 -2.039000 -41.276001 6.984403
-41.587002 16.003000 -5.357000 7.585691
12.190000 -38.008999 46.248001 7.055879
31.415001 -30.284000 -32.358002 7.727901
26.410999 21.427999 -17.326000 6.836562
-16.632000 39.750000 -35.375999 7.075857
-17.823000 37.108002 42.721001 6.751055
-43.791000 6.998000 -41.280998 6.912610
-34.382000 1.010000 -26.218000 8.185647
17.110001 -36.237999 27.695000 8.113926
-43.456001 9.145000 -29.384001 7.508015
-9.161000 42.852001 -26.232000 6.728142
34.463001 26.221001 -32.250999 6.754924
30.150000 -14.016000 -32.268002 7.941022
-25.742001 -21.986000 39.749001 9.043009
-20.730000 -32.069000 -46.965000 7.300722
31.254000 -11.130000 -11.269000 8.423360
13.720000 41.518002 42.583000 6.940002
-30.844000 -14.584000 9.645000 7.892521
-29.393999 15.903000 -36.936001 7.319633
-3.424000 -43.258999 42.747002 7.303838
-35.820999 -26.070000 6.630000 7.838902
35.492001 -25.356001 -41.358002 7.692737
28.864000 -15.702000 27.575001 7.800587
18.840000 28.879999 45.112999 7.141918
-0.568000 42.833000 -44.285000 6.608307
-30.917000 31.150999 3.710000 6.742353
28.721001 32.544998 6.552000 7.632281
-11.443000 32.894001 -14.184000 7.523662
6.300000 34.102001 9.747000 8.080828
42.047001 -10.983000 -32.305000 7.447173
19.823999 38.547001 -44.168999 6.563653
-32.783001 -26.566999 -2.299000 8.258054
-2.854000 39.980000 45.803001 6.615606
41.888000 -10.978000 -5.252000 7.333381
-5.787000 -1.993000 -36.766998 6.946492
-34.205002 -2.494000 -32.407001 8.294362
-40.751999 -17.195999 -23.334000 7.797503
-44.375999 1.065000 -41.291000 7.043757
-25.436001 23.653000 -29.455999 7.630010
-39.828999 -15.782000 -11.289000 7.703692
-23.820000 22.016001 -47.245998 6.946510
-20.794001 21.989000 -36.946999 7.835360
31.297001 -25.002001 42.733002 7.327657
-8.886000 43.377998 15.606000 6.700274
-31.263000 26.495001 27.474001 7.881194
-30.823000 16.554001 21.687000 7.705663
-34.584999 -1.974000 39.716000 8.451997
31.371000 -24.938999 6.620000 7.156219
17.080000 29.764000 -26.398001 7.188232
-43.487999 -10.273000 39.526001 7.665814
12.220000 27.965000 -47.099998 7.269936
17.120001 -36.278000 12.774000 8.323709
34.465000 26.135000 15.798000 7.473650
9.140000 -16.986000 -36.620998 6.485179
32.345001 -28.516001 39.794998 7.265906
6.206000 10.036000 -36.765999 6.531925
18.186001 -1.988000 -46.417999 6.234474
2.044000 40.917999 -44.418999 6.354020
3.183000 43.027000 27.664000 7.055460
-10.312000 41.720001 -8.357000 7.045520
15.235000 30.868999 6.735000 7.581153
-2.778000 34.808998 21.694000 7.433830
31.424000 -24.889000 -8.281000 7.530036
32.903000 -4.984000 -8.307000 8.211798
-35.759998 22.136000 39.616001 8.208891
-0.758000 42.868999 24.662001 7.670410
34.007999 -21.997999 -20.377001 8.162729
-34.255001 -22.270000 -11.128000 8.261527
6.200000 -32.518002 -17.252001 9.427083
27.260000 33.712002 -41.386002 6.655928
-42.167999 -11.276000 -20.275999 7.457774
-17.521000 30.240000 0.584000 7.335824
28.854000 17.737000 0.774000 7.005922
-39.480999 -11.736000 27.632999 7.834730
-30.802999 -14.495000 -23.422001 8.273546
-40.674000 18.261999 3.655000 7.552763
39.708000 3.965000 30.698000 7.382761
-29.094000 32.856998 -44.227001 6.899024
-27.934999 32.653999 -35.160999 7.398977
-24.115000 25.488001 21.674999 7.404504
30.211000 0.991000 -36.598000 7.381250
-18.016001 -36.459999 -35.056000 8.171583
-40.807999 -5.006000 42.664001 8.297111
30.981001 13.012000 42.712002 7.523742
2.252000 -41.194000 24.625999 8.470202
31.308001 -24.973000 27.584000 7.304003
3.644000 -43.472000 -35.326000 8.109463
23.646000 24.597000 24.726999 7.077600
-14.846000 31.429001 -26.304001 7.058768
-11.777000 33.070999 30.718000 7.014080
41.198002 5.275000 39.801998 7.614376
-5.710000 43.761002 9.695000 7.180446
41.820000 10.058000 42.667000 7.460661
-33.868999 -5.006000 -32.300999 8.423174
-29.360001 32.990002 -2.275000 6.863564
-44.487999 1.025000 -20.341000 7.489243
-41.605000 16.011999 -2.426000 7.161123
-32.222000 -10.986000 -35.391998 7.984180
-14.789000 41.193001 -35.237999 6.907906
39.979000 -2.905000 0.587000 7.584799
-2.752000 44.118999 24.708000 6.992712
-22.742001 -24.871000 39.716999 9.357269
21.243999 -38.009998 -35.254002 8.106683
-6.516000 -40.806000 42.675999 7.257809
20.712999 27.274000 15.733000 7.748085
-32.720001 25.917999 39.652000 8.029514
-17.127001 -36.660999 36.766998 8.012980
33.061001 -1.990000 -35.638000 7.828530
9.213000 -25.958000 -46.856998 6.872104
23.874001 36.290001 27.708000 7.193641
32.310001 -7.999000 -20.193001 8.221031
36.987000 22.117001 33.681999 7.041487
-14.957000 -40.987999 39.683998 7.541101
-42.099998 -7.144000 24.712000 7.766244
39.306999 -2.055000 45.844002 7.889030
-8.789000 43.425999 18.662001 6.687810
42.673000 6.985000 -11.323000 7.384924
15.225000 40.911999 39.680000 6.796309
-38.901001 -14.177000 27.645000 7.797001
26.358999 -19.386000 39.674000 7.623593
-41.387001 16.094000 -29.329000 7.166340
-30.566000 27.938999 18.625000 7.677358
0.588000 40.734001 15.607000 6.981725
-3.080000 -43.542999 -35.347000 8.226471
-38.910999 -19.267000 21.694000 8.130684
-28.715000 -33.627998 21.879999 8.611864
-6.273000 -40.964001 -35.279999 8.656508
-32.891998 -26.459000 21.657000 7.985431
-23.584000 37.134998 -5.395000 7.230557
0.253000 7.022000 -47.061001 6.564975
-42.068001 -3.146000 -14.213000 7.876180
3.049000 37.113998 -47.182999 6.977031
2.403000 -41.248001 -23.195000 8.403106
-2.894000 1.094000 -36.769001 6.569009
-17.799999 -28.436001 -17.341999 9.269906
23.730000 24.509001 6.688000 7.257698
33.867001 -22.247000 39.658001 7.545306
-14.907000 -4.777000 -46.907001 6.925766
24.152000 -35.643002 12.684000 7.813199
26.790001 -34.346001 -23.291000 8.053968
21.142000 21.968000 -47.028000 7.002203
-40.858002 -17.077000 6.674000 7.721885
-18.247999 -36.278999 24.656000 8.680492
9.191000 -10.885000 -36.651001 6.909647
-34.261002 5.227000 3.655000 7.760828
-17.466000 -36.726002 12.641000 8.526850
-2.125000 -41.221001 -14.188000 8.770992
18.764999 -26.809000 30.716000 8.448164
24.159000 -35.519001 30.747999 7.674457
32.610001 -28.566000 3.692000 7.455732
42.694000 6.999000 -17.297001 7.255484
6.209000 36.993999 -47.165001 6.881192
-14.742000 -31.969999 -46.941002 7.282442
-35.722000 18.882000 -46.966000 7.305198
-38.779999 1.014000 45.818001 8.355199
-44.695000 1.005000 21.697001 7.143745
-20.816000 28.277000 24.749001 7.293913
-32.050999 13.064000 -26.236000 7.741262
13.624000 41.491001 15.765000 7.255165
6.311000 40.234001 -2.261000 6.991890
-34.370998 -3.997000 42.723999 8.949413
-11.754000 -17.013000 -47.004002 6.664942
-35.782001 -19.886999 18.688000 8.091142
41.141998 12.942000 -8.424000 7.298162
-34.345001 5.861000 33.944000 8.639379
-44.063999 0.994000 -46.771000 6.767346
18.198999 39.487999 0.667000 7.161136
6.379000 40.217999 -11.334000 6.764328
-42.046001 -3.136000 -11.376000 7.735255
-29.480000 -17.011000 18.627001 8.202100
-32.125000 13.035000 -17.278999 7.909535
39.820000 3.775000 0.706000 7.553591
-43.210999 11.199000 9.754000 7.020546
-11.730000 25.077999 -36.919998 7.318725
3.183000 -23.000000 -36.618999 6.727594
-42.626999 13.030000 -2.264000 6.877501
32.550999 -28.547001 12.673000 7.420058
-8.778000 -16.959000 -46.990002 6.636856
28.194000 -33.007000 0.724000 7.461789
-39.042999 -19.476000 -44.248001 6.673272
9.122000 42.627998 15.637000 7.363901
-26.379000 -32.675999 15.695000 8.338322
-35.694000 -20.004000 0.763000 8.349891
20.674999 27.274000 -14.262000 7.360027
13.363000 41.409000 -41.139999 6.685316
-25.730000 -21.962000 -5.386000 8.591617
-34.426998 1.018000 -17.332001 8.609116
9.180000 9.994000 -36.751999 6.504528
-3.303000 -43.337002 24.770000 7.851472
40.667000 14.391000 -14.440000 7.416667
-8.822000 -32.023998 18.701000 9.324712
39.980999 16.045000 0.667000 7.698837
12.275000 0.976000 -36.694000 6.495752
-43.216000 11.252000 12.811000 7.105179
28.059999 -17.517000 -11.372000 8.711420
-19.211000 29.457001 30.681999 7.562019
41.167000 -13.966000 -26.353001 7.704325
40.053001 1.867000 -38.280998 7.130130
21.416000 -34.867001 9.670000 7.952250
25.320000 35.263000 3.756000 7.430675
-23.733999 33.973999 -26.370001 7.604041
27.264999 33.778000 24.666000 7.289763
-12.811000 32.317001 -26.414000 6.711303
-41.799999 -7.858000 45.549999 8.037557
-25.525000 23.747000 -11.416000 8.004600
24.145000 -22.886999 45.743999 7.416777
-44.220001 -1.971000 -26.216999 7.819339
3.527000 -43.258999 30.686001 7.432610
-26.374001 32.153999 -11.301000 7.363955
-8.993000 -39.259998 21.745001 8.913740
12.129000 -13.944000 -46.903000 6.415487
15.223000 -17.011999 -36.590000 6.581451
15.219000 -29.128000 9.769000 8.065558
23.701000 24.539000 15.727000 7.394787
-17.756001 -28.436001 -2.331000 9.166427
-39.601002 -15.833000 -35.361000 7.407442
-16.854000 40.005001 18.794001 6.726767
31.816999 -9.866000 -29.141001 8.010597
16.365999 -36.335999 9.867000 8.332957
39.789001 -4.779000 -11.308000 8.077821
3.176000 34.598999 9.607000 7.637945
34.067001 -22.080999 -23.264000 7.814836
-44.498001 3.981000 12.668000 7.009816
-27.825001 -33.706001 0.849000 8.311494
30.993999 13.007000 36.806999 6.918713
18.673000 28.790001 6.797000 7.451781
32.152000 9.922000 -11.273000 7.419246
13.576000 41.472000 3.274000 7.172809
33.000000 28.006001 36.727001 7.104520
36.157001 1.075000 -46.849998 6.911405
42.476002 0.986000 -2.306000 7.881989
-24.093000 25.304001 0.688000 7.526443
-5.765000 -22.941999 -36.661999 6.946345
-31.200001 26.417999 12.755000 7.366640
6.139000 -40.805000 9.596000 8.054805
15.171000 40.801998 -11.284000 7.591332
-27.916000 32.714001 -11.322000 6.761215
3.113000 43.040001 42.721001 6.845708
-35.775002 -26.169001 21.583000 8.272418
-15.501000 -38.145000 -26.285999 9.227587
31.049999 12.989000 18.747999 7.588037
31.752001 29.556000 -32.721001 6.602584
0.169000 -40.327999 -38.243999 8.240964
-33.451000 -8.031000 30.750000 8.762294
-17.658001 36.933998 -8.419000 7.707295
-44.355999 1.024000 -44.372002 7.062627
-22.917999 -37.452999 27.648001 8.578049
31.341000 -24.368999 30.846001 7.251387
-30.016001 31.007000 -46.951000 7.284214
-17.737000 10.075000 -36.880001 6.682019
-8.841000 33.916000 27.701000 7.437325
-22.483999 -34.824001 -46.355000 7.318146
-42.125999 -7.065000 39.618000 7.569860
-13.086000 32.396999 0.751000 7.096114
36.199001 -5.076000 46.209000 7.671406
-29.400999 33.049999 9.676000 6.280886
27.190001 25.004000 46.020000 7.063714
0.346000 9.874000 -36.793999 6.872758
33.438000 0.991000 -17.319000 7.742836
-34.361000 3.244000 -14.328000 8.435606
-27.275000 -20.098000 -11.233000 8.411951
42.424000 6.923000 30.634001 7.304595
38.314999 -19.716000 33.758999 7.314239
0.278000 -40.313999 -35.333000 8.464399
15.084000 -37.748001 6.688000 8.178519
6.092000 -40.842999 15.678000 8.214507
9.180000 -31.431999 39.646999 8.397609
-34.287998 -3.413000 6.485000 7.800861
31.698999 11.505000 -17.420000 7.155349
-14.714000 41.223999 9.680000 6.507627
-14.852000 -28.969000 -46.958000 7.363826
-39.745998 -15.824000 -23.202999 7.560803
-8.800000 28.028999 -47.202000 6.801038
30.184999 3.973000 -46.897999 7.063426
-15.051000 -29.899000 -14.291000 9.689524
-34.002998 7.019000 9.661000 7.752547
6.260000 13.052000 -36.779999 6.538522
3.243000 42.942001 24.743000 7.169536
-32.414001 13.032000 24.792999 8.276139
-24.073999 33.858002 24.656000 7.764398
-12.860000 32.341999 -20.309000 7.002174
-41.750000 16.004000 18.773001 7.007360
-35.708000 22.068001 27.653999 8.129893
-31.591000 -13.097000 18.660000 8.055362
-40.109001 -15.590000 36.990002 7.580525
18.226000 39.389999 -32.366001 6.858256
-42.699001 13.038000 9.677000 6.940128
30.007000 -31.747999 -44.305000 7.504129
-11.774000 10.040000 -36.853001 6.864658
-27.742001 32.745998 44.834999 6.888318
22.188000 -23.990999 39.758999 7.660497
42.308998 -1.775000 24.691999 7.594915
-23.750999 3.962000 -36.879002 7.718037
-8.543000 -39.622002 -32.316002 8.842772
-26.791000 22.014000 -32.266998 7.614545
-44.465000 4.001000 6.717000 7.108449
9.159000 33.412998 21.650000 7.386048
9.110000 42.449001 -17.339001 7.381405
-28.705999 -33.763000 -38.321999 8.077216
39.980000 -2.991000 -14.283000 7.702669
32.726002 7.078000 12.798000 7.744211
29.823000 15.989000 -20.417999 6.973409
-8.902000 43.487000 33.661999 7.041502
-24.047001 -32.681999 27.760000 8.223219
32.179001 10.043000 -32.271999 6.998407
-0.809000 42.887001 36.667000 6.919181
39.959000 -16.954000 -14.324000 7.760543
-41.756001 -7.411000 -38.323002 7.213820
39.967999 16.056999 3.638000 7.732004
29.792000 16.083000 -29.256001 6.891854
41.870998 -10.976000 -2.311000 7.441928
17.558001 -28.055000 -26.166000 7.947621
-38.789001 -2.020000 -47.199001 6.999794
-30.306999 27.985001 -32.270000 7.497397
21.254000 -19.926001 -46.827000 6.624336
15.231000 -28.931000 36.639999 8.528825
18.608999 28.787001 -20.365999 7.123055
-20.847000 16.063999 -36.922001 7.557837
-30.687000 -26.768999 -5.259000 8.510726
-27.275999 22.193001 36.728001 8.282370
15.186000 -19.959999 -36.575001 7.265551
22.167000 -24.040001 45.216000 7.531943
-5.811000 -32.590000 27.723000 9.619712
-24.166000 25.320000 9.656000 7.522406
3.568000 -43.131001 45.437000 6.969930
-14.910000 -29.855000 30.709999 9.483726
-35.773998 -19.900999 3.696000 8.139947
-15.027000 -37.956001 45.667999 6.946558
-28.389999 20.667000 30.943001 7.916994
-34.938999 -23.712999 -46.480999 6.893460
22.204000 26.011999 33.630001 7.103348
-31.062000 26.264999 -17.282000 7.935333
3.236000 34.903000 45.191002 7.398632
-27.875999 32.688999 -14.294000 6.918780
-2.827000 34.534000 -29.164000 7.054362
27.037001 33.610001 45.334999 6.424938
-32.492001 -10.928000 24.783001 8.476428
-28.332001 20.570999 16.040001 7.554716
-22.511000 -34.840000 -23.285000 9.033814
-20.784000 -16.951000 -36.762001 8.246720
-23.843000 6.985000 -36.893002 7.898474
-40.583000 -4.901000 -11.304000 8.146986
-20.830999 4.031000 -36.866001 6.824265
-18.066000 -36.421001 -23.290001 8.378848
38.506001 -20.032000 -14.288000 8.053798
6.117000 25.034000 -36.834999 6.190440
32.459999 -28.437000 33.585999 7.438814
-40.372002 -18.658001 -14.401000 7.816362
-11.821000 -31.221001 -11.271000 9.521780
-23.952000 33.844002 6.677000 7.656766
-24.035999 -32.796001 -29.230000 8.746864
-5.878000 -32.722000 -8.287000 9.633446
27.247000 31.021000 45.983002 6.321614
27.225000 21.996000 -46.997002 6.869701
12.391000 -40.749001 -46.530998 6.697676
-29.573000 -28.902000 -23.330999 8.029643
-25.763000 24.016001 39.827999 8.705030
40.470001 -14.814000 36.676998 7.044078
9.325000 34.090000 45.445000 7.219721
-8.792000 -29.007999 -36.640999 8.513352
37.876999 20.809000 -44.327000 6.801013
15.199000 -10.953000 -36.620998 6.530973
32.264999 -8.037000 -14.306000 8.229509
11.318000 32.708000 27.599001 7.681227
28.820999 17.704000 27.757000 7.026704
42.451000 6.941000 27.604000 7.438949
-20.822001 28.052000 -47.257999 6.779458
0.517000 40.693001 6.607000 7.203082
-5.802000 43.576000 -23.291000 6.697525
-22.735001 -24.896999 -23.421000 8.766817
19.927999 38.637001 15.713000 7.280565
27.219999 33.750000 -38.313999 6.650136
32.972000 28.034000 39.632000 6.778108
30.341999 -25.858000 46.030998 6.956680
9.226000 -39.174000 -5.199000 8.728395
-32.021999 9.843000 -36.922001 7.432889
31.082001 -29.903999 39.682999 7.141830
27.145000 10.031000 -36.659000 7.540158
40.455002 -14.791000 39.801998 6.951743
14.697000 -40.800999 -11.260000 7.965755
41.425999 5.095000 0.640000 7.430325
-11.819000 -19.961000 -36.706001 7.308055
-27.723000 32.708000 15.592000 6.926208
-24.681000 32.111000 -44.368999 6.643085
-11.729000 -41.042999 33.723000 8.405123
41.601002 -10.992000 39.703999 7.353239
-5.867000 37.056000 45.803001 6.622489
-29.549000 -16.961000 36.749001 9.049897
-26.848000 7.032000 -47.189999 6.961873
32.063999 9.742000 30.707001 7.066257
-20.816000 16.045000 -47.203999 6.800415
-43.490002 -10.230000 36.742001 7.324291
34.048000 -22.063000 -8.271000 8.125868
-8.760000 -4.954000 -36.766998 7.052904
-27.677000 -33.801998 -26.412001 8.276713
-44.562000 1.039000 -5.339000 7.483851
40.074001 16.000999 -26.400999 6.846123
-23.955999 25.198000 -23.240000 7.733265
-12.936000 32.396000 -8.110000 7.380205
0.241000 -39.929001 42.737999 7.036841
35.377998 -25.247999 -14.231000 7.763013
42.040001 10.035000 -14.376000 7.339995
-24.201000 25.434000 24.711000 7.793215
30.277000 31.033001 42.728001 6.581615
-22.459000 26.684000 -11.278000 7.914722
-29.247999 19.035999 3.643000 7.463315
-25.740999 -21.961000 9.674000 8.601364
2.403000 -41.282001 -20.176001 8.799747
-28.386000 -18.591000 -20.479000 8.552055
24.194000 -13.904000 -36.557999 7.655884
-27.136999 22.023001 6.682000 7.466351
40.612000 -15.163000 -2.435000 7.418340
9.254000 -38.147999 -46.657001 6.938960
42.532001 -7.795000 -32.265999 7.501474
-8.944000 43.262001 0.662000 6.773962
-17.785000 -25.927999 -36.695999 8.262286
32.089001 9.755000 21.743999 7.531401
27.969000 -17.327000 15.649000 8.176482
-44.549000 3.942000 21.684000 7.537564
-41.828999 -11.282000 30.690001 7.608379
18.186001 39.465000 -11.344000 7.444642
-22.271000 -34.646999 -35.442001 8.830418
-41.874001 -7.260000 -8.327000 7.559318
-25.386000 -12.455000 -36.805000 8.388286
31.295000 -30.093000 0.608000 7.522734
32.694000 -28.785999 -29.284000 7.781815
-5.732000 43.680000 -5.311000 7.439622
0.281000 -34.953999 -46.854000 7.434237
3.185000 34.611000 12.725000 7.449078
-24.271999 -23.451000 -32.352001 8.720638
-26.166000 32.215000 18.773001 7.305107
-24.266001 -23.471001 -5.418000 8.904459
-29.260000 32.980999 -11.354000 6.904736
37.034000 22.256001 -23.332001 6.878228
-33.122002 10.138000 -14.413000 8.353093
-2.730000 -25.924999 -36.632000 7.686635
-17.752001 28.042000 -47.244999 6.950521
-28.666000 -33.669998 15.536000 8.359991
3.158000 41.122002 -14.292000 6.551473
24.447001 22.292000 -36.205002 6.995121
-32.353001 -11.015000 -8.281000 8.788261
24.188999 10.011000 -36.674999 8.030452
39.955002 -2.905000 3.720000 7.369532
-8.963000 -39.255001 24.688999 8.985332
-35.020000 -23.313999 -29.271000 7.804246
9.204000 9.969000 -47.030998 6.436224
-26.115999 21.417000 -36.939999 7.566335
27.986000 -17.410000 6.787000 8.202332
-17.726000 36.999001 12.677000 7.145577
-43.534000 9.597000 0.579000 7.190629
-36.271000 19.701000 33.719002 8.363642
28.730000 32.530998 42.804001 6.600666
38.757999 19.013000 -32.355999 6.714366
-14.978000 -29.891001 3.755000 9.306664
-35.103001 -23.219999 -2.387000 7.910964
32.694000 -28.818001 -32.264999 7.889721
-2.832000 44.097000 21.631001 7.035056
35.292000 -25.237000 -2.306000 7.294674
-14.813000 -41.151001 -26.297001 9.106820
-20.820000 -26.371000 30.672001 9.190768
41.047001 -13.525000 15.720000 7.361532
9.190000 33.424999 27.771000 7.609965
-25.482000 23.700001 -20.457001 7.622322
-2.062000 -41.240002 -26.305000 8.809512
-42.351002 13.020000 -44.327000 6.767437
35.169998 -25.077999 27.709000 7.664034
31.444000 -30.226000 -29.120001 7.920950
3.149000 -33.016998 -23.313000 9.066818
-2.720000 -1.956000 -46.522999 6.711617
29.028999 -16.070000 -23.297001 8.693680
15.216000 25.021000 -36.787998 7.817764
-2.782000 44.143002 30.740000 6.823932
-29.403000 -16.993000 -23.356001 8.625727
-14.741000 -40.801998 45.439999 6.916659
39.791000 3.818000 6.719000 7.391099
-34.030998 -4.974000 3.778000 7.627783
35.418999 -25.341000 -29.384001 7.802794
-5.562000 -40.817001 -46.625000 7.119029
-26.666000 -32.641998 42.747002 7.731850
15.185000 -37.765999 -5.279000 8.869618
-35.619999 -4.870000 45.706001 8.412108
38.416000 -19.785000 15.738000 7.426661
-35.265999 -23.034000 39.726002 7.614152
41.004002 12.625000 45.153999 7.134934
-20.636999 -38.054001 21.660000 8.482385
-38.910000 -14.236000 24.730000 7.639053
33.022999 28.038000 -2.343000 7.569258
-34.519001 1.059000 0.722000 7.766525
-24.080000 -32.652000 30.743000 8.165558
21.176001 -16.954000 -36.558998 7.773629
-26.982000 22.052000 -8.319000 8.018983
26.604000 -19.610001 -11.339000 8.946550
25.413000 -21.118000 -11.364000 9.093572
-21.841000 38.629002 24.639999 6.465111
-28.660000 -33.633999 27.749001 8.242267
33.175999 1.088000 39.717999 7.457074
41.623001 4.987000 -29.372999 7.484341
3.194000 18.976000 -47.103001 6.743261
32.719002 7.055000 15.676000 7.740331
-11.185000 32.820000 -35.200001 6.919687
-35.014000 -23.284000 -20.340000 7.811078
37.576000 -21.289000 21.851000 7.462590
7.572000 -39.450001 -11.235000 8.781707
11.982000 -41.166000 -29.281000 7.888734
12.960000 -30.188000 15.740000 8.740808
-28.416000 -18.679001 33.922001 9.173171
33.284000 1.031000 15.752000 7.397738
-19.254000 -27.469000 44.872002 8.710003
38.533001 19.058001 42.708000 6.923594
36.174999 -19.993999 -46.743000 7.199750
-32.997002 10.019000 -35.352001 7.676793
3.157000 -32.939999 -8.266000 9.687231
30.167999 10.043000 -46.926998 6.645875
-28.288000 20.495001 4.364000 7.356191
41.507999 5.054000 -11.266000 7.462257
-26.341000 -32.721001 6.749000 8.188078
0.259000 -40.173000 -5.277000 9.115346
27.868000 -17.195999 39.716999 7.966768
21.014000 -37.747002 24.752001 7.798963
41.573002 5.004000 -23.283001 7.251300
-13.469000 -30.587000 -5.213000 9.541080
-11.488000 39.706001 -17.290001 7.098878
24.163000 -35.576000 21.636999 8.044527
17.066999 -36.410999 -29.462999 8.374393
-38.999001 -19.413000 -20.334000 8.232323
18.230000 39.507000 15.603000 7.087740
-30.455000 -14.420000 -35.816002 8.131160
25.330999 35.285999 30.631001 7.194971
-34.244999 -2.996000 -14.360000 8.612332
-5.276000 -43.462002 -32.229000 8.459557
-27.726000 -33.776001 -17.233000 8.431117
-40.566002 18.086000 -23.245001 7.409451
42.326000 6.922000 42.686001 7.345579
-17.805000 16.017000 -36.908001 6.670501
36.205002 19.072001 46.085999 7.037238
-8.785000 33.615002 -23.202000 6.911016
-28.017000 32.657001 -44.308998 7.044790
-32.792000 -26.514999 6.596000 7.845625
-40.945999 -16.974001 42.669998 8.150573
34.063999 -22.105000 -38.314999 7.490823
29.993999 -13.964000 -5.214000 8.029720
0.227000 34.657001 -20.364000 7.115181
-25.715000 -21.968000 -17.195999 8.604260
-16.820000 39.966000 45.101002 6.276298
-29.202000 32.923000 -29.212000 7.065158
-22.351000 38.544998 34.111000 6.603889
-30.638000 -26.822001 36.716999 8.210253
-32.737999 -8.037000 -47.145000 7.469090
-28.367001 20.591000 21.844000 7.733427
41.657001 4.927000 -41.320999 6.981970
-19.284000 -27.474001 15.905000 9.167758
-38.778000 19.481001 39.715000 7.746649
-27.166000 22.087999 15.654000 7.381892
12.274000 42.046001 42.740002 6.663045
9.359000 42.205002 -46.632000 6.221583
15.035000 -37.801998 12.652000 8.438322
18.534000 28.826000 -26.313999 6.877340
-22.870001 -37.498001 15.758000 8.563349
-17.735001 30.372000 33.666000 7.469475
-27.774000 -33.721001 -5.199000 8.656994
3.197000 -32.796001 18.680000 9.729895
15.459000 -37.765999 -44.297001 6.782490
41.344002 -6.117000 12.726000 7.357356
9.171000 -34.932999 -46.811001 7.295268
-35.750999 22.098000 42.706001 8.654367
8.769000 22.412001 -36.810001 6.692994
0.179000 -4.925000 -36.723999 6.866416
17.072001 -36.340000 -8.335000 8.771466
21.264999 37.780998 -32.351002 6.602428
-11.623000 -41.484001 -29.330000 8.493788
-31.409000 14.819000 -14.127000 7.956278
-44.188999 -1.989000 -38.264999 6.982332
12.815000 32.153000 42.708000 7.284908
24.207001 15.953000 -46.985001 6.828807
3.237000 34.714001 36.698002 7.360381
42.756001 6.959000 -29.326000 7.004270
39.741001 3.843000 12.661000 7.428801
-23.604000 37.036999 -17.304001 7.177998
-2.883000 10.039000 -47.091000 6.870504
-10.340000 -39.458000 15.461000 8.750477
-32.751999 -26.462000 12.747000 8.137834
-0.625000 42.807999 -14.280000 7.368870
-5.765000 42.804001 -46.921001 6.695746
37.612000 -21.274000 18.483999 7.394551
-17.902000 16.136999 -47.191002 6.800486
-43.741001 -8.440000 33.617001 7.508954
-8.969000 43.153999 -8.343000 6.957900
-20.760000 -38.386002 -17.226000 8.829065
21.332001 -34.799000 36.751999 7.567003
37.643002 -21.372999 6.865000 7.528258
-14.377000 41.627998 -20.177999 6.815039
6.233000 -22.871000 -36.605000 6.798234
-43.657001 7.065000 -46.577999 7.091482
27.219000 -10.994000 -36.556000 7.729631
27.240999 33.716000 -44.341999 6.695398
-40.790001 -5.035000 36.668999 7.627494
-31.047001 31.184999 39.806000 8.112763
-40.481998 17.923000 -44.160999 6.932635
3.206000 -32.980999 -17.290001 9.628418
-39.431000 -11.840000 -26.323999 8.101515
29.808001 15.994000 -14.292000 7.036319
-5.745000 -1.917000 -46.648998 6.750795
19.858000 38.630001 -5.136000 7.482702
33.018002 28.070999 -32.262001 6.638348
31.392000 -24.905001 3.553000 7.197223
42.474998 0.907000 -44.316002 6.893203
-41.803001 -11.323000 18.646000 7.029832
-34.592999 1.030000 15.783000 7.691535
-34.143002 -22.430000 -44.271000 6.737953
-8.631000 -1.956000 -46.723999 6.706933
-27.792000 32.710999 6.621000 6.414447
-29.707001 -28.878000 9.675000 8.120102
-11.801000 -31.252001 -20.309000 9.434697
-19.320000 -27.489000 -11.222000 9.438354
31.400999 -30.243000 -26.393000 7.902624
-31.594999 -13.162000 30.733999 8.594823
0.539000 40.801998 27.718000 6.487073
-15.712000 -38.068001 24.687000 8.977741
38.573002 19.124001 21.721001 7.000993
31.627001 -9.263000 33.570999 7.709555
-30.028999 -32.069000 -2.319000 8.225102
31.125000 -29.893999 36.672001 7.222599
-3.295000 -43.331001 18.620001 7.894983
31.278000 -30.052999 6.481000 7.837979
3.255000 -10.979000 -46.960999 6.535908
40.622002 14.275000 12.988000 7.554847
-42.035999 -3.173000 -20.343000 7.920226
-14.947000 -29.867001 18.645000 9.413305
-8.815000 -35.028999 -46.896000 7.265978
-0.580000 42.807999 -29.216999 6.861634
-6.329000 -40.881001 -26.292000 8.960097
29.707001 -14.078000 27.643999 7.890719
32.705002 6.963000 -35.562000 7.411800
-2.819000 36.994999 45.816002 6.836443
2.378000 -41.242001 -17.284000 8.687739
-23.968000 33.835999 9.681000 7.630499
-17.815001 -28.368999 15.726000 9.342235
31.740999 29.568001 -26.299000 6.916633
-44.636002 1.010000 9.760000 7.119044
37.659000 -21.420000 1.118000 7.503099
-5.382000 -43.328999 21.652000 7.857378
37.001999 22.340000 -32.382999 6.586020
-33.046001 13.111000 45.320999 8.436687
-25.718000 -22.003000 33.613998 9.121390
-27.250000 -20.229000 42.678001 9.343516
27.218000 33.812000 21.636000 7.210867
-29.759001 -20.020000 -47.070000 7.049750
31.483000 -30.295000 -41.250999 7.553881
42.224998 -7.931000 42.723000 7.235847
-31.395000 31.106001 3.685000 6.637974
-44.519001 1.020000 -14.282000 7.644419
-2.779000 21.941000 -36.865002 6.586025
6.227000 31.058001 -47.143002 7.203958
32.066002 9.875000 18.625000 7.518274
-18.141001 -36.291000 21.584999 8.432508
-23.934999 33.931000 3.667000 7.577734
33.491001 0.956000 -29.312000 7.665627
15.170000 24.978001 -47.071999 6.848186
-6.338000 -40.910000 -23.337000 8.932907
-19.084000 29.368999 9.662000 7.119376
-13.469000 -30.563000 3.608000 9.376258
9.242000 -31.927000 45.640999 7.819592
0.285000 28.030001 -47.159000 6.916111
-26.867001 21.993000 -26.271000 7.525651
-32.826000 -26.628000 -8.268000 8.733854
31.299000 -24.990999 36.671001 6.974476
31.629999 11.279000 27.724001 7.057580
-41.497002 16.027000 -17.351000 7.543777
-20.801001 27.929001 -17.301001 7.611552
-38.957001 19.417999 21.643999 7.473957
-20.389000 37.481998 33.731998 6.660795
21.254999 37.770000 -38.320999 6.323362
-29.743999 -31.922001 45.418999 7.292171
25.191999 22.920000 -2.317000 7.500463
28.870001 -15.842000 15.988000 8.137889
-34.526001 -1.977000 27.708000 8.312472
6.927000 -39.275002 42.762001 7.153271
-27.908001 -33.669998 12.616000 8.150643
42.442001 0.988000 18.629999 7.859984
31.075001 -10.926000 27.754999 7.624421
-43.133999 10.923000 -14.270000 7.262892
-26.881001 -32.074001 45.577999 7.603272
-41.323002 16.037001 -41.297001 6.616737
-3.170000 -43.472000 -11.434000 8.558616
18.646000 28.778000 -11.259000 7.676565
-26.478001 -32.765999 12.665000 8.192007
-31.197001 26.386999 9.315000 7.592070
10.624000 -39.584999 33.490002 7.881701
-5.876000 34.490002 24.558001 7.547747
15.182000 7.029000 -36.708000 6.346439
31.479000 -24.966999 -35.341999 7.599136
-23.948000 25.142000 -29.388000 7.782827
-31.500000 14.947000 6.729000 7.443818
-34.583000 -27.493999 -35.494999 7.685240
31.378000 -30.093000 -8.141000 7.855677
7.766000 41.368999 -17.080999 7.099738
-20.677999 37.650002 -11.338000 6.770983
26.323999 -34.007000 45.363998 7.104235
31.084000 13.084000 -5.386000 8.062150
25.180000 22.938999 -11.257000 6.880964
6.175000 -34.984001 -46.824001 7.068451
-30.249001 27.959999 -41.296001 7.297794
-5.809000 -19.993999 -36.678001 6.787098
36.953999 22.193001 30.726000 7.161235
31.438000 -24.438000 6.693000 7.220647
15.257000 -28.936001 33.613998 8.443613
-35.726002 -26.183001 3.708000 7.856696
-44.534000 1.030000 -11.214000 7.250187
-22.740000 -37.446999 -26.382999 8.925523
23.848000 -22.742001 -2.299000 8.705619
31.666000 11.429000 0.853000 8.009573
-5.774000 7.069000 -47.091000 6.741735
3.532000 -43.320999 9.817000 7.753370
-14.919000 -41.044998 36.695999 7.936047
-11.808000 -41.013000 42.719002 7.366543
-30.945999 31.089001 9.649000 6.560197
-16.841000 40.018002 15.621000 6.715478
-24.115999 -32.651001 18.709000 8.250424
-35.956001 25.274000 -41.264999 6.609849
-5.791000 16.045000 -47.132999 6.863899
-20.768999 -28.964001 46.041000 8.332899
-5.806000 18.993000 -47.146999 6.931186
0.089000 18.997999 -47.118000 6.889844
24.231001 -22.959999 -46.797001 6.822176
-29.125999 32.862000 -41.312000 7.085844
41.333000 5.133000 12.538000 7.418832
34.421001 26.128000 39.780998 6.982195
-26.076000 -32.890999 -38.388000 7.690757
29.702000 16.025999 24.735001 7.350634
-29.952000 -32.194000 -14.277000 8.532004
-27.702000 -33.771000 -20.266001 8.526045
-44.223000 -1.981000 -29.238001 7.645604
26.516001 -34.150002 24.632999 7.633142
32.646999 7.023000 36.714001 7.174920
-32.778000 -16.944000 -47.099998 7.282500
12.174000 42.056999 30.663000 7.187361
17.188999 -27.792999 39.709999 7.732124
-16.875999 39.956001 24.686001 6.701000
-14.847000 41.212002 -20.275999 6.903466
-14.925000 -41.027000 12.764000 8.625604
40.584999 -15.125000 3.871000 7.335608
24.327000 34.139999 45.837002 6.421882
-11.772000 28.021000 -36.931999 7.756911
39.932999 16.010000 21.753000 7.111400
-18.747999 29.184000 -35.430000 7.432571
-14.899000 41.200001 -26.218000 7.012194
17.104000 29.789000 -8.077000 8.062861
26.694000 -34.192001 3.772000 7.524204
-35.605999 22.136000 -29.260000 7.497348
-22.509001 -34.890999 -44.257000 7.427950
41.915001 10.072000 18.684999 7.424419
16.530001 -36.409000 -11.359000 8.809466
-43.401001 9.053000 -41.144001 6.817035
-30.811001 -14.513000 -17.351000 8.015151
29.830000 -14.001000 15.698000 7.916242
21.157000 -37.925999 -14.417000 8.377707
-20.667000 -38.018002 24.818001 8.426043
0.209000 16.138000 -47.104000 6.834835
27.934999 -17.304001 21.759001 8.458974
39.942001 2.019000 27.715000 7.445757
-13.579000 -30.573000 -17.417999 9.576715
9.385000 -39.529999 -29.340000 8.478817
-40.379002 -18.676001 -8.429000 7.999979
-11.659000 -41.250999 0.666000 8.574381
-41.785000 -7.318000 -23.309000 7.707713
6.190000 -32.334000 15.685000 9.557969
3.187000 28.077999 -47.144001 6.662073
39.973999 1.978000 12.659000 7.687357
36.172001 -7.980000 46.223999 7.321000
40.610001 14.256000 18.836000 7.314270
30.142000 -13.918000 -23.361000 8.134773
-0.630000 42.745998 -5.301000 7.859263
-29.202999 32.919998 -26.239000 7.035870
6.277000 -32.266998 24.646999 9.156066
-42.098000 -11.318000 -17.239000 7.787936
-20.792000 33.972000 -47.283001 6.912857
37.859001 20.756001 -17.375999 6.830156
40.648998 14.335000 -2.049000 7.553051
-28.018999 32.633999 -46.403999 6.973293
26.382999 -19.415001 33.734001 8.339077
-11.543000 39.868999 15.710000 6.856187
-29.802000 -28.996000 21.737000 8.380076
-2.809000 43.754002 -44.361000 6.367190
-14.944000 -41.067001 21.664000 8.661367
38.542999 -20.002001 -17.379999 8.233033
-30.784000 -14.514000 -26.292999 8.508238
-24.131001 -32.653999 12.780000 8.220986
40.002998 -16.990999 -23.292999 7.931959
-28.358999 20.638000 24.784000 7.884137
-17.356001 -36.666000 33.716000 8.166334
-42.359001 13.078000 -41.240002 6.915853
40.021999 1.913000 -11.343000 7.570723
-18.848000 29.201000 -29.297001 7.386237
-26.510000 -32.810001 9.808000 8.325664
-22.247999 -34.678001 -41.280998 7.680241
26.399000 21.400999 15.693000 7.168009
0.243000 -13.909000 -36.680000 6.878898
32.442001 -28.535000 27.653000 7.861226
40.568001 14.158000 39.611000 7.231497
18.233999 24.945999 -47.056999 6.995245
-24.249001 25.507999 36.672001 8.544391
-42.785000 12.995000 21.662001 7.111660
32.949001 28.052999 42.662998 6.874600
-41.712002 16.046000 15.678000 7.324203
-29.912001 27.988001 45.395000 8.090082
12.199000 -23.025999 -46.856998 6.677770
31.179001 12.966000 -23.362000 6.989772
-26.492001 -14.361000 -36.799000 8.037201
32.096001 -8.003000 15.730000 7.934340
37.870998 20.801001 -35.297001 6.711642
-35.707001 22.084000 21.743999 7.572416
-11.621000 -41.588001 -41.270000 7.698106
-32.530998 -10.962000 39.778999 9.115738
-35.588001 0.957000 45.466000 8.337208
23.704000 24.533001 -23.271000 6.940482
-24.285000 -23.448999 -17.420000 8.899032
-14.808000 -41.139999 -38.252998 8.084148
33.501999 1.001000 -32.365002 7.538054
31.642000 11.357000 15.894000 7.827896
39.248001 -11.012000 -46.773998 7.235096
-30.016001 -32.085999 -11.240000 8.547676
39.599998 -17.000000 33.659000 7.293353
-24.237000 25.554001 39.743000 8.835162
39.585999 -16.976000 36.709999 7.060514
-42.054001 -3.208000 -32.271999 7.865951
33.141998 -13.968000 46.237000 7.065102
-41.973999 -7.267000 -2.307000 7.483156
39.742001 -17.021999 12.725000 7.350753
32.096001 9.837000 12.706000 7.822347
27.139999 0.852000 -46.743999 6.608489
21.226000 19.010000 -36.730999 7.700704
-29.853001 -28.931999 33.713001 8.414664
31.728001 29.580999 -20.752001 6.828165
-13.620000 -30.587000 -32.284000 8.953312
33.132000 3.970000 18.650000 7.377004
42.219002 -1.731000 36.780998 7.698417
13.284000 -30.311001 -23.205999 8.654763
-25.110001 32.407001 27.768000 7.573398
-17.832001 -19.979000 -36.733002 7.811459
-6.460000 -40.900002 27.743000 8.507668
-38.804001 -19.172001 36.702000 7.881782
-34.325001 3.105000 -23.270000 8.386067
0.269000 -10.983000 -36.694000 6.632380
-8.817000 15.998000 -47.146999 6.860601
-22.808001 -34.991001 42.745998 7.947889
-36.108002 19.629999 6.606000 7.769057
-5.826000 43.908001 42.715000 6.599617
-42.043999 -11.323000 -11.291000 7.334403
33.652000 -21.427999 3.752000 7.188066
37.757000 20.622000 44.924999 6.829023
-25.732000 -21.962999 0.572000 8.413401
31.649000 -9.295000 28.155001 7.830515
-5.084000 -43.245998 -46.456001 6.979127
-27.674999 -33.834000 -32.349998 8.500903
-17.797001 22.056999 -36.935001 7.829751
29.799000 15.973000 -5.408000 7.325480
39.174000 7.036000 46.165001 7.270377
-41.556999 16.028000 -8.356000 7.323708
8.532000 32.738998 -36.834000 7.385383
-27.631001 -33.769001 -23.257000 8.254270
-20.830999 -26.385000 9.665000 8.759746
25.469000 -21.202000 -26.219999 8.683254
-43.397999 -10.022000 -2.400000 7.259563
-26.858000 -22.947001 -47.042999 7.186422
-17.896000 -36.810001 -17.278999 8.629354
16.228001 -36.276001 27.714001 8.082202
33.870998 -22.339001 42.676998 7.250836
3.198000 34.703999 33.726002 7.532327
0.201000 -39.998001 30.698999 8.097800
15.360000 -37.768002 -26.281000 8.332104
-2.904000 43.816002 -32.323002 6.765111
-31.361000 31.111000 -5.215000 7.426192
7.649000 41.608002 15.677000 7.423513
-20.660999 -38.257000 -5.355000 8.911528
9.146000 -38.955002 42.679001 7.141108
33.132000 27.921000 -17.296000 6.869903
-15.631000 -38.095001 0.691000 8.615915
-33.290001 -7.966000 -17.264999 8.046030
-29.497000 19.063999 36.726002 8.067568
32.047001 9.704000 39.678001 7.522072
-24.132999 25.531000 27.729000 7.872373
38.638000 19.002001 18.757999 7.315344
25.211000 -20.892000 33.641998 7.764935
23.684000 24.552999 -20.347000 6.924337
29.671000 16.023001 42.730999 7.387042
-32.805000 9.942000 -47.230999 7.256888
-8.797000 -32.021999 21.691999 9.460324
-22.781000 -34.972000 36.634998 8.646708
-38.872002 19.385000 15.758000 7.114402
-8.810000 -32.189999 -29.280001 9.089320
-43.952999 4.000000 -46.727001 6.879663
-41.952000 -7.237000 0.754000 7.299493
-7.569000 -39.526001 12.956000 9.155302
-34.638000 1.062000 24.724001 7.989267
-20.473000 37.514000 12.618000 6.716909
-38.551998 -14.060000 45.351002 8.289966
7.584000 41.723999 33.812000 7.426369
-13.410000 -30.523001 27.524000 9.372642
41.731998 -10.948000 21.656000 7.240146
-11.334000 32.890999 -20.386000 6.870150
-2.834000 -32.919998 24.801001 9.840036
24.153999 -34.983002 45.639999 7.037147
-17.693001 37.035999 15.645000 7.092158
29.952000 -14.009000 -2.322000 8.342340
42.132000 0.572000 -46.537998 7.391338
-22.167999 26.424000 -36.790001 7.638556
-17.691999 36.959000 0.702000 7.252008
0.277000 34.950001 39.653999 7.320930
35.501999 24.738001 -44.228001 6.547749
0.246000 -38.030998 46.188999 7.343119
16.164000 -36.235001 36.891998 7.656936
32.694000 -4.951000 30.601000 7.796940
-43.330002 -9.635000 -41.299000 7.138173
-43.445999 9.274000 -26.256001 7.346928
-32.472000 12.985000 30.610001 8.537135
32.948002 -25.837000 -32.296001 7.513154
-28.414000 -18.645000 18.867001 8.052403
31.746000 29.562000 -17.384001 6.851675
28.837000 -15.709000 30.712000 7.725554
19.981001 38.632000 27.605000 7.246587
-40.449001 -18.709000 25.014000 7.721038
-26.052000 -32.912998 -44.327000 7.432886
-44.023998 6.983000 -2.354000 7.453257
-38.818001 19.377001 12.683000 7.322750
-14.925000 -41.074001 3.655000 8.660977
15.182000 3.984000 -36.693001 6.312087
6.101000 -35.013000 46.208000 7.543865
41.705002 9.891000 -46.574001 7.149423
21.166000 -37.977001 -23.271999 8.246336
-44.185001 -1.940000 -44.284000 6.853244
-30.613001 -26.840000 -35.403999 7.569819
-40.629002 18.268000 -2.280000 7.156587
-20.757000 34.104000 45.745998 6.894809
-10.479000 42.292999 44.918999 6.026935
19.041000 -27.004999 -17.375000 8.943978
-40.740002 18.450001 45.013000 8.340775
12.274000 -4.683000 -46.726002 6.256129
31.336000 -24.936001 18.799000 7.126284
12.173000 -16.987000 -46.888000 6.577036
-22.746000 -24.882999 -32.313999 8.737910
35.459999 24.791000 -32.182999 6.684503
32.483002 -28.502001 24.673000 7.820847
21.174000 15.977000 -36.717999 7.950779
27.900999 19.233999 18.716000 7.139741
-35.240002 -23.018000 36.773998 7.755312
15.345000 -37.727001 -20.318001 8.520192
-14.649000 41.716000 18.658001 6.508944
-39.370998 -11.881000 -41.262001 7.352090
-5.712000 19.041000 -36.866001 6.629446
18.746000 28.764000 21.771999 7.297350
0.063000 -40.191002 -8.310000 9.172897
24.240999 -7.950000 -36.589001 7.767054
-35.097000 -23.176001 0.730000 7.727018
-17.605000 36.824001 -32.313999 7.067052
3.903000 41.036999 21.808001 6.563733
-40.494999 -4.916000 -32.306000 7.251441
20.990999 -25.436001 -8.278000 9.106136
-43.085999 10.665000 -32.216999 6.984438
13.028000 -30.240999 3.724000 9.168192
-8.757000 13.061000 -47.132999 6.641352
-26.761000 -28.957001 -47.011002 6.965499
-31.403999 31.096001 9.634000 6.528658
-31.518999 -13.012000 -20.266001 8.176229
40.002998 1.905000 -23.198000 7.276229
26.503000 -19.417000 18.607000 8.552089
-31.483999 15.030000 9.817000 7.613830
37.856998 20.771000 -20.320999 6.900071
9.253000 -39.071999 15.693000 8.529138
39.673000 -4.702000 33.681999 7.094590
-17.848000 9.992000 -47.161999 6.775644
29.896999 -13.990000 6.781000 7.644229
-29.347000 19.028000 15.717000 7.592017
-3.367000 -43.306000 30.639000 7.612468
-27.862000 32.733002 3.597000 6.460461
-5.855000 43.683998 -2.213000 7.355437
3.179000 25.049999 -36.849998 6.313592
-41.797001 16.082001 30.778999 7.383365
-2.805000 -33.141998 -26.260000 8.421741
21.264999 37.743000 -44.284000 6.551113
41.104000 -13.757000 -5.310000 7.392355
3.202000 34.437000 -26.292999 6.964918
-19.275999 -27.469000 22.719999 9.144221
12.623000 32.048000 -17.329000 7.706016
29.784000 15.986000 -2.259000 7.520633
-5.915000 9.987000 -36.825001 7.045078
39.800999 -16.981001 6.694000 7.251989
36.151001 -16.995001 46.265999 6.751446
-23.811001 16.006001 -36.933998 7.593963
-44.320999 4.054000 45.222000 7.633713
39.827999 -2.838000 24.714001 7.377804
-23.945000 25.268000 -17.214001 7.446325
31.068001 -11.047000 21.705999 7.673398
-22.832001 -37.458000 -5.161000 9.147847
16.122999 -36.207001 42.661999 7.094395
-15.485000 -38.112000 -38.332001 8.228159
-14.741000 22.086000 -47.202999 6.659287
29.756001 -31.504000 9.687000 7.697896
-33.368000 -8.009000 6.762000 7.717919
25.372000 35.256001 42.652000 6.699532
-5.724000 -32.757999 -11.273000 9.650027
18.513000 -37.700001 15.623000 8.196164
15.256000 30.757999 -32.366001 7.177047
-41.861000 16.002001 36.657001 7.928401
-43.230000 11.331000 18.599001 7.284986
-8.863000 43.465000 27.632000 6.808298
42.393002 1.084000 39.730999 7.616590
31.298000 -30.000000 9.847000 7.640752
-26.879000 -17.003000 -47.073002 7.216202
-34.174000 -22.393000 -32.300999 7.937961
33.223999 19.073999 -46.951000 6.607648
-33.481998 10.024000 36.813999 8.286247
-42.132000 -11.284000 -26.306000 7.618760
31.683001 11.439000 -5.411000 7.573009
-14.166000 41.564999 -41.354000 6.792197
-39.494999 -11.707000 36.675999 7.741129
21.570999 -35.015999 -44.310001 6.805461
16.297001 -36.327000 15.671000 8.233375
-20.841999 28.028999 -2.234000 7.669260
-14.907000 -41.061001 -11.259000 9.535704
32.153999 -7.857000 12.703000 8.092584
-32.855000 -26.318001 39.745998 7.371273
32.568001 -28.714001 -5.267000 7.761066
-13.122000 32.445999 9.857000 7.055860
-21.038000 -7.619000 -36.810001 7.260722
31.040001 12.930000 30.655001 7.348581
9.189000 -31.481001 30.657000 9.079715
-32.834999 -19.982000 -47.078999 6.911590
-2.807000 -28.973000 -36.615002 7.889905
31.695000 11.484000 -14.016000 7.628663
27.917999 -32.868000 39.787998 7.440458
0.295000 1.074000 -46.659000 6.564815
-34.432999 3.880000 9.805000 7.837538
9.271000 -39.271000 -32.305000 8.340326
-40.584999 -17.400000 -46.477001 6.918313
17.077000 -36.421001 -32.299000 8.325612
15.164000 40.907001 24.660000 7.228836
18.004000 39.417000 45.263000 6.343265
-2.663000 -19.995001 -46.945000 6.539002
-23.563000 37.078999 -11.289000 7.513730
-35.029999 -23.322001 -23.278000 7.826933
42.298000 -1.823000 15.671000 7.699209
-9.216000 42.891998 -14.332000 6.972396
6.261000 34.181000 27.679001 7.601287
21.177999 -32.035999 -46.764000 7.009148
-40.507000 17.924000 -41.319000 6.584815
21.462000 -34.918999 -17.247999 8.514214
-25.058001 32.325001 12.406000 7.632507
33.410999 0.985000 -11.273000 7.687101
39.859001 -4.812000 -26.399000 7.815586
6.216000 -40.766998 0.720000 8.651325
18.153000 12.961000 -47.000999 6.396029
-32.707001 -26.523001 0.682000 7.927655
-40.710999 -17.261000 -35.277000 7.246799
-14.565000 41.681999 0.693000 6.577150
-42.081001 -11.323000 -8.354000 7.347949
35.512001 24.621000 9.741000 7.591810
13.512000 41.433998 -17.184999 7.368488
-29.503000 -16.961000 15.630000 8.168775
33.188000 -2.051000 9.721000 8.018013
-27.705000 32.719002 21.837000 6.621339
42.513000 -7.791000 -29.334000 7.435913
30.417000 -29.169001 45.919998 7.185009
12.168000 42.066002 33.671001 7.091280
-32.317001 -10.949000 -26.240000 8.735354
12.849000 32.095001 30.733000 7.623274
-35.639999 -26.247000 -26.358999 7.746236
-40.842999 -17.097000 3.764000 7.572487
42.431000 1.035000 3.679000 7.739051
-24.417999 25.684000 45.124001 8.567149
-2.205000 -41.113998 6.663000 8.587355
32.898998 -25.750999 15.694000 7.102847
-18.979000 29.290001 -8.513000 7.446539
-38.828999 19.500999 42.712002 8.177279
36.220001 4.068000 -46.865002 7.161782
-21.790001 38.618000 21.740000 6.376848
-20.402000 37.493000 36.660000 6.784283
-20.902000 27.955999 -5.255000 8.120756
-12.932000 32.374001 -11.518000 7.048548
-36.224998 19.587999 12.702000 7.883968
16.552000 -36.417000 -13.925000 8.629251
-11.670000 -41.118999 18.783001 8.436714
27.216000 -7.975000 -36.571999 7.570231
-31.334999 26.559999 44.779999 8.049000
0.611000 40.542999 -20.362000 6.548095
-34.653999 1.013000 27.750000 8.285058
20.903000 -37.682999 -46.514999 6.823261
-43.110001 10.717000 -26.256001 7.382094
40.050999 -16.974001 -29.285999 7.781366
-33.951000 7.013000 0.705000 7.857387
-0.666000 42.834000 -2.311000 8.013775
-43.564999 9.774000 12.710000 7.327691
15.164000 40.926998 33.784000 7.231234
-32.341999 -10.964000 -17.347000 8.474732
17.143999 -27.804001 42.526001 7.530526
-32.797001 -2.027000 -47.174000 7.379748
5.476000 -43.195000 12.744000 7.652852
32.785999 -4.881000 15.706000 7.922836
9.193000 33.331001 0.695000 7.704734
-16.621000 39.702000 -38.286999 7.104060
-38.658001 -14.095000 -8.366000 7.900253
-34.304001 2.634000 -32.195000 8.339720
11.489000 25.438999 -36.810001 6.722609
2.349000 -41.314999 6.588000 8.434624
27.978001 -32.880001 33.674000 7.472470
-32.778999 1.022000 -47.188999 7.431800
-5.777000 34.249001 -20.304001 6.967000
41.001999 -13.424000 27.688999 7.427585
30.205000 7.030000 -36.625000 7.405512
-26.926001 22.020000 -17.362000 7.611185
-6.475000 -40.891998 33.702999 8.635130
-2.698000 13.048000 -47.104000 6.828370
26.413000 -19.344999 36.707001 7.821516
-17.787001 30.391001 39.696999 7.366182
41.651001 4.963000 -35.207001 7.089393
-11.705000 -41.077999 27.711000 8.500224
32.847000 6.982000 -14.359000 7.767529
18.221001 25.063000 -36.771000 7.413411
30.386999 -25.976000 -46.691002 6.834455
32.119999 9.894000 0.682000 8.158337
-36.131001 19.514000 -8.242000 8.138325
31.316999 -24.950001 21.681999 7.252315
-22.697001 -34.904999 18.659000 8.989458
-7.317000 -39.494999 36.644001 8.611692
-34.484001 -1.988000 18.742001 7.924913
-17.818001 25.000999 -47.230999 6.640722
-30.121000 -32.103001 27.731001 8.204106
24.157000 0.797000 -46.769001 6.653909
-20.812000 -26.429001 -20.339001 9.051180
41.214001 -6.229000 -46.284000 7.548874
-5.382000 -43.278999 33.708000 7.623697
21.422001 -34.930000 21.735001 8.041961
39.245998 1.003000 -46.730999 7.044023
35.314999 -25.235001 -5.303000 7.410416
9.140000 42.432999 -26.298000 7.200523
34.460999 26.164000 3.713000 7.493059
3.198000 34.662998 24.657000 7.674108
9.168000 -4.946000 -36.680000 6.610699
-39.945999 -15.690000 9.794000 7.442245
-25.632000 23.877001 12.779000 7.352733
9.200000 31.077999 -47.129002 7.259275
15.290000 30.775000 -20.288000 7.692095
18.212999 33.950001 -47.095001 6.535253
-40.887001 -17.007999 15.762000 7.415682
36.984001 22.280001 -5.367000 7.391836
-28.125000 -33.530998 45.015999 7.325987
-23.371000 -11.614000 -36.800999 8.654280
-11.568000 32.966999 3.661000 7.199248
42.494999 6.936000 21.726000 7.236739
-30.645000 27.957001 36.689999 7.711650
32.995998 -4.919000 -23.316000 7.758678
-14.742000 -13.935000 -47.033001 6.807851
-42.104000 -3.231000 -41.306999 7.308935
39.955002 3.626000 -41.327000 6.840340
19.815001 38.597000 -29.309999 6.975595
28.724001 32.535000 -5.386000 7.414765
-14.823000 -35.051998 -46.922001 7.299643
26.489000 -19.597000 3.714000 8.329252
-44.306999 -1.990000 9.703000 7.263286
9.230000 33.328999 3.644000 7.645781
-32.026001 13.010000 -32.306000 8.057659
-25.049000 32.374001 18.656000 7.291234
0.170000 -33.049999 9.628000 9.715979
-14.428000 41.654999 -11.393000 7.211444
33.310001 3.958000 -23.326000 7.333406
10.632000 -39.562000 9.790000 8.411437
33.230000 4.004000 -5.266000 7.956402
-17.754000 37.098000 33.747002 7.768692
-10.248000 40.490002 -32.405998 7.175397
-20.898001 -26.344000 0.740000 9.129305
25.191999 22.927999 -32.376999 7.080634
6.374000 -40.784000 -14.332000 8.776708
18.542999 -37.719002 -20.320999 8.734819
-5.759000 43.530998 -32.230000 6.633597
-28.375999 -18.598000 -23.167999 8.385514
-42.005001 -11.308000 15.604000 7.254569
-44.146999 6.939000 18.587000 7.190748
-43.800999 7.052000 -38.332001 6.674446
29.716999 16.039000 15.611000 7.457015
9.137000 42.375000 -38.318001 6.775634
-2.787000 31.032000 -47.187000 6.876431
25.235001 22.851000 42.667999 6.970141
15.257000 -16.966000 -46.872002 6.513091
18.337000 39.448002 12.690000 7.417156
-30.972000 31.056999 15.731000 6.893202
-30.063999 -32.088001 9.695000 8.154642
35.351002 24.509001 45.276001 7.018936
6.239000 1.073000 -36.723999 6.401195
-17.875999 -36.818001 -32.410999 8.229872
18.673000 28.738001 -23.368999 6.891732
-22.877001 -37.428001 9.624000 8.555468
32.991001 28.062000 12.646000 7.413877
-31.299000 26.518000 34.376999 7.819827
37.820000 -21.674000 -41.314999 7.279234
12.117000 7.059000 -36.723000 6.235305
-32.841000 7.022000 -47.217999 7.322701
28.820000 17.726000 21.728001 6.763660
3.262000 -37.924999 46.205002 7.321108
0.196000 -33.230000 -29.238001 7.991750
-29.438000 -17.037001 6.765000 7.927968
33.051998 27.976000 18.690001 7.386441
-14.950000 -29.917999 -2.253000 9.585927
-27.280001 -20.073999 -23.282000 8.504133
-40.442001 -18.784000 42.729000 7.584237
41.119999 12.921000 0.678000 7.492683
11.269000 32.757000 36.702000 7.251565
32.932999 -25.844999 -29.242001 7.769484
38.345001 -19.707001 30.705999 7.329292
-14.859000 -41.127998 -32.348000 8.601719
5.430000 -43.118000 27.525000 7.369022
17.105000 -36.303001 3.675000 8.307263
7.619000 41.634998 21.716999 7.475111
12.269000 10.035000 -36.736000 6.341627
39.978001 16.097000 -5.378000 7.521720
33.044998 28.007999 3.706000 7.519067
-5.798000 34.553001 33.674000 7.600143
15.223000 7.077000 -46.987999 6.188845
-5.848000 43.826000 24.627001 6.915344
-17.743000 -36.787998 -14.323000 8.910033
-13.225000 32.484001 21.375999 7.062411
-17.833000 -28.354000 18.667000 9.406540
27.924999 19.263000 -8.317000 7.065377
-36.063999 25.254999 -26.308001 6.779217
19.861000 38.594002 -20.205000 7.062817
-22.393999 38.578999 44.792999 6.481776
3.792000 -43.227001 -46.527000 6.954563
-8.802000 33.970001 -47.228001 6.720515
33.055000 28.010000 -11.372000 7.141063
35.455002 -25.388000 -38.233002 7.480685
-32.818001 -26.642000 -11.299000 8.651126
26.874001 -34.402000 -38.356998 7.730877
-41.926998 -11.316000 12.685000 7.364067
-34.054001 -5.192000 18.711000 7.904002
-42.007999 -3.003000 30.653999 7.551246
-19.261999 -27.459999 37.091000 8.877052
34.456001 26.198999 -11.420000 7.343288
3.224000 -26.020000 -46.886002 6.685669
12.221000 -31.955000 -46.811001 6.984263
3.209000 -7.936000 -46.976002 6.653202
-17.534000 30.212000 -2.371000 7.564746
32.193001 -7.903000 3.684000 7.975380
-5.807000 43.766998 12.722000 7.096599
-35.806000 -26.115999 30.756001 7.880722
-32.777000 -26.361000 30.693001 7.978542
36.976002 22.216000 15.677000 7.444170
-34.238998 -22.320000 -14.266000 8.182330
28.061001 -32.931999 21.655001 7.693954
18.205999 39.424000 -23.329000 6.973465
18.561001 -37.741001 -26.261000 8.262662
38.432999 -19.879999 6.674000 7.486724
33.297001 25.051001 -46.905998 6.828910
-29.552999 19.013000 39.651001 8.511804
0.236000 -32.908001 39.807999 8.331048
-35.717999 -26.128000 -20.327999 7.881104
23.931000 -22.740999 -11.307000 8.597381
31.813000 -9.778000 -23.539000 7.859655
41.268002 -6.074000 9.660000 7.411345
-8.728000 7.036000 -47.105000 6.733982
-26.856001 22.073999 -20.249001 7.519379
-40.945000 -16.965000 36.729000 7.321345
-20.771000 -13.932000 -47.061001 7.031415
40.701000 -15.474000 -34.076000 7.248656
-22.820999 -37.500999 -8.254000 9.196707
32.930000 -5.125000 -17.320000 7.981178
-28.063999 -33.574001 36.660999 7.781791
31.086000 -10.954000 24.701000 7.722513
-18.891001 29.250000 -20.218000 7.221941
21.395000 37.682999 -41.254002 6.474772
-44.380001 4.064000 -8.338000 7.604774
-17.825001 -22.972000 -47.001999 7.405126
-28.414000 -18.652000 21.679001 8.588017
-23.989000 25.313000 -8.258000 8.032164
42.375999 1.034000 0.687000 7.776906
42.780998 6.901000 -32.320000 7.133698
15.184000 40.813999 -5.242000 7.586432
37.755001 -21.605000 -26.274000 7.754313
-19.330999 -27.503000 -32.217999 8.839513
-8.904000 -4.788000 -46.863998 6.922093
6.187000 -32.006001 -46.841000 7.452711
-30.587000 -26.870001 -14.326000 8.369369
-32.890999 -26.021000 -46.844002 6.968101
31.375999 -24.997000 15.808000 7.075822
-31.521000 -12.942000 -29.320999 8.405618
24.136999 -35.884998 -38.347000 7.860018
-11.650000 -2.004000 -46.689999 6.771812
41.269001 -6.123000 -17.260000 7.814676
21.188000 -13.947000 -46.858002 6.491749
-42.879002 13.073000 42.705002 7.741461
30.393999 -23.139999 46.062000 7.077982
-2.766000 43.845001 -29.337999 6.765367
23.775999 36.283001 -17.400000 7.196202
36.945000 22.249001 21.766001 7.128356
-13.407000 32.570999 43.014000 7.092702
-44.276001 -1.948000 -11.301000 7.103884
-24.670000 32.167999 -38.283001 7.205599
14.733000 -40.727001 -2.279000 7.846193
-9.068000 42.952999 -23.297001 6.860084
-29.533001 -28.985001 -32.330002 8.025715
33.020000 27.996000 30.739000 7.084265
-8.745000 15.986000 -36.866001 7.000337
-20.596001 -38.348000 -23.384001 8.735278
-43.580002 -8.602000 -8.408000 7.364977
-3.086000 -43.587002 -44.365002 7.309263
0.215000 -32.948002 30.642000 9.216599
6.211000 -32.594002 -32.330002 8.406014
-20.858999 -26.044001 -47.000999 7.393163
22.280001 -24.063999 21.813999 8.535014
0.513000 40.777000 21.642000 6.579856
-42.153000 -11.279000 -32.284000 7.621849
-25.195999 32.452999 42.667000 7.544858
31.370001 -24.888000 -5.337000 7.716059
-31.236000 26.433001 18.158001 7.679863
38.582001 -20.052999 -26.320000 7.905483
20.780001 -25.379000 18.771999 8.433259
-31.969000 13.043000 -35.323002 7.784915
39.914001 3.705000 -23.219000 7.169048
-35.787998 -26.122000 24.737000 7.988549
-34.307999 -0.801000 -34.949001 7.968481
6.309000 -13.933000 -46.931000 6.621468
-34.080002 -5.264000 27.687000 8.573400
32.120998 9.961000 -5.262000 7.574572
-8.835000 -32.000999 24.705000 9.331075
-30.261999 27.986000 -38.282001 7.158642
3.425000 42.869999 -32.307999 6.699844
-17.544001 36.869999 -29.403999 7.371419
-40.692001 -5.057000 15.675000 7.655335
21.202000 -13.951000 -36.575001 7.110510
14.827000 -40.847000 -38.308998 7.661442
12.597000 32.085999 -8.302000 7.822090
15.143000 -37.735001 3.569000 8.175186
28.148001 -17.593000 -29.445999 7.984775
-22.514999 26.690001 -5.335000 7.653766
0.175000 -32.973000 45.248001 8.101057
-22.966999 -37.423000 39.771000 8.348658
-14.890000 1.089000 -46.826000 6.629549
-8.728000 -38.368999 45.672001 6.891937
32.636002 -5.005000 39.755001 7.755281
-0.537000 42.758999 -41.243999 6.812966
-44.175999 7.075000 27.707001 7.498013
0.241000 -33.147999 -11.342000 9.726218
-17.700001 6.994000 -36.866001 6.880378
-22.371000 26.561001 -32.292000 7.786455
3.205000 -20.016001 -36.633999 6.756049
21.472000 -34.898998 -11.298000 8.198331
-2.742000 -11.000000 -36.708000 6.769958
-38.827000 3.990000 45.804001 8.155960
14.558000 -40.599998 33.618999 7.424586
-38.917000 -19.297001 15.663000 7.759984
-8.821000 -31.951000 42.639000 8.791680
24.242001 -35.533001 27.791000 7.558543
-23.676001 37.320999 24.681999 6.449643
-32.537998 -10.983000 42.709999 8.892564
-0.594000 42.849998 -35.249001 6.851657
-17.825001 -28.389999 0.669000 9.198216
-17.516001 36.820999 -38.312000 6.980672
-24.247000 -23.504000 42.714001 8.872704
24.173000 28.039000 -47.039001 6.596925
-28.642000 -33.741001 -46.417000 7.260689
-42.018002 -7.206000 9.714000 7.680253
35.243000 -25.215000 6.660000 7.348615
3.565000 -43.216999 39.761002 7.219738
-30.627001 -26.822001 -32.316002 7.895657
-31.469000 14.826000 -5.324000 7.574600
11.116000 32.681000 -5.233000 7.862647
-17.811001 4.059000 -36.852001 6.931253
-33.279999 -8.044000 -14.306000 8.542873
-42.020000 -3.120000 -5.413000 7.935747
-2.836000 -32.945999 18.643000 9.357517
41.881001 9.935000 36.727001 7.167484
-8.699000 -39.655998 -44.290001 7.690298
-25.120001 32.422001 30.893999 7.880546
-41.811001 -2.135000 45.520000 8.508075
42.729000 7.097000 -26.360001 7.357019
3.207000 34.404999 -32.308998 7.005582
-3.291000 -43.380001 9.682000 8.371412
38.695000 19.072001 -17.285999 6.959613
3.281000 41.106998 -8.193000 6.863936
-14.863000 -41.139000 -2.285000 8.909762
20.739000 -37.522999 45.554001 7.035690
9.010000 42.777000 42.639999 6.579071
41.431000 5.165000 9.655000 7.668387
20.648001 27.291000 -17.370001 7.317972
31.132999 13.021000 -14.361000 7.198948
27.139999 12.958000 -36.671001 7.257792
41.130001 -13.848000 -14.300000 7.731015
13.606000 41.480999 9.909000 7.464907
34.476002 26.200001 -29.201000 6.817187
40.606998 14.293000 15.874000 7.207032
9.243000 -39.516998 -26.381001 8.650204
9.048000 42.493999 -5.263000 7.507412
-33.987000 -5.008000 -5.332000 8.448954
-5.815000 -32.568001 33.591999 9.489030
-44.577000 1.018000 -2.287000 7.483913
-44.278999 -1.979000 -2.334000 7.395725
-28.358000 -18.604000 -29.450001 8.464177
31.690001 11.441000 -7.887000 7.890236
-26.466000 32.112999 -29.348000 6.954206
42.320000 -1.840000 12.650000 7.591550
-19.299000 -27.483999 2.826000 8.853644
-31.559000 -13.020000 -5.378000 8.576529
-35.756001 22.129999 30.775000 8.351420
31.292999 -11.241000 -23.313000 7.563294
9.225000 6.992000 -36.737000 6.284738
11.909000 -41.035000 36.720001 7.575885
29.792999 16.062000 -23.347000 6.694533
15.186000 1.109000 -36.680000 6.318238
0.198000 -33.217999 -26.329000 8.191399
-2.235000 -40.944000 24.660000 8.558024
38.334999 -19.861000 21.684000 7.520320
42.400002 -7.837000 3.679000 7.400074
-38.837002 19.479000 36.653999 7.857242
-43.270000 11.380000 27.313000 7.267064
31.775000 -9.716000 -14.074000 8.185179
-40.436001 -18.761000 30.684000 8.051617
30.122999 -13.926000 -46.812000 6.925560
-29.912001 -32.084999 -38.423000 7.507019
20.688999 27.271000 -5.345000 7.675305
12.089000 1.204000 -46.723000 6.258453
-13.052000 32.430000 3.437000 7.395899
-34.577999 1.012000 12.667000 7.629917
-22.747999 -34.997002 27.719999 8.960423
-20.781000 28.146999 6.721000 7.118389
28.819000 17.716999 24.677999 6.826189
-11.580000 -41.546001 -44.298000 7.296199
-43.159000 10.972000 -8.184000 7.537028
21.032000 -25.577000 -29.379000 7.549303
-39.441002 -11.786000 0.710000 8.056767
-32.748001 -26.767000 -35.312000 7.537219
-14.692000 -5.114000 -36.793999 7.016191
32.062000 -7.746000 33.709999 7.704435
-28.691999 -33.706001 -2.342000 8.691344
-32.623001 -13.879000 45.687000 8.495659
-34.297001 2.551000 -33.949001 7.882826
19.936001 38.673000 42.723999 6.873939
34.062000 -22.065001 -2.275000 7.726726
31.327999 -30.087000 -2.199000 7.554905
9.235000 -31.631001 3.667000 8.958444
40.009998 1.930000 -20.285999 7.491756
-25.754000 -21.968000 36.645000 9.549885
40.494999 -14.931000 27.764999 7.333998
-14.406000 41.637001 -17.247000 6.824149
-36.069000 25.223000 -32.348000 7.012127
-21.000000 -26.527000 45.367001 8.831940
9.218000 18.934999 -36.792999 6.719542
26.601000 -34.137001 18.704000 7.473030
-41.801998 6.985000 -47.248001 6.944350
-5.365000 -43.328999 3.780000 8.654632
-8.769000 -13.992000 -47.004002 6.648245
-34.046001 -4.954000 6.737000 7.830758
-31.400000 14.693000 -23.268999 7.657160
-20.990000 28.605000 45.150002 8.623158
0.189000 -37.973999 -46.834000 7.147221
-0.597000 42.787998 -20.339001 7.483400
25.464001 -21.237000 -29.238001 8.200552
-6.402000 -40.865002 3.628000 8.907017
-44.471001 4.090000 9.599000 7.087319
-29.493000 -28.954000 -41.275002 7.455523
14.807000 -37.895000 39.678001 7.695852
21.159000 33.997002 -47.078999 6.457066
-32.905998 -22.920000 -46.962002 6.704024
21.392000 -34.811001 27.688000 7.959414
19.965000 38.654999 39.804001 6.974611
9.159000 -31.691000 -2.248000 9.088669
21.240999 -32.028999 46.259998 6.991028
-23.594000 37.216999 9.673000 6.499195
8.971000 -39.521000 -32.110001 8.467362
14.560000 -40.587002 36.780998 7.369084
3.531000 -43.312000 15.739000 7.877697
-31.128000 26.253000 -11.250000 8.048293
0.203000 -39.966000 36.667999 8.067063
-44.680000 0.996000 18.671000 7.236473
-38.876999 -19.267000 18.820999 8.146171
37.023998 22.322001 -41.326000 6.610448
33.595001 -21.480000 -16.528000 7.735674
0.606000 40.716000 9.704000 6.910248
-43.271000 11.440000 30.337000 7.473661
-41.640999 16.025000 3.688000 7.344994
-40.660000 18.337000 6.758000 7.511379
-11.780000 -31.277000 -26.349001 9.079420
-8.760000 33.675999 -14.393000 7.239354
-32.334999 -10.933000 -23.278000 8.446163
-16.914000 40.120998 33.720001 6.773640
-32.831001 -26.509001 9.694000 7.808027
-20.750999 19.013000 -36.933998 7.887428
-30.778000 31.184000 -38.313000 7.497012
-34.075001 -5.147000 21.642000 8.388828
-5.737000 43.742001 6.589000 7.132242
-33.820999 -5.024000 -35.377998 8.049887
12.077000 41.993999 -2.317000 7.416561
37.000000 22.232000 0.597000 7.545181
-35.747002 6.989000 -47.230000 7.242000
39.956001 -2.799000 18.775999 7.202151
33.175999 -2.008000 12.647000 7.879364
-20.875000 -13.918000 -36.778000 8.096553
17.438999 -27.929001 0.652000 8.735689
-21.721001 38.569000 6.620000 6.753520
41.217999 -14.026000 -38.323002 6.887450
14.824000 -37.702000 42.706001 7.295249
-14.247000 41.590000 -32.286999 6.829656
-13.512000 -30.577000 -8.454000 9.697366
-2.804000 25.009001 -36.877998 6.400228
-43.305000 11.542000 42.459999 7.689400
-5.820000 34.380001 3.621000 7.674458
-30.087999 -32.185001 39.636002 7.540945
35.928001 -22.709999 -32.235001 7.789970
41.012001 -13.579000 18.599001 7.263824
11.471000 -30.740999 24.645000 9.214139
2.231000 -41.168999 30.639999 7.839212
3.536000 -43.266998 24.743999 7.520463
-38.998001 -14.244000 39.636002 7.648378
-25.735001 -21.944000 -20.297001 8.812624
-25.124001 32.438000 33.709999 8.160610
-10.184000 40.394001 -44.320999 6.829354
-30.900999 31.139000 -5.349000 7.211405
-17.822001 -28.417999 -14.292000 9.498734
37.759998 -21.559000 -23.157000 7.824049
0.141000 -33.106998 -2.345000 9.544558
24.225000 -8.020000 -46.870998 6.396721
-11.799000 -31.094999 33.740002 9.471370
40.044998 1.870000 -29.257000 7.148988
-40.692001 -17.336000 -41.243999 6.735812
-43.637001 10.030000 36.685001 7.650504
-11.808000 32.980999 18.693001 6.992826
-35.784000 19.090000 45.480000 8.379754
-27.822001 -33.688999 3.610000 8.075660
-36.207001 19.586000 9.767000 7.760349
41.675999 4.924000 -44.326000 7.196766
41.747002 -11.031000 15.784000 7.370466
-20.517000 37.542999 0.597000 6.813036
9.161000 13.028000 -36.765999 6.329852
-14.735000 40.216999 -47.000999 6.667758
15.171000 40.785000 -17.323000 7.418673
-40.618999 -4.951000 -2.229000 8.029736
-30.357000 27.983000 -23.327000 7.363816
21.458000 -34.926998 -5.273000 8.503271
41.955002 10.004000 12.704000 7.457021
12.014000 -41.209000 -41.313000 7.456400
-0.052000 13.291000 -36.812000 6.660840
-5.821000 21.993999 -47.160999 6.887791
5.578000 -43.341999 -17.339001 8.237625
33.401001 -2.004000 -32.258999 7.363808
-23.919001 31.129999 -47.118999 6.875926
-3.192000 -43.499001 -20.329000 8.332835
15.090000 -28.955999 -46.813000 6.944995
18.237000 39.393002 -29.381001 7.019690
-40.408001 -18.746000 15.628000 7.573933
-23.813999 13.028000 -36.921001 7.780543
-8.849000 -32.101002 -5.300000 9.500020
-30.778999 -14.560000 -20.259001 8.051112
15.252000 30.771000 -29.354000 6.913141
-18.080999 -36.444000 -29.170000 8.263823
33.783001 -21.361000 33.688999 8.002722
-23.701000 37.245998 27.688000 6.466795
-32.546001 13.030000 42.710999 8.588030
-11.575000 39.918999 30.691999 6.997728
2.246000 -41.250000 39.700001 7.384587
-22.907000 -37.466000 18.681999 8.696881
32.705002 -28.872000 -41.338001 7.574535
-28.715000 -33.743000 -29.275000 8.043820
-34.328999 -1.096000 -29.278999 8.228871
23.801001 36.306000 6.599000 7.328743
-29.518000 -17.023001 39.771000 8.876932
-14.842000 31.691000 9.664000 6.877418
3.580000 -43.335999 3.650000 7.621590
18.548000 -37.743000 18.745001 8.219398
-20.714001 37.651001 -35.257999 7.117072
-26.363001 32.161999 -8.328000 7.583434
24.389000 -20.200001 -36.293999 7.577019
32.610001 -28.750999 -14.329000 8.087983
41.195000 -13.933000 -29.256001 7.414453
-38.812000 19.444000 27.660999 8.381411
-30.641001 27.989000 33.674000 7.710392
33.153999 -10.925000 -46.811001 6.860735
32.242001 -7.990000 -8.363000 8.342133
16.555000 -36.436001 -16.962000 8.677997
-17.837000 7.035000 -47.147999 6.668844
-25.715000 -21.954000 -29.214001 8.560653
-11.600000 -41.247002 -8.272000 8.773045
-8.850000 43.448002 24.653000 6.763434
-28.245001 20.406000 -8.261000 8.035442
-32.473000 -11.002000 27.596001 8.521783
29.978001 -13.913000 0.722000 8.019880
-30.629000 -26.829000 -8.225000 8.675427
15.183000 3.708000 -46.595001 6.186217
-34.277000 5.359000 9.555000 7.842875
6.171000 33.983002 -26.375000 7.158434
0.277000 -1.908000 -36.738998 6.805628
-3.305000 -43.338001 21.724001 7.946675
6.214000 -13.894000 -36.651001 6.595073
18.836000 -26.785000 45.303001 7.585617
-8.771000 -32.171001 -20.264000 9.455006
-44.665001 1.105000 15.697000 7.023922
-36.243999 25.516001 42.695000 7.604139
33.340000 1.011000 3.577000 7.966840
-11.810000 -31.143999 15.727000 9.163979
21.124001 -37.868999 -2.291000 7.844109
35.969002 -22.693001 -41.252998 7.279579
26.597000 -34.243000 6.701000 7.431739
25.208000 22.886999 18.719999 7.072930
6.186000 34.248001 39.665001 7.433808
20.819000 -25.322001 21.655001 8.487810
23.906000 36.264000 24.676001 7.406127
2.433000 -41.256001 -38.383999 8.358396
-44.601002 4.011000 33.731998 7.446921
-31.349001 14.651000 -32.261002 8.343825
30.068001 18.921000 45.979000 7.177803
-20.808001 -2.002000 -36.837002 7.527969
-26.177999 32.282001 36.804001 7.758610
41.073002 12.590000 42.598000 7.226955
-33.358002 -7.965000 0.714000 8.135342
-20.691999 7.014000 -47.160999 6.568997
7.646000 -39.466999 -17.084999 8.642996
26.448000 -34.025002 42.731998 7.214644
14.572000 -40.609001 -46.525002 6.757060
-29.205000 18.839001 -17.312000 8.080589
15.269000 -29.316999 -20.309000 8.613259
-14.203000 41.573002 -38.073002 6.839353
-2.823000 -33.091999 -14.316000 9.321271
3.209000 -16.988001 -46.931000 6.569990
31.753000 29.549000 -2.884000 7.549047
-25.667000 -21.948999 -35.245998 8.438950
-40.521999 17.992001 -35.257999 6.464804
-38.810001 7.037000 45.789001 8.370752
42.438000 -7.907000 -5.200000 7.481835
-28.379000 -18.659000 3.644000 8.060178
37.682999 -21.455000 -4.781000 7.454313
-20.621000 -38.270000 -11.330000 8.790068
-31.128000 26.311001 -5.609000 8.308919
3.240000 34.527000 -5.394000 7.540531
-38.778999 4.050000 -47.229000 7.052218
-36.227001 25.500000 39.688000 7.646703
41.905998 -11.052000 -11.340000 7.743898
12.088000 41.999001 0.734000 7.352293
-2.772000 16.004999 -36.838001 6.753451
28.799000 -15.638000 42.438000 7.514171
-35.075001 -23.098000 6.661000 7.649871
18.240999 -7.879000 -46.902000 6.362165
-8.750000 31.041000 -47.215000 6.862531
-43.191002 11.066000 0.869000 7.222201
20.663000 27.289000 -8.295000 7.386367
-2.834000 43.917999 -14.289000 7.287096
24.180000 -35.610001 18.683001 7.896070
-43.598000 -8.634000 -2.375000 7.400287
-22.681000 26.849001 27.756001 7.489082
-5.842000 -32.575001 30.635000 9.523022
22.158001 26.025000 -11.274000 7.190447
-29.483999 19.047001 33.713001 7.801630
-27.919001 32.681999 -23.194000 6.857061
-14.902000 -41.067001 18.687000 8.736693
-42.507000 12.981000 -23.365999 7.379900
29.740000 16.061001 0.767000 7.515149
-34.289001 5.503000 15.297000 7.566042
7.123000 -39.327999 27.764000 8.280889
32.176998 -8.033000 0.741000 8.158125
-27.882000 -33.676998 9.479000 8.111933
-24.097000 33.840000 27.731001 7.694879
-22.518999 -34.993000 -41.257000 7.502294
-42.813999 13.024000 27.722000 7.255205
33.167000 4.009000 9.636000 7.713959
33.266998 -22.908001 45.890999 7.153799
-30.855000 -14.718000 39.683998 9.101485
3.109000 -32.789001 21.694000 9.580215
-22.742001 -24.886000 -8.330000 9.145304
-23.777000 -32.097000 45.606998 7.712616
-5.802000 -13.898000 -36.709000 7.113960
-30.599001 27.955000 30.664000 7.634167
17.355000 -27.868000 15.642000 9.034884
-44.445000 4.046000 3.721000 7.131455
34.457001 26.139999 18.561001 7.218527
-14.264000 41.612999 -26.263000 6.745029
33.008999 28.084000 -35.313000 6.682469
-29.802000 -22.990999 45.976002 8.252000
12.104000 33.830002 45.707001 6.781493
32.834000 -4.998000 3.652000 7.998813
34.466000 26.174000 -5.243000 7.582006
-38.856998 -16.905001 -46.963001 6.677060
23.945000 -22.865999 -26.243000 8.136753
33.202000 22.032000 46.063999 6.685874
-29.375000 33.104000 21.656000 6.589447
-20.719000 37.682999 -14.332000 6.954073
-15.956000 -3.673000 -36.806999 7.129649
42.376999 -7.828000 9.767000 7.300047
42.241001 -7.956000 39.722000 7.511325
-42.004002 -7.119000 21.724001 7.475543
-11.835000 16.035999 -47.161999 6.810106
31.018999 13.006000 27.719000 7.192963
30.222000 31.110001 27.740999 7.079813
-24.232000 -23.504999 18.715000 8.913281
-5.290000 -43.416000 -5.303000 8.771909
41.984001 -10.882000 -17.301001 7.650422
32.513000 -28.722000 0.672000 7.439254
32.985001 28.072001 9.705000 7.523696
22.295000 -24.077999 18.673000 8.613816
-34.348000 -1.269000 -23.381001 8.557787
0.176000 34.717999 -8.268000 7.460835
40.724998 -15.558000 -44.071999 7.158204
-29.134001 -28.900999 -46.639000 6.898532
0.144000 -32.936001 33.722000 9.147013
-38.875000 19.274000 -5.275000 7.606536
6.231000 -32.528000 -20.275000 9.372487
0.190000 -29.018999 -36.599998 8.103011
-5.775000 39.995998 -47.237999 6.911544
31.753000 29.554001 -23.305000 6.930891
31.412001 -24.427999 9.783000 7.313083
-40.381001 -18.691000 -5.203000 8.014436
32.279999 -8.048000 -17.306000 8.204186
-41.880001 -7.328000 -17.288000 7.876895
-35.511002 -2.040000 45.504002 8.490224
10.636000 -39.574001 15.693000 8.193528
-31.149000 26.382999 3.709000 8.118684
-14.241000 41.155998 39.695999 6.966596
-2.766000 -33.029999 0.614000 9.258545
-30.625000 -26.834999 0.784000 8.110083
15.021000 -37.764999 15.669000 8.714576
18.532000 -37.709000 -41.368000 7.473033
35.180000 -25.094999 24.768999 7.652168
24.231001 -1.940000 -36.618000 7.908875
-33.823002 7.043000 -20.243999 8.144779
32.859001 -25.719999 33.639000 7.263911
22.297001 -24.158001 9.769000 8.615870
6.484000 -40.778999 -32.293999 8.617176
28.826000 -15.693000 33.631001 7.929649
-13.366000 32.540001 37.157001 6.886855
-11.748000 -31.236000 -8.255000 9.653975
20.724001 -25.325001 30.740999 8.036820
28.854000 17.804001 -20.274000 6.944860
32.709999 -28.816000 -35.316002 7.753932
-10.365000 -39.419998 22.146999 8.516334
-44.410000 -1.855000 30.635000 7.528879
9.266000 33.348000 12.657000 7.837301
28.141001 -17.569000 -26.309000 8.007443
-8.614000 -39.611000 -26.333000 8.883807
-39.880001 -15.743000 -2.406000 7.617948
-30.846001 16.690001 33.688999 8.321820
-19.257999 29.482000 37.112999 7.995698
-14.743000 31.499001 -23.296000 7.406448
-35.865002 -4.998000 -47.171001 7.090302
-23.507000 37.056000 -23.270000 6.941966
13.602000 41.490002 12.673000 7.514213
-14.819000 25.044001 -36.933998 7.340636
-5.816000 -32.660000 9.704000 9.144032
33.223999 -5.020000 -46.838001 6.814111
34.013000 -22.125999 15.652000 7.253196
-36.195999 19.497999 -5.256000 8.063885
28.850000 17.735001 3.539000 7.364959
-32.834000 22.100000 -47.284000 7.469366
40.040001 1.928000 0.631000 7.576385
23.832001 -22.615999 12.718000 8.496826
-19.112000 29.424999 18.794001 6.999036
-32.803001 18.964001 -47.268002 7.336445
34.066002 -22.125000 24.646000 7.666394
-27.537001 -33.840000 -44.306000 7.363302
-2.751000 34.668999 -5.345000 7.530674
-11.807000 33.081001 33.740002 6.802537
-29.458000 18.966999 24.731001 7.953916
-30.079000 -32.145000 24.653999 8.358055
-42.042999 -11.324000 3.667000 7.207565
31.393999 -24.445000 3.511000 7.205769
-28.382000 -18.613001 -14.451000 8.200143
-14.877000 41.172001 -38.345001 7.094817
-29.277000 18.875000 -5.341000 7.661654
-17.889000 -36.839001 -41.264999 7.701594
-39.744999 -15.875000 -29.546000 7.538816
39.958000 2.002000 18.716999 7.515151
17.087999 -36.249001 18.747999 8.389219
32.972000 -25.733999 6.704000 7.191308
-24.943001 32.258999 -5.305000 7.937891
9.182000 16.066000 -47.060001 6.662645
31.507000 -30.247000 -38.358002 7.760602
38.733002 -19.981001 -44.296001 7.141530
15.203000 -28.908001 42.744999 7.888343
12.143000 42.016998 12.662000 7.398821
41.306000 -6.103000 45.140999 7.600474
42.102001 -11.004000 -44.319000 7.362632
-35.778000 -13.990000 45.903999 8.678531
28.851000 -15.798000 21.931999 7.948749
26.464001 -34.073002 36.709000 7.417552
25.309999 35.236000 -20.232000 6.922564
-23.549000 37.112999 -14.306000 7.332580
-35.719002 -26.205999 12.683000 7.994648
-35.619999 22.027000 3.725000 8.051031
-25.711000 23.975000 30.785000 7.807547
-17.674000 -36.743000 0.777000 8.753303
6.220000 -32.361000 9.716000 9.404978
19.816999 38.580002 -35.094002 6.646142
-20.681999 37.650002 -17.381001 7.209555
-16.593000 39.691002 -44.238998 6.729300
-14.929000 -41.050999 24.693001 8.517468
12.707000 24.694000 -36.799999 7.281621
35.442001 24.628000 39.784000 6.989944
26.396000 21.451000 -20.354000 6.855876
6.175000 -32.404999 3.672000 9.384812
-27.275000 -20.087000 -20.333000 8.423284
21.156000 13.019000 -36.705002 6.720460
-38.851002 9.967000 45.775002 8.404175
25.285000 35.263000 -14.444000 7.240803
11.342000 32.754002 42.619999 7.055951
22.382999 -24.162001 0.730000 8.615117
21.202000 22.059999 -36.743000 7.283294
10.625000 -39.592999 42.825001 6.884119
-22.698000 26.862000 30.745001 7.796998
-2.765000 43.021999 -46.907001 6.574521
16.673000 -36.465000 -28.916000 8.360244
-42.830002 13.024000 30.691999 7.442330
40.057999 -17.003000 -32.271999 7.769866
-6.332000 -40.911999 -20.282000 8.930086
40.694000 14.483000 -35.160000 6.620471
-29.694000 -28.976999 0.740000 7.975066
31.052999 13.027000 12.670000 7.935730
-40.319000 -18.545000 -46.294998 7.068969
-14.833000 -41.139999 -17.250999 9.376537
33.053001 -2.038000 36.582001 7.401310
0.168000 -40.029999 24.650000 8.358966
28.326000 -33.133999 -26.238001 8.271480
32.895000 -25.778999 -26.323999 7.483592
38.661999 19.048000 0.710000 7.522992
41.151001 -13.842000 -17.264000 7.759026
39.967999 1.978000 15.747000 7.452894
23.919001 36.242001 15.734000 7.351263
-35.735001 -19.931000 -23.323999 7.849275
-5.294000 -43.414001 -23.226999 8.376678
41.199001 13.056000 -41.188999 6.789750
-1.982000 -41.250999 -41.268002 7.663173
27.141001 -13.962000 -46.827000 6.736785
-23.614000 37.159000 0.673000 6.849711
31.000999 13.073000 24.606001 7.083733
-23.525000 37.021999 -26.337000 6.965902
21.278999 -10.963000 -46.872002 6.436327
22.181999 26.047001 42.665001 6.972909
18.889000 -27.014999 -5.338000 8.846082
35.799000 -22.540001 18.716000 7.274384
-44.623001 4.044000 39.723000 7.384043
32.438999 -28.622999 18.718000 7.620650
-31.420000 31.125000 15.754000 6.578886
-42.055000 -7.202000 12.737000 7.641379
-36.062000 25.256001 -29.275000 7.248606
-23.474001 36.986000 -35.341000 7.267070
13.516000 41.451000 -11.488000 7.512126
42.455002 0.950000 -29.282000 7.533958
18.218000 39.353001 -44.339001 6.323862
-5.811000 -19.938999 -46.960999 6.675603
-22.495001 26.680000 -8.304000 7.768906
9.199000 -31.532000 21.615000 9.367012
2.212000 41.032001 -32.273998 6.483747
-32.491001 -10.982000 30.716999 8.667974
15.220000 10.030000 -47.001999 6.242746
-43.092999 10.707000 -29.353001 7.184174
3.187000 -32.812000 15.727000 9.568301
29.746000 -31.441999 -46.457001 7.199138
-8.787000 13.114000 -36.853001 6.895066
-22.931999 -37.466000 36.779999 8.441799
-34.084000 -5.312000 30.608000 8.577719
-11.819000 -31.254999 -23.355000 9.149455
9.072000 42.396000 -23.308001 7.282209
25.385000 -21.120001 -8.317000 8.813426
18.267000 -10.876000 -46.887001 6.317842
-21.832001 38.632999 27.660000 6.522546
-34.191002 -22.367001 -29.339001 7.784088
-22.742001 -24.888000 -11.227000 9.159793
42.613998 6.931000 0.665000 7.454849
-11.435000 39.904999 3.680000 7.304291
-23.799000 31.115999 45.706001 7.923229
39.883999 -17.033001 -8.263000 7.694392
-42.049999 -11.330000 -5.341000 7.304746
21.525000 37.761002 33.726002 7.030681
-30.379999 28.062000 -14.373000 8.179712
-27.566999 -33.839001 -41.213001 7.564762
-33.301998 -8.009000 -11.207000 8.683257
31.181999 -11.008000 6.629000 7.515779
-21.849001 38.679001 39.681000 7.130088
24.160999 -14.104000 -46.841999 6.684177
-11.588000 39.627998 -20.309000 7.114124
42.530998 0.905000 -17.292000 7.576064
35.849998 -22.605000 12.683000 7.473096
28.132000 -33.085999 -2.237000 7.724018
-8.823000 18.927000 -36.880001 6.672498
-40.873001 -17.048000 21.815001 7.790775
-35.639000 -20.052999 -29.333000 7.964657
9.311000 -31.628000 0.640000 9.160324
-26.593000 -32.672001 33.654999 7.977602
-34.139999 4.026000 -35.377998 8.132813
-34.308998 -3.564000 15.929000 7.604059
12.025000 -41.153999 -2.329000 7.918880
33.466000 0.999000 -23.247999 7.453263
41.243999 -6.137000 -32.261002 7.371290
-32.070000 12.954000 -29.320000 7.774323
-26.473000 32.082001 -38.369999 7.282545
42.352001 -7.821000 15.665000 7.604989
-20.705999 -37.912998 42.703999 7.465218
-44.347000 4.066000 -14.272000 7.965204
-24.156000 33.917999 42.652000 7.599781
-40.500000 -4.960000 -29.285000 7.736664
39.914001 3.668000 -26.306999 7.166324
29.624001 -31.423000 30.775000 7.415947
31.049999 13.103000 3.694000 8.015842
-34.270000 -3.243000 -2.407000 7.909053
-13.478000 -30.552000 6.425000 9.302762
-43.194000 11.119000 3.651000 7.051248
27.489000 -17.177999 -35.944000 7.615653
33.638000 -21.386000 18.695999 7.330479
32.706001 -28.913000 -44.285999 7.482707
18.181999 -22.889999 -46.827999 6.702487
28.983999 -15.959000 -8.401000 8.165414
24.201000 -35.625000 15.679000 7.961414
-21.777000 38.587002 12.497000 6.618583
-35.785999 -26.152000 9.664000 7.932377
-44.035999 7.024000 45.234001 7.784348
15.180000 27.979000 -47.084999 7.064081
-30.025999 -32.176998 0.706000 8.235319
-44.111000 7.061000 15.641000 6.843544
-41.792999 -11.257000 36.713001 7.472930
39.835999 -2.819000 27.857000 7.298077
-38.841999 18.879999 45.358002 8.694837
-38.505001 -14.042000 -32.285000 7.715214
-30.691999 16.370001 -8.233000 7.881372
-29.443001 -17.021999 3.671000 8.155412
-25.714001 -21.985001 3.732000 8.482755
12.399000 -29.209999 -36.278000 7.507360
19.938000 38.650002 24.556000 7.209065
11.995000 -41.160999 3.663000 8.014769
32.077999 -7.748000 30.684999 7.887157
0.273000 34.594002 -32.271999 6.984584
-28.048000 -33.591000 33.484001 8.021020
12.077000 41.976002 -8.264000 7.389747
-25.004000 32.332001 9.390000 7.746019
-34.408001 -1.763000 -2.271000 7.954501
13.665000 41.507999 27.135000 7.403388
-23.809000 3.981000 -47.161999 6.849041
40.667000 14.441000 -20.252001 6.996809
-14.829000 31.634001 0.743000 7.261828
29.541000 -31.372000 42.681999 7.331079
16.233999 -36.293999 24.777000 8.212358
9.029000 42.672001 21.718000 7.305594
12.009000 42.008999 -5.311000 7.467104
-16.711000 39.799000 -20.198000 7.293334
33.117001 3.999000 21.663000 7.128663
-8.786000 33.817001 9.694000 7.449526
-30.841000 -14.605000 12.721000 7.776943
9.205000 19.017000 -47.074001 6.555132
-11.737000 1.304000 -46.761002 6.538356
16.350000 -36.324001 12.723000 8.367238
-23.646999 37.136002 6.675000 6.588236
-34.376999 6.043000 42.888000 8.767975
-18.204000 -36.311001 12.544000 8.569838
31.037001 -10.977000 30.798000 7.491405
10.628000 -39.591999 36.449001 7.620684
9.062000 -14.071000 -36.636002 6.572044
-33.675999 10.085000 45.167999 8.787194
-10.328000 -39.469002 13.037000 8.351788
-26.781000 -11.027000 -36.818001 8.624931
35.061001 -24.915001 45.277000 7.436630
21.294001 3.785000 -46.581001 6.192341
21.531000 -34.925999 -14.264000 8.677444
27.318001 33.707001 -8.335000 7.434379
-26.820000 6.961000 -36.905998 7.533864
32.861000 -25.756001 -11.297000 7.722743
-8.761000 33.714001 -8.336000 7.181148
-23.802999 7.043000 -47.175999 6.744212
-5.799000 -32.756001 -14.430000 9.601140
39.237999 -5.076000 45.689999 7.741903
-10.358000 42.000999 3.765000 6.972970
19.118999 -27.044001 -29.362000 8.093169
23.681999 24.558001 12.727000 7.441096
-29.816999 10.094000 -47.217999 6.959160
3.905000 41.039001 27.639000 6.427834
-12.989000 32.415001 -2.343000 7.276327
-14.504000 41.664001 -5.215000 6.883725
23.693001 24.547001 3.745000 7.538235
-19.261999 -27.464001 33.389000 9.080543
-11.589000 -41.383999 -20.357000 8.821489
36.993999 22.219999 6.764000 7.622389
-2.820000 -40.915001 -46.689999 7.106497
-14.878000 41.762001 36.696999 6.726102
32.633999 6.999000 42.735001 7.488130
9.124000 42.369999 -32.400002 6.958264
3.223000 34.418999 -29.264999 6.940473
-43.374001 -9.769000 -23.344000 7.953355
24.195000 -35.706001 -5.271000 7.920416
-5.344000 -43.333000 12.733000 8.181129
-28.421000 -18.627001 15.694000 8.402782
23.780001 36.245998 -35.235001 7.005204
-11.813000 4.030000 -36.824001 6.929654
-2.065000 -41.130001 -17.281000 8.951946
-35.761002 -26.188000 27.639999 7.897260
-23.707001 37.174000 21.702000 6.601772
33.333000 4.053000 -32.263000 7.521460
-38.845001 16.023001 -47.279999 6.988704
25.372000 -21.070999 -2.094000 8.279797
8.994000 42.590000 12.622000 7.447716
37.695999 -21.468000 -7.438000 7.723473
-30.238001 27.980000 -44.283001 7.391981
30.165001 28.042999 -47.000999 6.568873
-19.260000 29.493999 38.623001 7.555974
-5.796000 -32.558998 36.751999 9.289206
6.145000 40.230000 -20.344000 6.812198
-20.830999 1.058000 -46.792000 6.769619
-22.896999 -37.416000 6.755000 8.761135
-24.059999 -32.735001 -2.259000 8.622334
-22.605000 -34.973999 -2.322000 8.675897
-13.451000 -30.530001 18.658001 9.598025
-44.223999 -1.687000 45.215000 8.098022
-32.882000 -25.811001 45.445000 7.446025
35.556999 24.653000 -35.428001 6.749239
15.143000 19.042000 -47.044998 6.754311
-5.804000 -4.971000 -36.752998 6.892761
42.367001 -7.843000 12.668000 7.370774
17.559999 -28.033001 -23.226000 8.565516
-6.073000 7.262000 -36.813000 6.881029
-8.795000 33.574001 -29.195999 6.976869
-31.572001 -13.120000 15.627000 7.971075
27.900000 19.295000 -5.399000 7.002820
-20.688000 37.646999 -20.284000 7.040918
-5.832000 -32.785000 -23.264000 9.443919
17.202000 29.799000 27.813000 7.763376
-38.777000 16.016001 45.744999 8.189279
-8.334000 -39.585999 -14.221000 9.521323
18.746000 28.724001 -2.389000 7.920460
-14.854000 -41.132999 -20.326000 8.913980
-26.510000 32.070000 -44.328999 6.729162
-26.264000 -32.881001 -20.271000 9.273447
27.848000 19.270000 39.683998 7.230988
-30.877001 16.724001 39.683998 8.400772
35.465000 24.684000 12.712000 7.329646
24.194000 -25.969999 -46.782001 6.967056
3.175000 -32.860001 6.698000 9.367919
30.295000 31.037001 -20.312000 6.578666
-17.627001 36.929001 -11.417000 7.806970
25.176001 22.948999 -23.374001 7.165148
-6.258000 -40.938999 -38.241001 8.628708
38.618000 -19.934999 -23.296000 7.815002
39.768002 -17.011999 9.687000 7.327719
18.695000 -37.573002 45.429001 7.083498
-33.349998 -8.027000 3.668000 7.868158
-35.727001 22.118999 24.716000 8.149979
-35.723999 -19.948999 -26.257000 7.961895
39.737000 3.852000 18.643999 7.385258
31.728001 29.531000 41.834000 6.717397
-0.602000 42.807999 -23.246000 7.042922
-14.531000 41.213001 24.563999 6.626975
2.352000 -41.245998 -5.465000 8.814129
-29.594999 33.140999 42.648998 6.731388
18.216000 37.007000 45.917000 6.245420
39.007999 -5.054000 -46.658001 7.434440
-36.012001 19.488001 -26.415001 7.826861
-32.636002 25.759001 3.716000 7.828081
-44.310001 -1.913000 6.655000 7.350640
39.731998 -4.797000 30.664000 7.335257
32.902000 -25.691999 39.662998 7.390280
-32.134998 13.061000 -14.254000 7.900843
-9.302000 -39.419998 -35.289001 8.513521
14.625000 -40.648998 21.660999 7.963199
-24.041000 -32.771000 -17.371000 8.769362
-27.726999 32.742001 27.622999 6.723932
-38.863998 19.214001 -14.310000 7.260041
-30.952000 26.132999 -41.296001 7.284038
25.202000 -20.844000 39.762001 7.730795
21.389000 37.786999 3.668000 7.209626
-43.881001 6.908000 -29.330000 7.409669
-6.473000 -40.855000 30.690001 8.903345
-39.778000 -15.774000 -14.374000 7.404358
-11.722000 -41.123001 24.643000 8.719753
-35.855999 -10.942000 -47.141998 6.904472
25.313999 35.237999 -17.393999 7.076826
-38.898998 -19.238001 27.659000 7.986879
-8.826000 -38.153999 -46.810001 7.238719
21.084000 -25.507999 -26.358000 9.158064
-43.890999 6.954000 -26.246000 7.667336
-40.583000 -5.012000 -8.360000 8.009339
-22.948999 -37.439999 33.840000 8.388736
-38.667999 -14.158000 -5.193000 7.893337
30.306999 31.027000 6.635000 7.495858
3.195000 -32.717999 33.710999 8.914291
-26.341000 -32.861000 -11.236000 8.766498
18.223000 39.382000 -35.294998 6.833814
-2.746000 -32.980000 12.725000 9.263688
7.610000 41.699001 27.763000 7.320708
3.462000 42.889999 -44.362000 6.661870
26.388000 21.451000 -11.426000 6.846736
-30.035999 -32.115002 6.724000 8.050684
-20.805000 30.927999 45.747002 7.407866
12.928000 -30.181999 18.674000 8.836841
-14.785000 -41.136002 -14.384000 9.390557
26.384001 21.399000 33.735001 7.224573
-25.422001 23.632000 -32.570000 7.717165
-14.788000 31.500999 -20.292999 7.291559
-30.885000 31.131001 -17.323000 7.196450
26.612000 -19.757000 -26.294001 8.558125
-27.186001 22.166000 24.725000 7.629146
25.284000 35.268002 -11.204000 7.584189
-30.827000 -14.511000 -11.434000 8.681131
-29.430000 -31.969999 -46.657001 7.242119
18.209999 39.534000 21.746000 7.256871
-20.789000 27.885000 -23.261000 7.431116
30.167999 -14.066000 45.646999 6.950609
6.298000 -5.004000 -36.694000 6.649953
-3.074000 10.288000 -36.813000 6.834249
9.205000 33.272999 -14.293000 7.999689
12.134000 -40.737000 45.535000 6.884919
-5.875000 -32.674999 3.809000 9.169338
15.334000 -29.236000 45.571999 7.539892
-25.447001 23.708000 -23.315001 7.400420
40.639000 14.336000 1.036000 7.811823
-8.772000 33.990002 36.633999 7.064661
-40.785999 18.334999 24.667000 7.712887
-43.466999 -10.213000 27.737000 7.277406
-33.946999 -4.880000 -20.304001 8.385918
6.211000 -32.313999 18.636999 9.776506
-42.033001 -11.325000 6.772000 7.229060
-14.989000 -29.931999 45.271999 8.999361
6.236000 -32.459999 -8.304000 9.572737
-43.589001 9.743000 15.765000 7.167951
0.297000 -28.929001 -46.886002 6.863381
33.000999 28.087000 -23.243000 6.902878
42.493000 -2.014000 -35.361000 7.263004
23.653999 -22.528000 42.761002 7.635523
-22.747000 -34.931000 30.701000 8.435865
-35.810001 3.971000 -47.216000 7.550125
-8.861000 43.544998 42.698002 6.567153
-5.749000 34.306000 -11.327000 7.717609
-27.948000 32.686001 -26.316999 6.802577
-5.795000 34.125999 -35.395000 6.579340
28.719000 32.537998 -7.682000 7.240192
-39.436001 -11.770000 3.700000 8.058611
40.091999 15.998000 -32.297001 6.644039
-9.151000 -39.317001 6.684000 8.666336
3.160000 9.987000 -36.780998 6.638927
3.224000 43.002998 18.716999 7.248901
30.219999 31.108000 -32.365002 6.575699
6.211000 33.904999 -35.305000 7.211500
5.459000 -43.176998 18.789000 7.427829
-40.110001 -15.631000 30.802000 7.553986
-14.670000 40.254002 45.550999 6.287005
-32.382999 -10.989000 -2.338000 8.113585
6.197000 -28.997000 -36.570000 8.212169
-34.103001 -5.432000 39.708000 8.387062
-38.713001 -14.132000 0.687000 8.023961
-34.301998 5.577000 19.462000 8.009579
-42.512001 12.901000 -26.309999 7.511264
35.910999 -22.615000 -5.283000 7.362324
-30.808001 -14.582000 -5.345000 8.477057
32.919998 -4.978000 -11.284000 8.054861
-40.124001 -15.564000 42.390999 7.953723
26.372000 21.421000 27.691000 6.845920
33.354000 1.076000 0.677000 7.806282
3.482000 42.868000 -35.290001 6.784956
-23.489000 37.106998 -20.403000 7.318368
27.979000 -17.347000 12.744000 8.337208
-5.820000 -34.999001 46.147999 7.709893
33.396999 0.933000 -8.274000 7.997055
-40.793999 -17.191000 -8.290000 8.145342
31.639000 11.336000 18.903000 7.601372
9.182000 33.323002 -2.304000 7.824347
23.768000 -22.540001 27.742001 8.315300
18.101999 30.870001 45.778999 6.776252
-44.428001 0.969000 -32.285999 7.340343
32.319000 -28.301001 45.384998 7.116011
0.147000 24.982000 -36.863998 6.334559
3.453000 41.109001 -2.249000 6.977976
19.862000 38.599998 -17.294001 7.043106
-38.891998 19.080000 -35.310001 7.092882
-14.221000 41.166000 42.661999 6.619404
32.907001 -25.856001 -38.391998 7.759061
39.919998 16.066999 18.656000 7.243267
38.696999 -19.905001 -32.263000 7.700781
-30.688000 -26.760000 42.687000 7.890197
-11.833000 -31.162001 6.744000 9.285357
37.826000 -21.691000 -44.237000 7.223577
5.813000 -40.882000 -46.584000 6.678902
-30.594999 27.990000 21.714001 7.818506
31.127001 13.135000 -29.313000 6.950198
38.478001 -19.961000 -5.296000 7.529871
-30.676001 16.311001 -14.301000 7.948024
-5.812000 -32.625999 18.636000 9.377375
-28.686001 18.312000 -36.911999 7.500932
40.589001 -15.168000 0.865000 7.353844
-34.605000 4.014000 42.750999 8.727489
14.942000 -37.852001 24.642000 7.808362
-17.510000 30.271999 3.680000 6.755493
0.168000 -32.898998 42.612000 8.079509
-34.096001 -5.400000 36.736000 8.587268
-17.872999 -16.988001 -47.032001 7.246301
-35.821999 -19.829000 39.754002 8.505612
42.464001 1.001000 6.684000 7.741236
39.814999 -4.776000 -23.295000 7.242208
-5.850000 34.202000 -26.361000 7.003817
38.587002 18.969000 39.681000 7.120396
-33.436001 10.038000 30.660999 8.319636
19.952000 38.659000 36.618000 7.114421
8.885000 -39.546001 -44.299000 7.144306
40.568001 -15.060000 9.866000 7.191354
12.183000 19.014000 -47.058998 6.787889
-27.212000 -20.135000 -32.300999 8.686782
42.021000 -11.017000 -29.239000 7.243076
-42.074001 -3.154000 -17.207001 7.851442
-19.117001 29.398001 15.921000 7.300110
-40.405998 -18.782000 21.650999 7.694839
3.155000 -32.694000 39.625999 8.259809
-22.728001 -24.902000 -17.355000 8.683727
25.316999 -21.044001 6.802000 8.337265
-11.817000 13.073000 -36.867001 6.889631
-0.714000 42.806999 15.748000 8.103203
6.195000 34.004002 -20.263000 7.353878
-38.987000 -5.026000 -47.105000 6.593935
0.673000 40.478001 -38.316002 6.546706
40.921001 -13.187000 45.191002 7.147568
-13.257000 32.493000 24.483000 6.978962
-44.369999 4.001000 -11.272000 7.865283
-32.841999 -26.403999 27.729000 7.884338
-18.200001 -36.326000 9.850000 8.618415
42.814999 7.015000 -41.361000 6.865819
-43.737000 -8.458000 36.652000 7.284966
-2.803000 1.143000 -46.702999 6.669484
-39.424000 -11.822000 -5.264000 8.148143
37.839001 20.742001 -5.326000 7.386794
-23.764999 33.936001 -23.304001 7.375972
0.231000 -39.853001 45.242001 7.142208
-33.098999 10.022000 -23.305000 8.219662
5.513000 -43.173000 9.710000 7.686690
17.047001 -36.433998 -35.290001 8.384418
33.043999 28.018000 -8.325000 7.335433
-39.928001 -15.702000 6.716000 7.260186
-30.875000 31.150999 -14.231000 6.860498
-2.846000 43.855999 -26.290001 6.776697
-5.360000 -43.366001 -11.406000 8.784488
37.806000 20.867001 -46.294998 6.674775
-8.964000 43.194000 -5.315000 6.850403
3.125000 34.742001 39.686001 7.443797
-41.389000 15.981000 -35.310001 6.676694
42.123001 -1.728000 -46.536999 7.561456
5.914000 -40.889999 36.715000 7.534409
42.285000 -1.730000 33.673000 7.624345
42.480999 -7.842000 -17.358000 7.899930
-3.191000 -43.471001 -17.313999 8.291893
-29.754999 -29.037001 15.697000 8.229020
27.233999 33.799000 42.660999 6.531763
-34.216000 4.911000 -11.317000 8.162166
-35.623001 6.932000 45.660999 8.435126
31.836000 -9.866000 -35.032001 7.673827
18.563999 28.790001 -32.340000 7.434665
40.555000 14.157000 42.674999 7.075043
-8.859000 -32.139000 -17.229000 9.607890
-14.980000 -29.858000 15.690000 8.984975
12.852000 -30.096001 36.604000 8.542001
28.702999 32.516998 -42.872002 6.665275
11.187000 32.681999 3.759000 7.952827
39.964001 16.024000 9.699000 7.700025
18.204000 39.493999 3.665000 7.388458
21.538000 -34.946999 -23.344999 8.534658
-9.158000 42.817001 -32.318001 6.665899
29.975000 -31.681000 -32.257999 8.209888
25.365999 35.214001 -8.197000 7.379302
18.671000 28.830999 30.738001 7.540352
3.626000 -43.373001 -2.340000 7.748282
-34.949001 -23.337999 -38.314999 7.203239
-15.018000 -40.991001 33.634998 8.290991
23.809000 -22.613001 15.622000 8.100270
-27.524000 -33.804001 -38.266998 7.780662
42.472000 0.970000 -14.249000 7.690455
0.221000 -33.005001 18.691999 9.714777
36.226002 7.061000 46.151001 7.587687
11.523000 -30.816999 9.649000 8.944499
32.907001 -25.657000 42.719002 7.292191
-20.909000 37.053001 -46.882000 6.886632
-28.349001 20.582001 18.957001 7.585032
-43.435001 -10.060000 9.698000 7.355711
-22.559999 -34.776001 -11.354000 9.117680
-23.688999 33.867001 -32.298000 7.372072
-43.513000 -8.743000 -29.277000 7.262868
-11.760000 -31.169001 12.691000 9.095901
33.342999 -2.022000 -20.261000 7.764271
-24.768000 32.160000 -32.254002 7.533930
3.549000 41.091999 -11.369000 6.679476
41.257999 -6.160000 -38.240002 7.279085
6.234000 34.174999 24.673000 7.495122
31.712000 11.542000 -26.104000 7.292872
6.278000 -32.215000 33.686001 8.897367
12.684000 32.102001 9.721000 8.105903
-33.997002 -5.022000 -2.280000 8.241778
21.037001 -34.933998 -46.542000 6.830550
-18.120001 -36.416000 -20.316999 8.454547
-25.591000 23.858000 6.586000 7.705853
-33.515999 -7.981000 42.752998 8.925919
41.569000 -11.032000 42.689999 7.177339
18.554001 -37.723999 -29.374001 8.259185
-11.809000 33.148998 42.757000 6.910742
-20.391001 37.474998 42.730000 6.545184
17.132000 -36.451000 -41.305000 7.781649
-34.396000 1.117000 -23.304001 8.436057
-22.506001 26.725000 -2.288000 7.910438
20.966000 -25.556000 -20.177000 9.056577
-40.602001 18.237000 -8.287000 7.627449
20.650000 27.305000 -2.293000 7.438459
22.177999 26.010000 -8.348000 7.290512
-34.255001 -22.309000 -8.253000 8.186543
-2.893000 -33.035000 -2.388000 9.325754
-22.298000 38.519001 25.792000 6.454709
-36.186001 25.396000 15.741000 7.027851
-40.659000 18.160000 -5.309000 7.359615
22.353001 -24.079000 12.744000 8.604785
39.783001 -4.767000 -2.348000 7.564485
32.796001 27.784000 -46.625000 6.860062
17.104000 29.830000 12.643000 7.302929
-40.040001 -15.631000 24.889000 7.518707
-31.368999 31.105000 -2.486000 6.965214
40.046001 15.990000 -14.290000 7.139944
-34.527000 -27.517000 -46.335999 6.853224
15.116000 40.868000 3.745000 7.531258
33.273998 4.066000 -17.334000 7.546648
0.563000 40.794998 30.791000 6.430477
17.059999 -36.402000 -26.146000 8.463772
-29.263000 33.000999 -5.296000 7.008112
12.690000 32.118000 15.751000 7.888125
-2.806000 -33.067001 -8.363000 9.620975
-2.831000 34.709999 3.601000 7.810418
-19.330999 -27.500000 -26.454000 9.003444
42.383999 1.068000 12.726000 7.933678
-28.107000 -33.546001 42.598000 7.544330
20.649000 27.297001 -11.293000 7.381388
34.449001 26.228001 -23.455000 6.802842
0.194000 34.921001 33.731998 7.692949
32.939999 28.104000 27.643000 7.103144
-11.526000 39.562000 -23.297001 7.257643
-35.125000 -23.042000 18.620001 8.026968
33.049000 28.033001 -29.237000 6.765967
-40.742001 -17.298000 -26.375999 7.625101
35.924999 -22.688999 -23.257999 8.138732
12.229000 42.049999 36.688999 7.241533
-36.101002 19.475000 -17.346001 7.863525
0.206000 34.875999 24.740999 7.648777
40.631001 14.309000 6.651000 7.664777
37.721001 -21.513000 -14.260000 7.852801
42.542999 6.920000 9.693000 7.348678
29.635000 16.100000 39.661999 7.377063
-36.002998 25.191999 -44.320999 6.750484
-3.274000 -43.359001 15.686000 8.385066
-15.741000 -38.002998 30.718000 8.700076
40.969002 -13.324000 36.693001 7.063231
-29.584000 -28.924999 -20.299999 8.275607
10.637000 -39.571999 12.622000 8.146246
23.711000 -22.545000 33.717999 8.114239
-30.719999 16.495001 3.805000 7.420777
41.499001 5.113000 -2.321000 7.418602
42.409000 1.043000 30.771000 7.545182
-40.396999 -18.672001 -2.356000 7.942627
34.479000 26.190001 -26.158001 6.890495
13.533000 41.463001 -5.302000 7.561384
-42.001999 -3.062000 12.737000 7.539221
-12.741000 32.299000 -32.414001 7.201156
-43.685001 -8.474000 21.718000 7.147101
42.070999 -11.020000 -38.426998 6.932528
-18.938999 29.242001 -17.447001 7.117853
32.959999 28.129999 -14.252000 7.021669
27.202000 12.943000 -46.956001 6.832513
15.105000 -29.275000 -2.328000 8.775908
-42.715000 13.110000 15.670000 7.014380
25.216000 22.905001 -26.299999 7.245296
-5.734000 43.598999 -20.344000 6.888939
0.187000 -33.035000 12.710000 9.143767
-15.086000 -29.915001 -29.372999 9.105453
-8.828000 42.541000 -46.776001 6.606688
-38.865002 -19.240999 24.702000 7.711901
-34.484001 4.000000 21.671000 8.037581
-24.283001 -23.454000 6.670000 8.791010
-43.522999 -8.726000 -26.273001 7.529174
-21.712999 38.542999 -2.072000 6.891696
-44.258999 -1.942000 -14.266000 7.525941
-12.904000 32.345001 -17.311001 7.148052
18.231001 22.018000 -36.759998 7.378067
-18.089001 -36.437000 -26.445999 8.232995
41.560001 5.037000 -17.430000 7.525049
18.184000 39.473999 -8.312000 7.379869
33.162998 -20.021999 -46.759998 6.897295
6.225000 -32.210999 36.716000 8.644526
39.964001 16.000000 12.751000 7.441479
3.242000 34.355999 -35.358002 7.709938
-11.746000 -41.034000 36.763000 7.735757
32.972000 -25.799999 -5.286000 7.210824
42.823002 6.961000 -44.230000 7.233147
21.054001 -37.821999 9.610000 7.525908
-23.771000 37.264000 33.759998 6.925655
12.035000 -41.066002 39.738998 7.057725
-31.511000 -12.989000 -26.316999 8.300635
-26.746000 -14.053000 -47.088001 7.052587
34.487000 26.171000 -20.347000 6.864019
-22.980000 -37.355999 30.732000 8.811701
-27.867001 -33.683998 6.624000 8.052074
31.108999 13.120000 -20.222000 6.931771
-23.797001 -22.990000 -47.028999 7.129545
-20.872999 -22.938000 -47.016998 7.397472
-18.063999 -36.409000 -17.240000 8.459435
11.962000 -41.137001 -11.286000 8.325521
9.075000 -39.220001 -14.308000 8.588504
7.579000 41.806999 44.819000 6.338811
4.084000 41.013000 33.541000 6.737835
-38.976002 19.135000 -26.306000 7.458206
-29.395000 -17.038000 -14.242000 8.331938
40.555000 -15.046000 12.577000 7.418098
5.495000 -43.313000 -8.372000 8.248971
24.181999 -25.982000 46.251999 7.303656
18.207001 12.955000 -36.720001 6.006612
-11.467000 39.841000 0.670000 7.103718
25.344999 35.271000 24.552000 7.386466
-28.735001 -33.615002 24.775999 8.383084
-40.521999 -4.909000 -26.242001 7.808928
-43.227001 11.272000 15.583000 7.205391
34.022999 -22.049999 0.654000 7.380153
20.686001 27.284000 3.673000 7.513970
-34.501999 1.088000 -2.391000 7.956153
-28.409000 -18.629999 9.535000 8.113913
39.778999 -4.824000 12.695000 7.525733
-11.643000 39.479000 -26.289000 6.876279
31.718000 29.554001 36.265999 6.964911
-32.757000 25.608000 -20.327999 7.425550
41.216999 -6.108000 -26.309000 7.615526
-34.220001 -2.688000 -26.426001 7.953091
40.028999 1.903000 -17.309000 7.511026
7.681000 41.549999 7.227000 6.987697
-14.747000 -20.007000 -36.719002 7.435942
15.255000 30.837999 -2.318000 7.803618
0.552000 40.521000 -44.314999 6.465156
11.145000 32.716999 9.835000 8.074700
11.282000 32.713001 24.687000 7.764974
-41.875999 -11.305000 24.683001 7.544708
-30.601000 16.179001 -32.347000 8.019428
3.494000 -43.333000 -5.226000 8.551181
33.368999 1.006000 -2.327000 8.006045
42.506001 0.882000 -41.237000 7.084392
-3.285000 -43.410000 6.711000 8.372373
9.386000 1.099000 -46.653000 6.114836
35.931000 -22.577999 15.674000 7.476550
-29.712000 -28.907000 3.620000 7.937888
-5.799000 43.560001 -26.297001 6.635279
-19.343000 -27.495001 -29.520000 8.761571
-2.772000 34.745998 9.658000 7.618375
-3.117000 -43.520000 -26.309999 8.408451
41.286999 -6.158000 -29.188999 7.472775
-32.978001 -11.091000 45.395000 8.741690
32.641998 -28.653999 -8.329000 7.882352
-39.887001 -15.724000 0.670000 7.476186
-14.883000 -29.889999 21.591999 9.452901
-27.271999 -20.131001 3.802000 8.425899
-24.299999 -23.441999 30.621000 9.355637
-17.825001 -11.002000 -47.062000 6.846416
39.884998 15.999000 36.759998 7.150621
30.284000 31.045000 -29.292999 6.781953
0.580000 40.784000 24.669001 6.580225
29.680000 15.897000 -35.554001 7.191061
26.400999 21.407000 9.644000 7.420784
-5.755000 34.598999 39.702000 7.274186
37.498001 -21.209000 36.828999 7.354241
19.941999 38.658001 30.707001 7.057129
-38.935001 -19.478001 -35.259998 7.575779
-5.403000 -43.298000 18.724001 8.033238
-42.069000 -3.229000 -38.316002 7.398121
0.138000 -40.203999 -11.290000 9.267348
-26.410999 32.141998 -17.315001 7.386109
-8.877000 34.422001 45.317001 6.994941
-30.851999 -14.658000 27.650999 8.438877
-10.259000 40.910999 -26.326000 7.074975
41.083000 5.286000 45.141998 7.835557
21.264999 -37.944000 -29.339001 8.111662
-34.476002 -1.899000 15.615000 7.693034
9.173000 -31.613001 9.709000 9.036807
-42.160999 -7.065000 42.597000 8.167737
40.078999 16.045000 -35.290001 6.662508
-14.882000 31.826000 30.728001 7.432311
31.726000 29.535999 40.387001 6.695450
-23.495001 36.984001 -32.250000 7.284747
-33.137001 9.948000 -20.296000 8.286819
-34.602001 -1.990000 42.761002 8.875672
35.424000 -25.384001 -35.291000 7.576685
-31.535000 -13.055000 -8.353000 8.661532
-42.098999 -11.295000 -14.339000 7.800673
29.708000 16.042999 18.688000 7.516747
9.227000 3.952000 -36.723000 6.557920
15.173000 -29.000999 30.684000 8.756362
-10.412000 42.195000 18.636999 6.687035
18.252001 39.455002 -2.334000 7.348485
41.360001 -6.097000 33.564999 7.530003
35.432999 24.657000 36.679001 6.978530
39.844002 3.824000 -2.351000 7.456738
37.573002 -21.218000 27.732000 7.395788
-41.791000 16.048000 27.663000 7.221411
29.763000 -14.004000 24.666000 8.252790
0.247000 -40.057999 18.657000 8.741100
-16.652000 39.689999 -32.250999 7.056719
-34.047001 -5.020000 9.704000 7.744633
-5.744000 31.131001 -47.202000 6.774171
-20.725000 37.693001 -5.436000 7.155901
33.298000 1.088000 12.690000 7.457902
-20.752001 -8.085000 -47.090000 6.859707
-43.437000 -10.103000 12.759000 7.211122
25.297001 35.226002 -32.223999 6.737899
-2.736000 19.011999 -36.851002 6.563423
-29.775000 1.043000 -36.889999 8.286137
-20.841999 36.984001 45.403000 6.819336
-31.297001 31.087000 -25.048000 6.894336
-11.426000 32.938999 -8.324000 7.555548
-36.126999 25.350000 0.669000 7.010453
39.768002 3.824000 9.768000 7.597648
15.267000 -37.756001 -17.336000 8.618810
-32.438000 -10.967000 12.696000 7.823910
15.299000 30.808001 -5.314000 7.533432
-10.298000 41.528000 -12.925000 7.331917
-2.783000 -37.938000 46.179001 7.416242
28.714001 32.526001 -29.583000 6.906823
-24.228001 -32.673000 -26.323000 8.276815
30.212000 31.114000 -26.278000 6.715915
-27.198999 22.216999 30.728001 8.308417
20.829000 -25.493000 0.604000 8.801192
-36.118000 19.455000 -20.306000 8.068817
32.935001 -25.855000 -41.305000 7.373096
-29.277000 18.951000 0.764000 7.710670
