-48.805000 -18.333000 -10.180000 7.046049
4.139000 -38.145000 -53.481998 6.333799
24.011999 7.537000 -46.431999 6.661054
72.912003 4.838000 -13.220000 6.934719
6.897000 16.601999 -54.007000 6.504998
-30.039000 -38.610001 16.812000 7.202754
16.733000 13.930000 -46.450001 6.503615
26.892000 -24.760000 25.778999 7.017424
11.556000 -38.978001 38.328999 6.780447
-44.118999 13.593000 -54.415001 7.031726
-41.111000 10.581000 50.444000 8.533351
-8.362000 34.213001 -54.433998 6.570109
36.877998 8.751000 31.801001 7.759614
-23.118000 -41.383999 -19.205000 7.959669
0.848000 31.469999 -49.195000 6.511015
17.989000 30.722000 28.652000 6.881776
42.928001 6.717000 40.098000 7.369374
48.915001 -1.388000 -34.861000 6.912805
-40.639000 -30.952000 40.813000 7.611642
30.954000 -7.509000 -16.160000 6.647026
15.603000 -33.884998 31.870001 6.999407
-41.034000 25.636000 16.816999 7.384638
6.877000 31.549000 -53.941002 6.310708
-38.096001 10.611000 50.476002 7.528015
7.041000 -31.563000 -45.882000 6.560446
-11.092000 -39.808998 -53.877998 6.457880
-14.109000 -43.209999 -43.199001 7.071967
-5.096000 -43.001999 -25.202000 7.696142
-5.095000 19.594000 50.794998 7.041313
-8.096000 -7.391000 -54.106998 6.426006
-14.119000 40.212002 46.862000 6.976793
-19.379000 -42.083000 -51.266998 6.588623
-51.773998 -1.404000 16.823000 7.280560
23.445000 27.146999 -7.949000 6.584720
-26.114000 -28.658001 -49.173000 6.967652
21.900000 -1.398000 51.112999 7.561169
22.547001 -16.389000 -49.166000 6.635200
60.507999 5.582000 -16.541000 6.911906
8.463000 -38.942001 -48.497002 6.711413
-5.089000 -10.394000 50.862999 7.535567
-29.111000 -4.388000 -54.328999 7.102637
-8.091000 -22.410000 -54.073002 6.382062
20.355000 -29.857000 -30.962000 7.100729
-51.805000 -4.396000 -49.182999 6.983311
-51.576000 2.805000 -36.327999 7.033036
19.264999 16.834999 -54.424999 6.250435
-14.101000 -37.374001 -54.647999 6.483183
3.926000 40.870998 25.796000 7.296171
75.233002 1.075000 -18.833000 6.762035
45.917999 -1.399000 45.497002 6.977322
-14.081000 39.615002 7.832000 6.840099
28.700001 -16.403000 -37.210999 6.960596
19.679001 -32.037998 41.259998 6.760256
63.709999 3.843000 -24.976999 6.789883
66.767998 -11.459000 -10.069000 7.090127
-26.094000 22.599001 50.571999 7.049328
-11.093000 39.474998 -28.198000 7.055486
-44.794998 -25.726000 4.813000 6.950550
72.658997 -9.918000 19.726000 7.259082
12.898000 34.780998 7.818000 7.246758
3.900000 -31.396999 50.997002 6.807365
-8.084000 -43.140999 22.797001 7.698379
-45.929001 -24.412001 40.796001 7.563817
-17.098000 -42.820999 -37.183998 7.309430
30.469999 4.571000 10.814000 6.747667
-47.766998 22.950001 40.886002 6.677118
48.923000 5.380000 41.721001 6.918991
-29.117001 -4.411000 50.603001 7.674376
-52.319000 -1.409000 46.821999 7.495325
-20.034000 -42.238998 10.803000 7.881361
-25.834999 25.212999 -54.680000 7.286390
22.094000 -13.567000 -45.778999 7.116300
29.615999 18.497000 17.099001 6.709734
-49.457001 10.598000 4.815000 6.992687
11.594000 -35.991001 48.558998 6.486201
30.629999 -1.398000 43.811001 7.059860
26.708000 1.500000 -53.715000 6.368789
71.308998 -0.268000 30.159000 6.643291
9.902000 -31.525000 -54.583000 6.362070
-29.084000 4.610000 50.583000 7.336535
-17.093000 -42.787998 16.792999 7.979952
-41.981998 -29.183001 -4.188000 6.964622
-35.619999 -35.209000 28.790001 7.400430
9.174000 -38.997002 35.974998 7.040931
-14.131000 16.590000 -54.222000 6.513826
58.917000 -12.075000 26.653000 6.762572
-44.105999 22.634001 -40.195000 6.583877
-51.327000 11.413000 34.610001 7.198447
43.990002 -3.090000 45.355000 6.921248
24.917000 1.584000 51.063000 7.437527
8.956000 36.404999 43.370998 7.395014
-44.884998 -25.903999 43.835999 7.231055
8.282000 -38.852001 -19.242001 7.443956
-35.368999 31.547001 -16.197001 7.063949
13.922000 -35.590000 -34.181000 7.302535
23.987000 22.584999 1.816000 6.681169
-33.891998 -36.091999 -40.137001 7.141802
76.959999 2.587000 1.802000 6.950676
-32.112000 -28.419001 -57.783001 6.875543
23.899000 24.666000 31.631001 6.645045
-27.820000 39.207001 -24.025999 6.586382
61.978001 -5.409000 -29.403000 6.830396
61.763000 3.865000 -7.656000 7.380130
-29.094000 1.602000 -54.341999 7.185841
31.322001 1.616000 -49.181999 6.712185
-37.935001 28.438999 -52.141998 7.197032
-34.069000 -36.195999 7.874000 7.084707
72.513000 -9.392000 -18.694000 7.207004
-11.113000 -43.344002 -25.205999 7.965582
-29.160000 35.337002 -46.186001 6.618769
56.801998 -1.611000 -32.859001 6.842072
30.146999 -10.415000 -7.204000 6.560390
29.323999 -14.666000 -37.109001 6.858675
-11.088000 -43.331001 -19.195000 8.022849
9.114000 39.471001 29.063000 7.388980
-6.963000 39.060001 -24.594000 6.958457
-8.088000 1.620000 -54.126999 6.585363
-40.452999 -30.774000 -10.176000 7.042257
3.913000 37.431999 -34.203999 7.285130
58.798000 1.450000 -10.571000 7.343865
24.868000 -22.316999 -52.188999 6.600630
-2.090000 38.337002 -25.181999 7.197301
-30.238001 35.744999 -26.261999 7.347973
-23.094000 -10.402000 -54.254002 6.433326
31.212999 -4.402000 -34.191002 6.841876
69.626999 4.189000 28.607000 6.918005
25.290001 19.601000 7.812000 6.847588
21.566000 -27.909000 25.917999 6.728348
20.042999 -10.501000 -49.162998 6.800594
0.887000 40.785000 37.833000 7.107984
51.698002 -9.106000 -30.070000 6.753628
57.880001 5.410000 -22.160999 6.805635
-26.105000 10.600000 -54.332001 6.796450
12.678000 -31.242001 -52.926998 6.290347
-38.457001 31.937000 31.738001 6.994350
57.112000 -8.562000 21.666000 6.998899
21.747000 -28.410000 -43.195000 6.673907
-23.104000 -25.408001 -54.219002 6.958670
-51.588001 -5.493000 -19.474001 7.004039
-12.748000 42.131001 35.143002 7.011393
-51.624001 -3.871000 -31.275000 7.073129
-40.537998 25.150000 -13.206000 6.885882
3.868000 -40.477001 34.818001 7.003856
7.980000 -38.692001 22.815001 7.106848
-5.106000 38.638000 -16.184000 7.010616
-40.137001 27.511999 23.083000 7.271213
-44.458000 -7.392000 -54.839001 7.155831
-20.003000 -42.245998 4.804000 7.846028
-23.114000 40.939999 -10.178000 6.965337
18.382999 -33.653999 40.563000 6.693741
-31.809999 -31.040001 -54.547001 6.717748
-43.667999 28.097000 34.823002 6.876791
32.685001 1.250000 -11.429000 6.883237
45.851002 -8.216000 -31.753000 6.800428
-50.859001 7.609000 -49.174000 6.701185
-42.585999 24.070000 -32.882000 6.661098
-51.182999 -10.421000 7.813000 7.184200
30.502001 1.569000 -52.074001 6.798284
-48.993000 15.840000 31.955000 7.198775
-32.081001 -1.397000 50.566002 7.501060
-32.898998 34.879002 -22.384001 6.902308
-46.601002 -22.424999 -28.186001 7.233017
-40.095001 -27.504000 -53.848000 6.727658
33.936001 -8.280000 -37.209999 6.611716
-32.110001 -10.406000 -54.346001 7.131735
-46.956001 16.628000 -25.180000 6.925865
-35.442001 -35.053001 -25.174000 7.169563
3.758000 -34.152000 -57.401001 6.505294
-5.093000 1.616000 -54.096001 6.716924
1.134000 -41.536999 7.820000 7.405459
-30.121000 26.774000 -49.245998 7.046604
66.958000 -7.413000 1.808000 7.770297
-0.881000 39.035999 -46.221001 6.933047
-49.203999 13.466000 22.851999 7.085981
-38.127998 -28.429001 50.268002 7.127579
21.497999 25.374001 -49.181000 6.788203
-41.133999 28.943001 28.813999 7.300507
3.813000 -40.076000 -52.136002 6.459219
-51.222000 -7.530000 46.981998 7.577202
23.388000 27.080000 6.004000 6.607574
36.873001 -10.108000 29.186001 6.955016
-14.105000 -37.008999 -46.417000 6.537355
-8.092000 -43.263000 -19.181000 7.937580
-14.096000 19.577999 50.702999 7.055968
-35.126999 31.466000 -43.192001 6.878454
-51.160000 4.582000 13.830000 7.045634
-29.108999 -34.403000 -54.101002 6.654570
4.182000 35.410000 -53.409000 6.954511
63.914001 6.493000 22.806999 6.733385
12.380000 -36.546001 -25.190001 7.561400
27.648001 -19.357000 28.792000 6.902820
-23.087000 19.606001 50.611000 7.167415
-14.102000 -10.400000 50.771000 7.579149
-17.087000 -34.374001 -57.814999 7.034207
-41.109001 19.612000 50.342999 8.189285
-26.108999 -31.443001 -57.901001 6.809580
17.152000 -32.686001 -4.164000 7.032974
-43.195000 -27.620001 -16.164000 7.053563
-37.172001 -30.427999 -53.841000 6.643021
24.497999 22.611000 -4.213000 6.800010
75.077003 -9.588000 10.754000 7.457270
-38.980000 -32.337002 7.828000 7.008251
68.068001 2.985000 -23.475000 6.838911
21.900999 -16.407000 51.112000 7.276231
-8.095000 1.577000 50.805000 7.038415
14.899000 -27.416000 -46.555000 6.354005
9.897000 -16.410999 51.028999 6.837159
-5.098000 -42.806000 28.820000 7.528594
63.825001 4.225000 34.735001 7.143974
31.445000 -1.377000 -49.193001 6.469998
-40.332001 -30.652000 -40.188999 7.056494
10.280000 35.519001 4.770000 7.176623
-30.483000 -35.832001 -53.648998 6.730728
22.969000 23.552000 -40.164001 6.492753
-35.098999 -7.403000 50.548000 7.618510
38.334000 -11.909000 33.358002 6.829697
-43.591999 7.522000 -46.694000 7.261774
0.614000 -36.806999 -54.417999 6.228241
-8.109000 -10.382000 -54.099998 6.463827
38.791000 -4.190000 27.059999 6.625552
-48.646000 -18.009001 -46.160999 7.048715
29.955999 -10.403000 10.821000 6.760238
-11.099000 19.590000 50.734001 7.180788
30.836000 -10.003000 -28.173000 6.649716
33.863998 -9.340000 -33.854000 6.554011
3.896000 36.728001 -19.194000 7.030756
7.186000 38.487000 37.909000 7.417868
-29.143999 -31.871000 -52.168999 6.512964
9.893000 1.566000 -53.943001 6.252159
-27.625000 36.104000 -43.887001 6.596184
-5.111000 39.404999 -34.220001 7.139823
-51.403999 1.628000 -10.200000 6.797498
22.254999 -16.414000 -54.505001 6.799857
7.786000 38.330002 25.377001 7.298004
-20.114000 -1.392000 50.688999 7.566762
-49.344002 -16.408001 -37.188000 6.973579
20.160999 -29.625999 1.833000 6.841320
15.935000 34.259998 10.818000 7.066652
3.947000 40.660000 22.822001 7.487861
-5.099000 -42.959000 -13.185000 7.846282
63.868000 7.212000 -13.191000 7.193230
30.655001 -7.414000 -4.203000 6.517186
-23.063000 -37.345001 -54.015999 6.602486
-51.564999 9.011000 30.523001 7.312867
-49.299000 -16.412001 -43.215000 7.161573
31.207001 -1.407000 -28.200001 6.825911
9.897000 -16.427000 -53.902000 6.921698
-29.225000 38.310001 25.849001 6.938599
78.189003 -7.115000 -4.262000 7.537476
-51.660000 3.552000 -46.139999 6.646925
22.879000 -26.205999 7.809000 6.805990
-37.571999 -33.693001 28.809999 7.212476
10.415000 35.716999 19.836000 7.042366
13.903000 -35.546001 -28.183001 7.360787
-32.500999 34.611000 -4.211000 7.036587
55.145000 -1.436000 20.112000 6.773167
31.261999 -1.395000 37.817001 7.079005
33.563999 6.761000 -16.712000 6.826745
77.700996 -4.153000 13.622000 7.136666
12.748000 34.030998 43.775002 6.876873
26.820000 21.823999 28.525999 6.765539
9.903000 7.595000 -53.956001 6.477520
26.548000 -21.186001 -37.187000 6.878863
39.550999 -9.834000 29.768000 6.889725
-32.650002 32.066002 1.741000 7.238362
8.702000 -27.138000 -52.187000 6.559504
-46.243000 19.193001 -37.223000 6.714632
-0.318000 -38.944000 -53.713001 6.475711
-8.059000 31.809999 -57.723999 6.599104
-26.104000 -40.325001 -13.171000 7.920508
-23.112000 13.607000 50.624001 7.146979
-36.973999 30.841000 8.101000 7.115839
15.903000 1.617000 51.049999 6.751550
-20.056000 40.573002 -7.179000 6.956723
64.653999 2.712000 -26.177999 6.873080
57.019001 0.803000 42.609001 6.925079
-41.998001 23.386000 -1.194000 6.917804
26.361000 -20.827999 -4.196000 6.705322
-45.055000 26.521999 31.712000 6.893554
-33.108002 32.243000 -4.012000 7.322057
53.859001 -1.323000 22.334000 6.945702
75.960999 -10.337000 -10.208000 7.455559
-43.266998 -27.715000 1.807000 6.995034
-51.627998 -1.939000 -16.153000 6.834867
30.521000 -7.117000 23.069000 6.840199
36.641998 -11.599000 31.652000 6.551089
8.447000 -38.924000 -40.334999 6.714792
-33.757999 33.230999 45.973999 7.656858
24.926001 25.576000 -22.250999 6.853507
38.688000 3.388000 -17.573000 7.158987
23.934999 -27.978001 34.785999 6.781135
15.884000 -19.396000 51.095001 7.072830
-5.105000 -4.418000 -54.083000 6.381492
29.792999 -13.234000 -40.188999 6.833071
-47.043999 -13.348000 -54.167000 7.086891
-47.113998 1.601000 50.368000 8.296293
23.556999 27.545000 17.003000 6.509610
24.195000 -22.152000 49.293999 6.793245
-51.061001 -1.412000 -52.811001 7.018198
-20.105000 40.118000 40.810001 6.737614
-39.103001 26.591999 -10.185000 6.941962
-48.702999 15.390000 48.407001 7.426178
-48.139000 -19.954000 -1.227000 6.954022
12.760000 -28.312000 -57.384998 6.358059
-45.896000 -24.357000 25.799000 6.962260
-5.089000 -25.399000 50.896000 7.111562
-41.500999 13.574000 -49.178001 7.188636
6.884000 -39.639999 -49.174000 6.571172
34.487999 5.074000 -15.568000 7.040050
12.302000 -36.491001 -13.147000 7.417464
65.704002 -11.981000 26.165001 6.914729
63.755001 1.520000 -28.027000 6.852203
22.379000 10.785000 -54.425999 6.217502
79.305000 -1.391000 -4.204000 6.824464
-35.831001 29.434000 -4.162000 7.432738
63.230000 -9.192000 -24.261000 6.718970
-8.042000 40.986000 10.796000 7.679264
-1.207000 38.980999 -36.955002 7.015750
28.715000 -19.628000 26.041000 6.982835
-2.080000 7.620000 50.853001 6.890141
-22.995001 -34.313000 -57.603001 6.684963
7.069000 34.933998 -52.702000 6.822256
18.795000 33.588001 -21.681000 6.575456
0.774000 31.046000 -57.459000 6.717238
-47.667000 16.607000 22.813999 7.128571
-47.096001 -10.405000 50.249001 7.984205
-26.136999 39.983002 25.811001 6.754688
42.776001 6.462000 -27.704000 6.822358
24.080999 25.628000 -1.208000 6.610765
-11.115000 -43.379002 -43.188000 6.973283
24.952000 -22.420000 40.801998 6.964811
31.139999 -7.525000 -37.173000 6.391063
-51.123001 13.809000 40.680000 7.069316
-5.099000 -42.949001 -10.191000 8.004842
-22.791000 -30.445000 -49.200001 6.806724
12.905000 10.604000 -53.931000 6.291246
51.890999 -9.664000 34.797001 6.978989
28.004000 -4.396000 50.293999 7.527546
-5.084000 -28.419001 50.902000 6.816405
10.206000 19.903000 -54.292000 6.412045
27.676001 16.605000 40.801998 6.811046
3.899000 -40.477001 25.812000 7.186036
-47.549000 19.573999 34.834000 7.031816
25.226000 -16.525000 -53.500000 6.532390
-52.340000 -1.407000 28.813999 7.253254
64.258003 6.413000 20.176001 6.874839
30.214001 -10.405000 -13.198000 6.704212
-2.045000 -32.347000 -46.498001 6.661804
58.924999 -1.549000 18.080000 7.569433
-5.132000 40.007000 22.808001 7.097610
-29.105000 7.594000 -54.355000 7.323262
29.336000 -14.727000 -40.123001 6.827766
-35.188000 32.021000 46.897999 7.496566
-11.092000 39.040001 -13.186000 6.786668
-43.728001 -13.403000 -54.813999 7.290713
34.092999 6.817000 29.190001 7.345983
-28.813000 -28.055000 -54.557999 7.113922
-29.211000 22.691000 -57.723000 7.423413
-23.059000 41.542999 16.832001 6.591822
27.111000 -19.363001 -7.180000 6.799761
-26.115000 36.778999 -43.195000 6.910958
6.899000 -39.631001 -37.196999 6.917274
-11.106000 25.603001 -54.210999 6.809773
-26.138000 36.818001 -46.176998 6.722331
-47.994999 -19.559999 -40.186001 6.922992
29.524000 -12.362000 7.753000 6.720772
-51.590000 -0.248000 -27.886999 7.018262
72.924004 4.896000 1.819000 7.132915
27.259001 -19.407000 -22.186001 7.184249
-11.095000 -43.186001 43.792999 7.087596
42.900002 1.605000 -18.580999 6.988298
-49.702000 13.610000 28.809000 7.187585
58.028999 -9.982000 22.952999 6.796001
3.895000 22.577999 -54.049999 6.548076
68.587997 0.503000 33.575001 6.750870
-48.283001 -20.260000 37.792999 7.287734
66.094002 4.806000 10.688000 6.916112
33.893002 8.832000 -22.195999 6.628803
29.016001 -14.285000 41.035999 6.875243
-23.105000 -41.373001 -34.200001 7.691502
1.192000 -41.553001 1.802000 7.560792
42.867001 4.585000 -19.624001 7.041548
-46.757000 16.617001 4.824000 6.739229
27.791000 -22.379000 25.798000 7.148923
6.250000 39.821999 10.712000 7.393637
-41.848999 -29.018000 -37.209999 7.149717
-34.775002 22.263000 -57.625000 7.220628
-23.129000 34.634998 50.174999 7.175178
38.986000 6.281000 -29.979000 7.145358
-8.088000 -4.413000 50.819000 7.460054
-36.355999 29.924999 -28.087999 6.954479
-43.134998 -27.570000 -28.197001 7.170145
17.368999 -32.865002 -37.014000 7.191398
-1.404000 39.460999 -3.676000 7.786155
27.843000 19.598000 28.830999 6.706481
-37.202000 31.445000 16.811001 6.957450
-51.257000 -10.407000 -7.187000 6.923100
-48.280998 -20.230000 34.770000 7.190464
0.910000 37.539001 -19.173000 7.290054
-23.028000 -34.479000 -46.421001 6.627129
10.864000 35.741001 40.979000 7.374691
9.916000 35.095001 -10.182000 7.125188
25.046000 -22.400999 37.816002 7.052791
8.206000 -38.800999 -7.137000 7.488900
3.905000 -16.399000 -53.964001 6.328906
29.652000 -7.354000 48.745998 7.259201
-8.101000 -43.105999 34.813999 7.721293
17.587999 30.288000 37.800999 6.977139
23.171000 23.757000 -28.486000 6.726865
-2.098000 -42.381001 1.812000 7.600117
-45.702999 18.275999 -10.195000 6.880941
9.897000 35.036999 -13.193000 7.126149
25.549000 19.628000 -37.189999 6.473163
-25.726000 39.514999 31.729000 7.001779
-8.091000 22.604000 50.757000 7.245448
23.353001 24.046000 38.771000 6.774014
18.822001 -31.309999 -22.194000 7.182622
-48.230999 -20.097000 19.791000 6.820597
18.847000 -31.322001 -25.195999 7.104556
-45.241001 20.524000 -34.115002 6.757125
29.593000 9.798000 -51.189999 6.198430
-47.457001 16.618000 19.809000 7.032941
-31.782000 -25.093000 -54.653000 6.988525
-33.919998 -36.116001 -31.201000 7.428037
-24.410000 30.006001 -49.229000 6.709564
41.747002 -4.327000 -17.638000 6.967199
8.371000 -38.893002 -30.785000 7.551297
-20.112000 38.516998 -31.183001 7.061392
15.589000 22.343000 -52.221001 6.380228
25.503000 -23.250999 19.159000 6.716198
-23.097000 39.710999 37.818001 6.692612
22.684000 -25.882000 43.841999 7.027374
-35.085999 22.596001 50.473999 7.585615
8.337000 -38.868999 -25.313000 7.431115
-45.696999 -24.080000 -19.146000 7.132626
-0.175000 -42.005001 -10.221000 7.883733
67.005997 3.925000 4.772000 7.282349
22.829000 -26.641001 25.141001 6.893081
-49.594002 -16.408001 -7.192000 6.978267
-39.075001 26.570999 -7.192000 7.219846
-38.193001 28.846001 -40.188999 6.887289
18.485001 -16.237000 -54.435001 6.702809
-35.445999 -35.033001 -28.191000 7.334303
43.588001 2.666000 30.549999 7.381898
-49.228001 13.268000 48.742001 7.336227
-52.570999 -4.383000 34.812000 7.513727
-38.786999 -13.389000 -52.187000 7.400429
-51.527000 -8.096000 4.844000 7.024406
-42.080002 -16.783001 -52.243000 7.318449
25.584999 19.570000 -10.182000 6.794479
-44.859001 19.969999 -22.204000 6.871083
58.022999 -4.510000 -31.885000 6.612469
-14.002000 39.398998 48.630001 7.232083
-37.417000 -33.583000 -10.189000 7.042620
18.672001 -31.165001 1.816000 6.860301
-48.714001 12.398000 -1.207000 6.919896
-32.089001 4.608000 50.551998 7.555286
-35.115002 -1.419000 -54.396000 7.234536
-43.578999 27.993000 37.751999 6.935596
15.665000 31.106001 46.696999 6.759118
-40.780998 25.450001 10.819000 7.050650
-23.098000 37.644001 -34.194000 7.092059
-14.108000 -43.200001 -34.192001 7.950035
-25.037001 42.341000 10.477000 6.322824
20.667999 30.462000 -4.206000 7.144971
-17.056000 39.412998 -49.206001 6.514488
-32.792999 32.595001 -31.153999 7.535369
10.287000 35.514000 43.992001 7.185446
-41.944000 -29.139999 -13.198000 6.971188
-0.622000 -41.897999 35.259998 7.539370
-11.103000 40.138000 7.868000 7.032364
-27.660000 36.129002 -46.480000 6.556726
45.763000 4.205000 -20.091999 7.022324
26.382999 18.054001 -25.382000 6.516725
-34.227001 34.345001 -16.188000 6.713674
-17.035999 -39.619999 -53.868999 6.633035
-17.122999 -37.122002 -54.632000 6.530275
-51.689999 -4.393000 -4.186000 6.766315
-14.103000 22.604000 50.695999 7.241109
9.880000 35.241001 -7.187000 7.168819
8.158000 -38.811001 33.924000 6.880303
28.538000 13.613000 -40.203999 6.242742
-18.604000 39.098999 -38.388000 7.072138
33.880001 -10.221000 -31.193001 6.390446
-51.610001 0.369000 -31.896999 7.086094
32.890999 3.231000 -41.917000 6.173948
-49.390999 -16.410999 -31.195000 7.244402
-51.646999 3.523000 -40.402000 6.819898
-38.007999 -31.326000 49.441002 7.223656
-1.983000 38.174000 -52.585999 7.100883
-51.685001 -4.393000 7.815000 7.046062
-27.278000 35.943001 -31.295000 7.987469
-37.577999 28.134001 -10.213000 7.119930
20.186001 26.863001 -34.193001 6.675118
23.166000 26.899000 26.775999 6.673861
-42.084999 23.454000 -16.149000 6.911839
-52.410000 7.617000 34.818001 7.136899
-49.519001 10.597000 7.788000 7.076777
-20.098000 -16.410000 50.723000 7.513076
23.368999 26.228001 13.076000 6.627904
-37.153000 -24.525000 -57.356998 7.111762
69.848999 -12.071000 -12.868000 7.011423
-2.206000 -42.224998 40.808998 7.193015
11.833000 33.383999 -51.361000 6.624711
-19.799999 -42.172001 46.645000 6.948410
-35.118999 31.596001 -46.195000 6.971406
-50.764000 -13.385000 34.812000 7.330500
0.890000 -19.400000 -53.987999 6.336236
-8.117000 -43.205002 1.822000 7.980978
57.695000 -9.342000 -27.625000 6.654300
37.292999 -11.926000 -26.764000 6.909759
-14.091000 28.500000 -49.164001 6.966087
-20.125000 39.729000 28.820999 6.908334
55.873001 -8.783000 -29.480000 6.658293
62.250999 -6.164000 -8.462000 7.478275
-14.139000 28.481001 -52.179001 7.048461
6.933000 -7.409000 -53.952999 6.202615
33.599998 1.883000 41.612000 7.321124
29.134001 11.298000 -13.163000 6.770072
38.053001 -5.305000 -38.029999 6.414845
-35.570999 -35.136002 7.823000 7.063792
-14.107000 -43.120998 22.818001 7.856611
45.896999 1.641000 -34.159000 6.745221
9.886000 10.608000 50.967999 6.965438
70.085999 -11.803000 -14.336000 6.979452
-17.105000 -32.402000 -49.165001 6.860283
21.723000 -16.323999 -57.308998 6.863045
-15.197000 -32.818001 -52.202000 7.237425
-26.093000 -40.300999 -28.188000 7.864938
-32.853001 -23.052000 -52.180000 7.145318
-23.033001 37.234001 -52.269001 6.522459
54.192001 -7.778000 25.554001 6.912422
-38.882000 -32.231998 -19.200001 7.147192
-29.900000 -38.541000 -28.216000 7.746535
-38.084999 -7.387000 50.516998 7.775380
-43.237999 -27.690001 -4.198000 7.057105
-37.548000 19.247999 -57.577999 7.527573
-37.219002 -24.641001 -52.209999 6.990466
-7.641000 41.465000 34.749001 7.239700
6.897000 37.292000 43.798000 7.412926
-43.237000 -27.669001 46.688000 7.240775
6.890000 -40.787998 40.803001 6.617115
-11.117000 10.617000 -54.178001 6.717001
65.271004 -8.981000 18.205999 7.339097
-48.932999 12.980000 -34.240002 6.832375
-35.564999 -35.154999 10.822000 7.059555
-44.743999 -25.690001 -4.186000 6.982518
-33.361000 35.812000 -16.198999 6.720840
-27.743000 39.192001 25.403000 6.813771
-20.105000 -25.402000 -54.188999 6.881476
30.440001 -13.406000 19.804001 6.562133
-20.091000 40.373001 -22.216000 6.773732
27.226999 -19.403999 -19.218000 7.047756
-8.096000 -10.399000 50.832001 7.498364
36.821999 -7.118000 -37.091000 6.381250
-2.162000 37.549999 49.505001 7.151103
6.886000 4.599000 -53.980000 6.358423
-40.478001 27.879000 46.580002 7.049645
29.114000 -13.980000 1.819000 6.750945
-26.110001 -40.270000 -40.202999 7.300456
-22.849001 30.594000 -46.737000 6.811767
-23.101000 -22.403999 50.705002 7.404438
-48.875000 -18.535999 13.820000 6.880090
-8.128000 -39.734001 -53.855000 6.478896
-40.308998 -30.650000 -43.209999 6.940032
-16.605000 39.230999 -28.219000 6.989700
-46.647999 16.612000 -7.202000 6.910475
21.537001 -28.277000 -16.188000 6.985762
-34.834999 16.504000 -54.826000 7.006801
22.837999 -26.128000 16.788000 6.835869
24.309000 -27.412001 28.855000 6.768527
-52.040001 -7.397000 31.787001 7.120320
17.044001 -32.577000 13.817000 6.819579
-42.780998 24.316000 -48.972000 6.697483
26.400000 -20.903999 -11.168000 6.918830
-31.688000 36.936001 -10.215000 6.872899
-11.092000 39.062000 -16.188999 6.925729
54.904999 -4.417000 43.521999 6.723911
-17.101999 -34.403999 -54.133999 6.997001
6.760000 -39.530998 -13.185000 7.531685
-2.117000 40.839001 25.823999 7.572353
-40.410000 -30.743999 -19.193001 7.100546
-2.096000 -42.485001 -22.181999 7.636130
65.011002 -6.396000 14.459000 7.413697
-38.119999 16.599001 50.460999 8.261145
-29.087000 -10.410000 50.617001 7.580872
13.490000 -22.837999 -46.417000 6.611842
13.306000 -28.961000 -49.169998 6.320771
9.916000 34.792999 -31.180000 6.965169
-50.987999 4.599000 -16.201000 7.094347
-20.150999 39.851002 22.811001 6.919323
12.317000 -36.507999 -16.209999 7.411296
30.818001 -4.400000 28.822001 6.966714
-34.073002 -36.234001 16.816000 7.136508
-46.057999 18.868000 -51.750000 7.106205
-48.298000 -20.256001 40.845001 7.509621
-21.504000 -41.881001 -1.154000 7.946223
-31.080000 36.715000 1.781000 7.201391
62.575001 -8.987000 36.410999 7.374296
6.887000 39.770000 31.768000 7.470800
6.441000 36.571999 -49.126999 6.640789
25.447001 -22.408001 -1.192000 6.726078
-37.424000 -16.424999 -52.217999 7.194333
-24.450001 39.056000 41.782001 7.032506
-18.843000 39.146999 -46.105999 6.948353
30.528000 4.580000 4.776000 6.621742
4.037000 25.847000 -46.391998 6.397649
-40.699001 25.306999 -19.209000 6.890118
-20.087999 25.582001 50.626999 7.062510
-45.139999 -4.397000 -52.201000 7.283488
73.015999 -10.175000 16.830999 7.359798
-47.126999 7.607000 -54.301998 7.157927
-40.487000 25.089001 -4.183000 7.040470
12.678000 28.333000 -53.846001 6.391705
-38.981998 -32.356998 10.814000 7.009972
-8.111000 39.526001 -31.202000 7.227710
-5.118000 32.810001 -52.183998 6.355797
8.164000 35.969002 -7.936000 7.397880
12.103000 -36.355999 16.798000 6.962001
51.901001 -10.223000 -22.169001 6.790602
69.343002 -9.123000 -21.172001 6.956036
76.714996 -7.877000 7.839000 7.513441
0.893000 -22.421000 50.951000 6.914568
27.687000 -13.330000 49.638000 6.995575
-51.881001 9.966000 34.966999 7.289061
3.908000 25.587999 -54.667999 6.476957
-21.194000 -35.757000 -52.210999 6.532788
-42.707001 -15.207000 -57.243999 7.227189
-39.200001 7.890000 -57.412998 7.201560
48.848000 3.769000 -20.273001 6.952112
-11.087000 -37.409000 50.834000 7.196485
-52.123001 -7.410000 34.808998 7.437372
-17.083000 31.969999 -54.726002 6.597579
-2.095000 -42.432999 -10.196000 7.893168
21.660000 -10.187000 -54.032001 6.427775
28.458000 13.606000 -31.184000 6.522221
-51.576000 -5.024000 -28.093000 7.016300
15.915000 32.169998 -25.218000 6.793433
-21.510000 -41.875999 -7.159000 8.079793
-10.854000 34.127998 -54.508999 6.564370
-42.708000 24.229000 -37.332001 6.656662
38.540001 -6.021000 27.252001 7.104302
14.946000 -27.464001 -49.255001 6.344095
-11.106000 39.653000 -31.198000 7.208166
0.895000 41.380001 16.816999 7.520923
-39.785999 27.278999 -51.153999 7.207880
-49.471001 -16.405001 -22.180000 7.183054
-29.657000 38.144001 7.818000 6.980649
64.050003 5.880000 -17.054001 6.812171
-5.109000 -19.389999 50.882999 7.219054
-49.390999 -4.362000 -54.016998 7.095490
38.491001 -3.291000 -38.900002 6.344144
29.813000 -13.275000 -43.193001 6.699946
-23.101000 40.851002 -19.184000 7.220003
-2.148000 -42.230000 37.799000 7.501339
-48.275002 -20.218000 43.868999 7.449180
13.642000 -35.353001 44.034000 6.909236
-23.106001 -25.388000 50.710999 7.167173
37.493000 6.355000 39.617001 7.485148
33.740002 3.752000 -40.035999 6.146019
-9.389000 39.105000 -5.957000 7.186443
0.890000 1.569000 50.896999 7.063884
76.651001 1.813000 13.908000 6.941530
48.895000 -1.397000 -18.504000 6.840107
26.309000 17.934999 -10.082000 6.386682
-45.860001 -24.336000 19.833000 7.010965
-23.141001 40.881001 -13.195000 7.065111
-35.049999 31.183001 -34.214001 6.895903
-2.059000 40.185001 1.789000 7.736972
-45.784000 -24.181999 -1.154000 7.018032
-34.842999 33.393002 19.726000 7.305070
26.589001 -24.481001 28.011000 6.907980
36.748001 7.127000 -19.415001 7.231615
-26.090000 -40.417999 37.814999 7.697714
67.191002 6.629000 13.883000 6.982368
61.790001 -12.001000 24.070999 7.006331
-53.082001 1.610000 40.798000 7.252540
74.252998 2.846000 20.822001 7.126242
-11.152000 -41.317001 -53.449001 6.494131
-17.231001 40.514999 7.801000 6.689891
3.899000 -7.389000 -53.984001 6.083498
-40.964001 -1.399000 -54.826000 7.024957
24.264999 -27.750999 31.829000 6.807991
-28.542000 -39.359001 22.802999 7.509704
12.760000 25.341999 -54.574001 6.292501
63.561001 6.382000 25.632000 6.849487
67.745003 -9.684000 -1.336000 7.360669
-20.111000 38.971001 -26.281000 6.926059
42.720001 1.410000 29.702999 7.066878
40.035000 -7.672000 -18.354000 7.091063
20.044001 -29.469000 44.243999 6.936908
-47.278000 16.596001 16.820999 6.964135
24.235001 -25.125000 -43.192001 6.586461
30.667999 4.621000 -28.195999 6.809875
-23.089001 40.562000 25.797001 6.633919
29.540001 9.597000 -1.212000 6.839334
-50.754002 7.603000 16.823000 7.010416
-28.862000 28.219000 -54.730000 6.754791
-50.660000 13.836000 47.280998 7.211201
-23.105000 -41.441002 40.793999 7.492427
0.875000 40.301998 -4.242000 8.066816
26.108999 -20.309000 40.799999 7.166366
0.899000 31.584000 50.807999 7.367800
57.660999 -7.569000 -15.861000 7.036762
-26.120001 -40.388000 25.787001 7.631238
18.806000 -31.289000 -19.183001 7.224388
-51.935001 -7.407000 28.808001 7.144989
12.294000 -36.470001 -10.190000 7.328952
-51.653999 -1.759000 -1.196000 6.889805
18.649000 13.386000 -54.117001 6.263560
-48.056999 -19.753000 -22.212999 7.074641
69.103996 -2.178000 -26.906000 6.756918
20.231001 32.916000 -15.386000 6.537951
60.631001 -1.419000 -7.193000 7.578267
74.334000 -8.800000 18.076000 7.281889
-17.089001 39.573002 22.808001 6.862035
27.184999 -19.420000 -16.187000 7.022370
8.478000 39.194000 27.253000 7.264362
-40.439999 -30.763000 -13.185000 7.080974
-28.351000 -39.268002 -46.205002 6.906761
-29.100000 -10.408000 -54.314999 7.040404
48.924000 7.013000 37.764000 7.021410
52.062000 -1.384000 25.871000 7.043833
25.296000 1.620000 -49.189999 6.758816
32.763000 -6.198000 -14.467000 6.945149
18.797001 10.716000 -46.216000 6.584927
33.439999 4.199000 -13.641000 7.132973
-51.681999 -1.412000 -34.185001 7.060090
75.351997 3.926000 10.773000 7.167876
77.297997 -8.787000 -6.164000 7.466820
-35.213001 -25.547001 -46.390999 7.335782
27.680000 -16.403000 46.813999 6.606846
-35.480999 -35.088001 -13.180000 7.275806
15.630000 -33.903000 1.809000 6.883424
31.048000 -10.424000 40.820000 6.925453
6.190000 39.661999 -3.804000 7.880144
-44.167000 -10.407000 -54.806000 7.068226
29.698999 -4.320000 48.844002 7.418849
-8.044000 -41.257000 -53.423000 6.499978
21.857000 -28.792999 31.792000 7.047471
-40.577000 4.593000 -54.848000 7.247478
-14.113000 39.875999 -46.195999 6.592769
17.080000 -32.647999 4.834000 6.868855
-14.128000 -40.462002 50.360001 7.168881
8.692000 -27.115999 -49.241001 6.716141
-51.583000 -0.139000 10.486000 7.156854
-19.882999 -39.330002 -53.820000 6.576384
18.775000 -31.284000 -16.222000 7.268785
-43.606998 10.365000 -54.780998 7.271186
-5.088000 -22.393999 50.889999 7.220535
30.943001 13.615000 22.812000 6.719147
16.343000 31.896999 31.841999 6.932399
14.250000 -35.743000 42.055000 7.043017
6.074000 39.683998 22.969999 7.513683
30.770000 1.583000 13.799000 6.725708
-42.828999 24.360001 -43.198002 6.608928
18.905001 -10.440000 51.105999 7.410773
-44.717999 -25.615000 -13.190000 6.983577
-17.120001 -42.819000 -43.195000 6.969118
-49.148998 13.469000 -43.195000 6.724136
-41.349998 -1.357000 -57.759998 6.895224
60.889999 -10.522000 -19.197001 6.763931
-35.497002 -35.094002 -10.174000 7.175115
-2.093000 -34.402000 50.941002 7.011232
-32.230000 19.771000 -46.639000 7.202105
-39.002998 -32.360001 13.829000 6.997654
58.157001 5.824000 35.460999 7.039414
36.830002 -9.950000 -19.474001 6.779325
-48.558998 18.030001 36.506001 7.170114
57.896000 1.596000 -13.170000 7.339518
16.973000 -32.536999 22.818001 6.909511
-29.112000 22.591999 50.541000 7.070187
29.622999 7.333000 46.381001 7.195288
-37.268002 -33.473999 -46.181999 6.820086
77.901001 -1.559000 -15.979000 6.698196
-29.127001 35.007000 -34.174999 7.663291
-36.688000 30.254999 6.211000 7.134995
-29.091999 19.594999 50.549000 7.193245
-17.072001 1.583000 -54.219002 6.420227
13.460000 32.474998 47.137001 6.725913
-14.092000 -43.118000 25.806000 7.810543
-32.123001 -37.195000 -46.196999 6.853820
-8.104000 -43.313999 -37.183998 7.451617
57.845001 1.661000 19.575001 7.066610
24.313000 25.650000 -4.196000 6.530438
14.191000 32.935001 44.174000 6.957019
3.907000 -40.585999 7.812000 7.278533
35.431999 -8.875000 39.243999 6.590260
-23.094000 -41.431000 22.808001 7.715049
-35.103001 -25.400000 50.582001 7.725881
-32.099998 19.601000 50.516998 7.227856
-52.112999 -4.403000 25.809000 7.073558
-0.070000 -42.035000 -22.202000 7.722657
-42.134998 -26.308001 -53.416000 6.735799
36.612000 -9.358000 -33.431999 6.614132
67.324997 -7.414000 4.821000 7.659652
-51.619999 -4.033000 -19.129999 6.953100
18.606001 19.405001 -54.523998 6.239727
-49.731998 10.598000 13.816000 7.054870
42.942001 3.874000 43.014000 7.294345
-51.449001 -7.402000 -25.195000 7.035136
21.908001 -10.387000 -45.664001 6.611777
-8.103000 -43.247002 -13.182000 8.010788
-23.108000 -41.438999 37.796001 7.856951
72.237000 -4.313000 28.665001 6.772610
30.863001 4.629000 -13.213000 6.640107
1.257000 -41.564999 -4.183000 7.739060
-47.108002 -4.397000 50.375999 8.235043
-36.622002 30.113001 -38.247002 6.823891
1.433000 -41.610001 -22.186001 7.772787
65.271004 3.221000 1.018000 7.243792
15.845000 34.155998 22.796000 7.081676
9.890000 25.579000 50.928001 7.394460
20.316000 -20.723000 -49.173000 6.489089
-44.960999 -22.917999 -52.890999 7.014174
17.226999 -32.756001 -16.160999 7.274904
65.537003 6.101000 24.372000 6.889674
28.297001 13.594000 -13.188000 6.633062
25.472000 -22.424000 -4.192000 6.751475
64.742996 1.613000 1.772000 6.971968
-4.756000 38.926998 -28.035999 7.204792
6.902000 -39.687000 -46.185001 6.585360
-14.106000 28.532000 -54.709999 6.942411
13.815000 -35.493000 -16.141001 7.394439
-11.106000 -34.415001 50.852001 6.695024
-52.709999 7.616000 37.801998 7.193962
-44.943001 20.129999 13.773000 6.978457
-5.098000 28.417000 -52.202000 6.740496
-40.502998 25.128000 -1.168000 7.031466
-14.095000 -1.417000 50.750999 7.339360
15.893000 -4.405000 51.063000 7.126535
-29.867001 -38.508999 -43.207001 7.145416
39.452000 6.930000 29.599001 7.491587
-51.035999 4.606000 -25.195000 6.964162
-37.726002 -16.400000 -54.808998 6.972862
19.211000 31.959000 -1.176000 7.320845
17.530001 -27.035999 -53.703999 6.233371
74.843002 -9.404000 13.679000 7.456633
-5.094000 7.588000 50.823002 6.942986
60.969002 -1.405000 16.892000 7.494431
-51.168999 -10.403000 10.796000 7.167561
-42.042999 -29.254999 10.785000 7.004836
-32.120998 -1.401000 -54.366001 7.215554
-3.939000 39.073002 48.210999 7.118930
11.767000 -30.173000 -46.594002 6.253479
15.903000 -16.403000 51.089001 7.261878
-43.425999 -13.400000 -49.195000 7.472438
-50.138000 10.602000 -43.202999 6.654051
1.091000 -41.516998 13.838000 7.400402
-12.366000 41.944000 31.497000 7.422910
-5.091000 38.737000 -22.191999 7.004614
-29.919001 -38.560001 -19.191000 7.861488
-14.098000 -43.168999 -10.193000 8.211790
0.912000 -34.405998 50.965000 6.996943
3.875000 -40.817001 -28.177999 7.578722
59.021999 -3.678000 18.132000 7.127811
77.444000 3.148000 -7.772000 6.983863
9.639000 -28.121000 -54.167000 6.502357
-5.100000 -37.293999 -52.208000 6.111664
-26.139000 40.952999 16.802999 6.554960
8.468000 -38.933998 -43.278000 6.666777
49.478001 -8.870000 42.290001 6.849441
-34.138000 -36.257999 31.827000 7.405079
19.155001 28.957001 -28.289000 6.865184
12.877000 34.293999 -1.176000 7.371135
72.363998 6.525000 13.737000 7.109921
-8.082000 37.665001 49.766998 7.195838
58.269001 6.514000 25.840000 6.779102
-5.102000 -42.794998 31.822001 7.545740
36.967999 -11.420000 -21.627001 6.527315
-32.096001 -37.359001 -10.196000 7.573303
-37.223000 -33.444000 -49.153000 6.622771
26.125999 -20.344999 37.807999 7.067259
29.698000 1.498000 48.904999 7.370533
-5.105000 28.599001 50.772999 7.071470
-11.139000 41.356998 10.768000 7.486145
-40.080002 30.452999 40.484001 7.371516
-14.088000 -42.953999 46.820999 6.835723
-40.620998 -30.924999 31.823999 7.483605
65.328003 -3.242000 8.723000 7.411170
55.397999 1.045000 -17.122999 7.212780
-2.098000 41.025002 40.818001 7.095994
-23.027000 34.492001 -54.073002 7.057402
22.091000 31.749001 -19.181000 6.445896
-29.084000 -31.417000 50.653999 7.393558
-2.114000 -16.403000 -54.025002 6.178415
-48.012001 -19.634001 -34.193001 7.078811
36.887001 -11.441000 -28.205999 6.581094
15.905000 34.648998 -16.198999 6.509396
-26.945000 23.642000 -52.258999 7.178234
-49.487999 10.532000 -52.193001 6.672218
-51.058998 -10.424000 -31.207001 7.261143
19.054001 -28.521999 -52.994999 6.376279
-17.110001 -28.402000 50.778999 6.972725
-32.095001 25.591000 50.498001 7.508753
-5.091000 -7.403000 -54.076000 6.346334
77.481003 -8.972000 -11.986000 7.400197
-51.881001 -7.303000 43.688999 7.592518
1.859000 38.917999 44.848000 7.273740
3.916000 40.340000 -4.287000 7.580281
6.890000 -28.344999 -49.174000 6.658842
-38.789001 -32.139999 -43.193001 6.909481
26.465000 -21.021999 -22.229000 7.002054
51.901001 5.821000 -25.184999 6.840721
29.660000 -12.804000 -16.201000 6.829863
0.748000 28.405001 -46.078999 6.467513
-31.768000 34.619999 1.811000 7.357951
72.912003 -10.788000 -4.196000 7.353662
13.626000 -35.339001 13.821000 6.907087
-49.813000 16.493000 46.699001 7.029312
-8.117000 -43.195999 4.834000 7.933333
-3.173000 39.164001 -34.897999 7.016008
-43.189999 21.827000 -7.211000 6.931593
64.116997 -7.967000 -25.518999 6.962929
-51.611000 -3.540000 -28.278999 7.119666
-40.341999 -30.691000 -34.167000 7.353382
-41.092999 -13.408000 50.497002 8.079648
6.930000 -28.344999 -52.192001 6.468894
35.494999 0.651000 -14.596000 7.415265
23.535999 15.475000 -53.713001 6.284251
21.899000 7.614000 51.087002 7.492720
-34.965000 -31.259001 -54.033001 6.620347
29.764000 -1.358000 48.983002 7.164002
20.013000 -29.480000 22.808001 6.766417
6.633000 -39.466000 4.804000 7.252970
30.625999 -4.412000 25.818001 6.766501
-32.740002 -29.202000 -52.216999 6.859550
0.015000 -42.070999 -34.206001 7.415049
-45.706001 18.280001 -1.142000 6.772107
3.909000 37.602001 -40.181999 6.981474
-26.096001 -16.406000 -54.271000 6.938906
-31.884001 25.146999 -46.695000 7.247070
-51.640999 -6.539000 10.797000 7.134423
3.684000 39.583000 40.658001 7.470850
-23.098000 16.599001 -54.313999 6.877285
-44.597000 -25.448999 -40.189999 7.045019
-2.086000 1.604000 -54.066002 6.544721
17.674999 30.421000 31.645000 6.993030
66.961998 6.962000 -10.221000 7.199551
-48.264999 14.286000 -31.131001 6.913634
23.537001 9.516000 -56.984001 6.719658
-28.458000 -39.331001 -4.191000 7.726655
10.033000 25.797001 -46.110001 6.457686
-14.137000 28.910999 -46.491001 7.038515
26.294001 17.891001 -7.150000 6.347936
-33.973999 33.925999 -10.324000 6.886022
19.106001 16.705000 -46.084000 6.719382
-14.107000 -19.403000 -54.140999 6.243748
9.922000 -37.776001 4.806000 7.137153
-2.098000 40.681000 16.809999 7.545919
0.901000 -10.389000 50.924000 7.439526
-39.016998 -32.367001 16.829000 7.107363
60.765999 -4.320000 -30.569000 6.429805
-44.084000 16.563999 -54.209999 7.351106
9.078000 -39.504002 43.473999 6.520888
-40.157001 15.980000 -52.207001 6.924954
26.336000 17.980000 -13.046000 6.492311
-17.108000 39.694000 28.804001 6.948318
-11.152000 41.799000 37.959000 7.067046
-8.088000 -43.159000 16.796000 7.670010
45.897999 -4.397000 -18.400999 6.797977
6.665000 39.946999 25.955000 7.399799
-10.560000 33.131001 -49.159000 6.525291
-2.106000 -13.403000 50.900002 7.364129
-5.078000 -42.848000 16.785999 7.596483
-11.103000 39.838001 -34.207001 7.250349
7.121000 -31.638000 -54.105999 6.486877
-14.091000 -43.157001 -1.183000 8.144902
-51.219002 -10.401000 -13.186000 6.899793
-11.094000 -22.396999 50.827999 7.447368
3.905000 -40.733002 -16.181000 7.490120
8.939000 36.353001 13.809000 7.231841
73.072998 -11.420000 -13.312000 7.305319
-44.245998 -10.415000 -52.175999 7.434293
-51.570999 -8.679000 22.479000 7.220590
-41.098000 -1.421000 50.472000 8.107285
-41.352001 -1.379000 -46.603001 7.492279
-5.073000 -34.382999 50.911999 6.853405
-46.694000 16.625000 -13.184000 6.971072
21.917000 -7.411000 51.125000 8.012977
-14.035000 -34.212002 -57.632000 6.761017
17.172001 -32.701000 -7.110000 7.043531
-8.130000 -42.705002 -51.973999 6.573721
30.389000 -10.236000 -16.351999 6.634785
-14.117000 10.598000 50.723000 6.903257
-39.673000 6.391000 -49.176998 7.564390
-49.387001 10.608000 -7.194000 6.886117
11.010000 20.733000 -46.671001 6.418683
-8.107000 -33.210999 -49.199001 6.372869
-48.935001 -18.688999 28.820000 6.876082
-49.140999 13.453000 -46.182999 6.641646
30.846001 -4.406000 7.814000 6.852939
-22.778000 -30.443001 -52.191002 6.915323
-14.084000 -43.084000 43.807999 7.113302
-33.931999 -36.148998 -22.198000 7.461216
17.246000 -32.772999 -19.164000 7.294490
19.007999 32.629002 -23.132000 6.746974
48.903000 -9.759000 -28.200001 6.694902
-33.141998 32.777000 -40.131001 7.089975
15.927000 34.293999 13.818000 7.005795
28.400999 13.613000 -25.202999 6.517169
-51.910999 -4.200000 46.483002 7.271364
-42.636002 24.202000 -50.882000 6.616143
28.372000 13.616000 -22.193001 6.587688
-51.119999 -10.409000 -22.191999 6.997912
29.552000 -12.497000 1.767000 6.801437
-20.066000 -42.230000 40.792999 7.135224
3.899000 -25.412001 -53.942001 6.605607
-45.436001 20.773001 25.527000 7.165547
-48.337002 17.393000 47.994999 7.114339
-14.054000 40.518002 19.802000 6.788948
29.174999 -20.430000 18.858999 6.732574
-2.086000 -42.457001 -16.188999 7.797135
-28.464001 -39.313000 -10.191000 7.673471
-29.090000 -22.375000 -54.286999 7.125810
17.214001 -17.631001 -56.988998 6.857088
-28.590000 27.750000 -52.223999 6.701877
-42.060001 -29.290001 16.788000 7.052946
-21.497000 -41.875000 -16.163000 7.997196
-28.163000 -27.309999 -49.164001 6.973598
28.726999 -16.417999 -40.192001 6.877281
21.537001 25.528000 -31.148001 6.677140
-34.096001 -36.259998 25.827000 7.145255
-31.929001 -25.259001 -46.415001 7.181901
-21.997000 39.183998 45.794998 6.987932
19.113001 25.789000 -52.817001 6.757050
-5.078000 -42.756001 40.798000 7.307391
37.847000 3.333000 42.474998 7.327464
-23.125999 43.108002 7.813000 6.356053
-50.993999 4.600000 -19.188000 7.028172
-21.530001 -41.886002 22.829000 7.815271
21.903999 16.598000 50.939999 7.109604
-0.239000 -41.992001 -4.254000 7.703002
-0.261000 -41.983002 -1.223000 7.750399
42.757000 3.519000 -33.145000 6.807210
69.910004 4.773000 1.821000 6.992996
3.904000 -10.420000 50.955002 7.471442
-17.099001 -1.390000 50.720001 7.592527
59.237999 0.240000 18.264000 7.443008
-5.101000 -42.862000 13.805000 7.595592
7.595000 23.632999 -57.230000 6.449305
20.221001 5.386000 -49.181000 6.521734
-34.831001 31.518999 -22.209999 7.177367
26.368000 18.035999 -50.548000 6.349223
26.841000 -18.858999 37.824001 6.965511
6.547000 39.950001 7.745000 7.514864
68.089996 -9.301000 1.599000 7.860648
69.509003 1.461000 31.635000 6.656465
26.457001 18.208000 -46.213001 6.048055
34.077000 1.618000 -13.156000 6.776278
13.587000 32.547001 -34.196999 6.579725
-31.451000 33.571999 48.849998 7.004096
33.917999 1.667000 -43.227001 6.188315
-23.094999 40.332001 28.802999 6.695120
8.631000 36.832001 -0.894000 7.765275
-37.236000 31.410000 19.778999 6.991798
35.863998 0.772000 -42.361000 6.437984
42.768002 -10.435000 31.999001 6.925172
72.793999 -7.193000 -22.041000 6.902783
-20.000999 31.142000 -57.608002 6.560104
75.484001 -7.160000 -18.992001 7.117516
30.976000 -1.405000 4.817000 6.849542
-51.000000 4.615000 -7.196000 6.892316
28.749001 16.749001 31.867001 6.800642
50.316002 -8.953000 33.220001 6.727862
-50.396000 7.596000 -25.181999 6.988761
23.135000 29.708000 -23.257000 6.622600
-51.442001 -7.410000 -28.184000 6.975520
27.055000 -19.268999 1.798000 6.856791
-14.087000 -43.209000 -40.193001 7.429314
-17.176001 -41.155998 -53.254002 6.556898
-29.783001 -38.477001 -49.250999 6.692083
0.906000 -7.388000 50.917999 7.330692
1.526000 -41.646999 -34.186001 7.486928
-14.074000 31.813000 -57.708000 6.787020
-28.514000 -39.327000 4.805000 7.475932
-37.585999 -33.724998 37.811001 7.528832
-23.101999 -41.438000 34.812000 7.799760
21.458000 -7.425000 -46.089001 6.748834
-2.096000 -42.549999 -37.195000 7.299116
-21.466999 -41.872002 -34.115002 7.703068
15.795000 -34.020000 -22.197001 7.327829
22.954000 23.521000 -34.202999 6.456251
36.923000 -4.418000 25.903999 7.017531
-42.830002 24.372999 -46.169998 6.585937
-52.416000 -4.403000 31.820999 7.146661
15.899000 10.591000 51.028999 7.044226
21.919001 31.617001 -22.181999 6.515174
15.911000 -34.143002 -43.202999 6.648084
-50.778999 7.591000 -37.180000 6.767227
-42.452999 23.903000 -28.028999 6.815978
9.908000 10.594000 -53.962002 6.655369
12.373000 -36.525002 -22.211000 7.384204
-10.289000 33.118000 -57.069000 6.365891
-38.042000 -16.528000 -46.550999 7.359336
-20.114000 16.612000 -54.284000 6.792414
-8.102000 39.964001 -49.208000 6.553447
66.672997 -4.123000 -27.158001 6.659087
0.915000 38.570000 -46.198002 6.929288
-26.105000 -40.285000 -34.205002 7.799316
60.379002 -7.663000 -12.893000 7.154664
-26.111000 13.602000 50.592999 7.137824
-8.097000 -43.334999 -46.189999 6.595343
-44.896999 -25.893999 34.796001 7.517624
3.906000 -40.493999 22.805000 7.170915
39.310001 -11.985000 32.499001 6.672240
15.921000 31.421000 -28.194000 6.834862
-43.667999 22.528000 -31.219000 6.738932
-21.472000 -41.868999 -37.195999 7.422231
-31.650999 33.747002 -40.205002 7.269104
-8.127000 29.033001 -46.493999 6.846985
-8.105000 4.612000 -54.133999 6.680805
-31.816999 36.793999 28.812000 7.149663
-35.556999 32.439999 43.937000 7.570065
-38.681000 29.294001 47.008999 7.150795
-12.927000 39.077999 -16.142000 6.892811
12.210000 -36.445000 -1.169000 7.211742
0.895000 -10.378000 -54.007999 6.020589
-17.122000 -4.396000 -54.206001 6.456922
24.862000 22.606001 -22.184000 6.746689
-42.466000 23.947001 16.537001 7.255235
-19.316999 27.329000 -49.171001 7.311584
12.898000 -28.405001 51.051998 6.633893
15.933000 25.632000 50.616001 6.802631
-37.352001 -33.523998 -28.167000 7.178565
33.909000 5.032000 -34.169998 6.259940
1.281000 -41.574001 -7.162000 7.694327
27.999001 -7.401000 50.216000 7.472200
-36.654999 30.184999 -50.908001 7.252861
-14.097000 32.868999 -52.199001 6.619561
30.979000 1.600000 -7.195000 6.710495
-51.786999 -4.407000 -40.192001 7.185036
17.413000 -32.922001 -48.303001 6.660166
-47.832001 16.712999 25.785000 7.114779
-35.648998 -19.448999 -52.194000 7.244752
-34.924000 33.903999 10.857000 7.415845
31.245001 -4.397000 -37.192001 6.680509
3.443000 30.546000 -52.172001 6.693440
30.570000 -7.609000 28.698999 6.695235
3.916000 -40.522999 46.820000 6.880836
29.091999 -13.854000 13.738000 6.688149
-51.848999 1.605000 -46.188000 6.877689
42.905998 8.092000 34.804001 7.355030
30.591999 -7.406000 1.808000 7.131337
-17.101000 31.570000 -57.662998 6.932633
30.569000 7.413000 -31.059000 6.899416
60.889000 -12.724000 28.806000 7.001060
29.693001 -12.914000 -22.201000 6.766104
15.740000 31.105000 -31.146000 6.757392
27.020000 -19.200001 7.814000 6.730689
-5.059000 40.248001 31.834000 7.441339
45.894001 7.401000 -25.237000 6.908324
15.846000 -34.073002 -31.200001 7.106115
65.875999 6.307000 -15.113000 6.924857
-16.636000 39.247002 48.493999 7.308552
-30.058001 -38.618000 22.808001 7.340865
-51.176998 -10.419000 16.805000 7.152140
-2.093000 -34.402000 -57.662998 6.707470
22.158001 28.591999 -4.187000 6.855789
-44.818001 -25.799999 13.814000 7.007294
-8.106000 39.337002 -28.188999 7.091637
-33.216000 32.823002 -43.077000 6.857754
14.681000 33.382000 34.662998 7.191968
25.002001 -19.386999 49.881001 6.732201
19.181000 10.727000 -57.348000 6.309307
25.976999 20.674000 16.257000 6.905361
23.032000 23.535000 -31.296000 6.660475
-52.022999 1.604000 25.820000 7.110121
-49.395000 10.605000 -1.205000 7.112344
13.527000 -35.268002 28.797001 7.010428
28.207001 13.609000 -4.177000 6.531026
30.719000 4.414000 -10.388000 6.839335
-48.123001 14.060000 7.772000 6.955318
58.349998 -9.693000 -16.705999 6.729453
29.964001 7.599000 4.815000 6.780209
65.639999 2.638000 7.691000 6.987320
42.916000 -8.197000 -31.664000 6.918132
20.424999 27.121000 -29.839001 6.582309
-2.094000 -36.754002 -52.200001 6.247142
26.888000 18.940001 37.702000 6.849530
-49.386002 10.610000 -4.197000 6.872255
15.812000 -25.319000 -57.365002 6.458263
-32.109001 -37.543999 43.813999 7.361867
9.899000 34.950001 -19.198000 6.965364
-8.105000 16.606001 -54.160999 6.761371
-34.873001 22.347000 -46.691002 7.388532
25.384001 -22.530001 16.774000 6.720309
24.712000 -7.366000 -46.207001 7.210430
-48.679001 -18.112000 -37.108002 6.879306
9.807000 -31.257000 -46.303001 6.326401
14.033000 17.572001 -49.194000 6.594157
-23.105000 37.591000 -31.174000 7.869066
-46.632000 -22.416000 -25.180000 7.098202
-10.894000 42.349998 31.834000 7.360096
-49.640999 -16.407000 10.820000 7.054477
-34.812000 31.013000 49.087002 7.486920
63.463001 -4.513000 -4.108000 7.624098
8.936000 36.345001 16.788000 7.387339
23.121000 -26.509001 -31.164000 7.027686
-44.738998 -25.659000 -7.193000 6.992838
-26.482000 41.174999 10.906000 6.470988
21.518999 -4.413000 -54.495998 6.503307
3.911000 37.611000 -43.175999 7.019193
-5.098000 -42.783001 34.839001 7.484247
-28.440001 -39.292999 -22.202000 7.710773
23.792000 27.593000 -13.360000 6.877653
77.513000 0.446000 13.075000 7.112629
39.941002 8.602000 -25.239000 6.914092
40.084000 -9.629000 40.129002 6.915998
0.915000 37.529999 -16.184999 7.086334
-29.753000 -26.226999 -57.396000 7.125086
27.024000 16.406000 -7.205000 6.797768
-32.042000 25.280001 -52.181999 6.978742
-48.717999 -18.194000 -28.240999 7.037107
33.471001 -4.213000 -13.837000 6.767512
67.060997 4.379000 7.936000 7.012612
-23.111000 37.928001 -43.178001 6.922200
-1.976000 -40.838001 -53.070999 6.434087
65.220001 -8.827000 -23.590000 6.861502
-40.895000 13.481000 -57.750000 7.102921
-51.298000 -10.504000 43.876999 7.649838
-45.733002 18.308001 1.851000 6.801357
-26.042000 -33.685001 -49.157001 6.719388
15.755000 -34.021000 -19.205999 7.195256
-39.863998 27.337999 -40.252998 6.785164
29.577000 -12.524000 -1.231000 6.707581
-34.105000 -36.226002 19.775000 7.097357
-2.097000 -4.421000 50.880001 7.406512
-14.076000 22.597000 -54.235001 6.984502
-51.073002 -10.403000 -28.205999 6.969575
14.007000 -35.638000 -46.132000 6.746268
-29.120001 38.009998 34.804001 7.490373
-20.099001 -28.396000 -54.181000 7.082461
29.099001 -13.922000 4.814000 6.684623
0.924000 37.983002 -31.190001 7.198709
-41.243000 -16.393000 -57.823002 7.300024
-20.114000 -4.408000 -54.237000 6.398593
-28.424999 -39.292000 -25.200001 7.842692
-11.082000 -43.286999 1.796000 8.127312
-33.935001 -36.119999 -28.218000 7.476760
17.333000 -32.844002 -50.283001 6.523134
-29.982000 -38.583000 -1.173000 7.565933
3.904000 -40.605000 4.807000 7.389507
61.985001 -1.295000 -4.899000 7.527264
76.471001 -7.750000 -16.450001 7.287075
26.414000 -20.923000 -13.290000 6.887726
13.968000 -35.585999 -37.187000 7.238568
-41.109001 -16.421000 50.500000 8.100105
-52.967999 1.610000 43.810001 7.171719
60.903000 1.628000 -7.206000 7.624310
-0.744000 -41.868000 43.891998 7.051228
-50.313999 -10.395000 -52.347000 6.911545
-14.098000 -43.103001 34.805000 7.898892
30.826000 1.611000 28.808001 7.112368
56.692001 -3.486000 -32.813000 6.674651
65.041000 -3.718000 1.593000 7.407820
63.657001 -9.887000 34.528999 7.350511
10.000000 -38.133999 -46.174999 6.764359
-2.094000 -42.299999 19.820000 7.476309
-2.136000 -32.284000 -49.181000 6.604518
-51.686001 -4.400000 -7.197000 6.824554
65.978996 -8.410000 16.237000 7.372621
6.241000 39.418999 34.612000 7.388926
-2.082000 -42.351002 7.795000 7.379595
-2.079000 -28.396000 50.932999 6.664384
21.780001 -28.138000 28.784000 6.810823
12.786000 -34.285999 49.584000 6.873835
3.926000 -31.382000 -57.493999 6.740993
3.916000 37.562000 -37.181000 6.830898
-50.851002 -10.390000 46.834000 7.618121
23.372000 27.080999 -4.479000 6.501386
62.988998 -4.785000 15.918000 7.421429
-5.096000 41.292000 40.817001 6.985941
20.907000 -21.718000 -53.723999 6.203859
3.897000 -1.404000 -53.998001 6.285894
34.299000 1.789000 24.987000 6.968611
0.889000 -13.395000 50.931000 7.448392
29.193001 -14.258000 -13.179000 6.829674
75.847000 -10.027000 -13.135000 7.475420
54.919998 4.534000 28.806999 7.309598
-41.488998 29.221001 40.938000 7.171416
-20.107000 7.631000 -54.264000 6.627385
8.606000 36.966999 1.684000 7.772412
8.306000 -38.861000 -22.034000 7.635796
72.560997 1.192000 -21.860001 6.720037
8.778000 36.401001 4.761000 7.450776
62.755001 -1.536000 -3.442000 7.385426
-6.147000 39.158001 -28.606001 6.935833
18.850000 13.538000 -57.522999 6.183322
24.920000 -13.395000 50.943001 7.487946
-36.393002 29.797001 -16.180000 7.073749
26.149000 -20.386999 34.846001 6.923840
3.902000 37.005001 -28.179001 7.213267
-51.300999 -10.445000 25.789000 7.023040
-35.109001 1.603000 -54.403000 7.067203
-27.002001 23.702999 -46.837002 7.290074
30.048000 -12.884000 40.634998 7.055899
8.887000 39.332001 30.997999 7.247673
-32.151001 31.671000 49.758999 7.317517
18.926001 22.639999 50.618000 6.983883
-35.115002 -4.420000 -54.389999 6.996984
-52.081001 10.553000 46.542000 7.065976
-2.107000 -42.368999 4.805000 7.575912
-51.588001 6.083000 48.292000 7.249617
64.040001 -9.786000 20.077999 7.183382
30.403999 7.605000 -49.209999 6.124011
-41.816002 -28.996000 -43.192001 6.867231
-8.093000 -43.255001 -16.183001 8.055915
-44.224998 -4.376000 -57.835999 7.013692
30.084000 -10.409000 -1.191000 6.623867
-14.120000 -43.132999 13.824000 7.953788
-51.689999 -6.548000 45.747002 7.619806
-49.644001 -13.363000 -52.248001 6.805704
77.542000 -9.085000 -10.107000 7.402262
7.452000 35.763000 -25.143999 7.206911
-38.090000 -19.385000 -54.382999 6.931701
73.361000 2.305000 -19.566000 6.850587
6.900000 1.608000 -53.973000 6.458535
33.812000 -11.170000 -22.113001 6.824634
23.733999 -24.495001 40.735001 7.067078
8.791000 36.339001 7.784000 7.445612
-32.117001 -37.334000 -13.198000 7.497446
-11.063000 1.570000 -54.157001 6.723805
-35.730999 32.251999 7.496000 7.176984
29.941999 -10.396000 13.815000 6.837027
31.358999 -1.410000 -43.187000 6.641185
6.907000 28.569000 50.883999 7.347167
13.776000 -35.464001 -10.184000 7.353481
-20.796000 26.806999 -49.203999 7.455983
-42.046001 23.420000 1.807000 6.913083
25.610001 -22.488001 -19.179001 6.983406
-2.210000 -42.209000 43.778999 6.860547
-51.076000 4.607000 -28.216999 6.992377
29.496000 -15.000000 36.750999 7.095145
-28.049999 39.873001 4.913000 6.950643
-2.079000 -42.270000 25.804001 7.491127
29.586000 10.382000 14.055000 6.862895
30.639999 4.603000 -25.183001 6.668456
-51.637001 -6.613000 1.824000 7.021577
-8.073000 -33.811001 -54.613998 6.692558
30.902000 -4.413000 22.775000 6.664313
3.900000 7.603000 -54.018002 6.609355
19.105000 -13.432000 -52.183998 6.541997
17.643999 33.263000 4.903000 6.919942
31.561001 -10.380000 37.756001 6.829101
-40.648998 1.656000 -49.193001 7.413127
-17.087000 40.061001 31.841000 7.038907
-51.671001 3.827000 23.222000 7.149790
52.007000 -9.529000 -20.023001 6.915267
-38.110001 10.602000 -49.207001 7.100809
-8.085000 22.598000 -54.174000 6.730558
-51.645000 -9.131000 42.762001 7.928852
-24.750000 39.130001 39.759998 7.237577
-31.468000 33.624001 -51.776001 6.990568
21.636999 -28.372000 -31.214001 7.030745
-39.762001 27.264000 20.028999 7.470888
-46.839001 -22.403000 -1.204000 7.012094
-24.670000 42.118999 12.414000 6.296625
-17.087000 22.615999 -54.265999 6.999369
6.894000 -1.394000 50.965000 6.958120
-17.108000 -42.814999 -28.188999 7.965209
15.277000 -33.616001 46.714001 6.934856
-28.518000 -39.333000 7.822000 7.354265
-42.893002 27.349001 26.726000 7.218811
61.299999 2.335000 -28.958000 6.966413
16.770000 -32.330002 46.915001 6.823264
12.906000 -16.409000 51.058998 7.003431
-19.848000 28.201000 -54.591000 6.934466
-19.472000 -36.202999 -57.202000 6.722449
64.165001 -4.414000 13.862000 7.460995
-29.094000 -13.414000 -54.307999 7.201307
-5.101000 -43.022999 -49.201000 6.354917
-51.405998 1.600000 -16.194000 6.799437
-26.079000 37.334999 46.826000 7.278314
-2.096000 34.594002 50.634998 7.247544
-51.577999 -0.563000 -22.202999 6.936339
26.483999 24.193001 24.763000 6.592324
-17.117001 40.109001 -16.198000 6.931298
54.973999 -4.380000 -16.612000 6.702846
-50.518002 7.610000 10.819000 6.910025
-44.077000 -4.412000 50.445999 8.279734
-14.087000 -43.198002 -31.177000 8.091184
22.900999 -25.955000 40.933998 6.941496
-48.658001 21.184000 42.541000 6.814128
15.908000 -10.378000 -53.853001 6.493208
65.414001 -2.827000 6.890000 7.252626
28.065001 -10.409000 49.887001 7.151762
-32.105000 7.581000 -54.386002 7.353195
17.211000 -32.736000 -13.162000 7.053660
-44.099998 -16.403999 50.389999 7.764038
-47.960999 -19.514000 -46.183998 6.882936
9.907000 34.784000 -28.202000 7.161687
14.016000 17.624001 -52.167000 6.458590
-9.114000 42.237000 34.762001 7.163321
-26.106001 13.622000 -54.338001 6.962367
-8.090000 39.994999 -40.198002 7.034888
26.461000 18.184000 -48.521000 6.283138
13.654000 -35.376999 7.824000 7.035644
8.003000 -38.702999 19.784000 6.972000
12.914000 -31.421000 50.800999 6.513771
22.978001 23.535999 -49.265999 6.667168
-8.082000 10.610000 50.785000 6.943974
-23.087000 -41.442001 43.823002 7.183239
30.957001 1.594000 -19.191000 6.905787
-44.171001 22.603001 -46.183998 6.343133
-0.134000 -42.022999 -16.225000 7.787323
21.084999 -4.420000 -49.221001 6.503616
75.208000 -9.724000 7.768000 7.568321
-40.721001 16.336000 -54.756001 7.226253
6.904000 -4.393000 50.972000 7.009668
-30.070999 -38.639000 31.775999 7.602649
12.731000 -25.205999 -45.936001 6.488881
-39.231998 26.724001 4.734000 6.959301
16.042000 -34.389999 34.794998 7.101463
9.819000 37.240002 25.923000 7.272952
25.490999 22.822001 19.677000 6.774090
48.629002 3.362000 -32.915001 7.150033
42.874001 -10.377000 -28.212999 6.675510
-45.587002 21.070999 27.384001 7.061210
-11.100000 -43.374001 -40.191002 7.414825
39.884998 4.580000 29.021000 7.417202
-8.086000 -37.561001 -49.220001 6.514775
-20.032000 -42.240002 16.799000 7.935863
9.856000 -28.364000 -57.509998 6.492919
-11.118000 7.603000 50.761002 7.101169
51.112999 6.418000 40.165001 7.016452
-8.103000 19.594000 50.764000 7.148927
69.906998 -10.718000 19.811001 7.485152
-35.263000 31.548000 -13.180000 7.015530
23.990000 13.320000 -53.745998 6.484540
-20.011000 -42.242001 -16.188000 8.142663
-44.705002 19.778999 -10.195000 6.946850
31.055000 -7.398000 -49.172001 6.112113
-17.107000 -42.820999 -40.191002 7.213966
-32.416000 35.013000 10.778000 7.819836
3.906000 25.569000 -52.174000 6.388680
-39.654999 27.150999 -31.636000 6.733513
45.494999 6.726000 32.958000 7.012424
-20.084999 -31.465000 -54.686001 7.154364
31.163000 -4.396000 37.801998 7.043775
18.569000 -33.721001 37.923000 6.864679
-14.113000 7.605000 50.730000 7.220268
38.584999 -9.013000 -32.816002 6.780636
-32.105999 -37.387001 -1.201000 7.304896
30.100000 13.462000 34.754002 6.992266
-46.068001 25.042000 31.858999 6.895533
-20.031000 -42.231998 43.805000 7.012738
24.076000 22.096001 -46.178001 6.481036
25.098000 16.712999 -53.006001 6.301084
-17.114000 4.594000 50.706001 7.426378
78.041000 -4.442000 10.789000 7.173796
-36.773998 33.268002 28.938999 6.989181
-38.847000 -32.199001 -28.174000 7.132712
6.728000 -33.956001 -54.500999 6.127912
7.538000 23.533001 -46.576000 6.803751
59.660999 3.313000 39.507999 6.990906
-48.182999 -20.011000 7.813000 6.898373
-17.099001 -42.780998 25.806999 7.881338
-37.310001 -33.520000 -34.202999 7.386673
-48.833000 12.657000 10.869000 7.115815
31.018000 1.595000 -25.181000 6.701652
-5.122000 -37.388000 50.875999 7.180928
15.505000 -33.814999 19.806000 6.875643
26.010000 -20.141001 46.923000 6.828763
-17.087000 -42.634998 46.832001 6.848298
30.945000 -1.402000 7.806000 6.847713
-51.249001 -10.409000 -10.183000 6.925830
-20.114000 34.605000 50.369999 7.368309
-20.104000 -22.408001 50.736000 7.481446
-43.390999 -27.863001 34.794998 7.305985
30.445999 -16.405001 19.789000 6.887384
-40.626999 -30.934000 34.813999 7.310130
71.931999 1.126000 28.222000 6.739588
28.177999 13.609000 -1.181000 6.686831
-41.869999 -29.052000 -31.214001 7.219548
-28.954000 22.190001 -52.200001 7.475976
18.528000 -31.039000 22.799000 6.840334
64.056999 -7.308000 16.962000 7.322536
-34.109001 -36.237999 22.794001 7.069200
31.273001 4.620000 34.833000 7.523288
25.289000 19.601000 1.804000 6.755436
13.014000 -34.556000 -52.667000 6.291857
-51.541000 -7.992000 -10.239000 6.922373
-48.268002 -20.219000 31.809999 6.988375
-13.999000 40.499001 28.797001 7.113274
0.977000 -31.646000 -46.358002 6.582240
29.968000 16.562000 22.802000 6.693015
65.028999 -4.001000 11.037000 7.405705
17.114000 29.837999 -40.172001 6.608079
-41.280998 25.683001 19.806000 7.442799
65.874001 5.914000 -6.157000 7.139416
51.902000 4.462000 31.782000 7.339440
-46.726002 -22.424000 -13.205000 7.089179
60.946999 -7.518000 -28.271000 7.058106
12.894000 -19.426001 51.064999 6.958429
-46.651001 16.605000 -4.197000 6.832106
-46.694000 16.618000 1.805000 6.813993
25.850000 22.598000 -16.195000 6.800188
-5.075000 -43.042000 -37.183998 7.230831
31.111000 -1.414000 40.791000 6.976040
-42.730999 -15.285000 -52.123001 7.231987
34.000999 -8.781000 -35.324001 6.547731
-27.430000 39.008999 29.194000 7.286446
72.929001 4.790000 -1.192000 7.189330
-50.047001 10.623000 -49.209000 6.715041
39.971001 5.291000 -31.309999 6.744079
9.598000 30.945000 -53.832001 6.451228
12.053000 -36.334999 22.782000 7.050093
-14.121000 -4.416000 -54.174999 6.443467
-26.090000 -13.403000 -54.277000 6.803940
-2.100000 4.606000 -54.073002 6.608151
30.566999 7.596000 -22.184999 6.684100
16.598000 32.178001 28.920000 7.206685
18.570000 28.375000 46.723000 6.868869
48.985001 5.298000 -21.355000 6.963494
12.713000 31.330999 49.332001 6.800579
-23.118999 -41.431000 31.802999 7.494147
-45.722000 18.301001 -13.224000 6.860351
-51.042999 4.587000 7.808000 7.070135
18.900999 -22.395000 51.077999 6.717495
-23.114000 -7.409000 -54.261002 6.271114
75.126999 -7.035000 19.669001 7.220228
-40.928001 -4.408000 -54.827999 7.280159
-43.284000 -27.726000 4.826000 7.063400
9.908000 34.724998 46.840000 7.074300
3.904000 -19.412001 50.974998 7.027303
56.916000 -4.655000 -15.179000 6.747282
12.464000 -36.597000 -37.185001 7.380226
55.779999 3.862000 23.197001 7.220682
-2.096000 -42.472000 -19.184999 7.788136
-5.056000 29.004999 -57.544998 6.705007
-29.111000 10.591000 -54.362000 7.151318
37.865002 -11.973000 32.195000 6.811708
8.448000 36.120998 -6.130000 7.403769
-48.216999 -20.070000 16.785000 6.912601
30.188000 -15.918000 28.660999 6.969405
-17.118000 39.587002 -22.188000 7.167446
-43.682999 -25.157000 49.130001 7.209544
29.805000 -13.275000 -49.154999 6.665411
-23.111000 38.016998 -28.155001 7.683156
-35.075001 22.559000 -49.188000 7.334426
-40.460999 -7.382000 -49.195000 7.712762
-51.616001 -9.002000 26.690001 7.145692
-0.046000 -42.042999 -25.181000 7.749915
-13.019000 39.132999 -0.811000 7.117956
23.773001 -12.926000 -57.080002 7.237626
-36.526001 21.000000 -52.278999 7.156138
-11.121000 -43.266998 10.807000 8.011794
-41.116001 -10.405000 50.491001 8.043753
-49.532001 -16.400000 46.834000 7.185658
-11.097000 39.974998 -37.195000 7.095458
17.756001 -24.334000 -49.169998 6.359328
-41.966999 -29.172001 -7.193000 6.968450
0.903000 19.590000 -54.075001 6.658363
66.875999 4.100000 -22.188999 6.996140
28.597000 -16.410000 -28.194000 7.264630
23.142000 -26.528999 -34.159000 6.853341
29.599001 15.567000 28.625000 6.844193
53.499001 -5.636000 24.455000 6.740381
10.424000 -37.995998 43.998001 6.700526
-20.129000 -31.511999 -49.183998 6.991803
-0.366000 36.227001 -53.729000 7.080869
-24.391001 29.993999 -52.199001 6.596872
52.931999 -6.597000 26.452999 6.894072
25.805000 19.566999 -16.198999 6.663118
0.968000 -41.488998 25.806999 7.435069
-37.792999 28.297001 -19.201000 6.996956
-20.173000 -31.799999 -46.491001 6.989544
75.929001 -9.948000 -7.223000 7.559514
-38.805000 -32.194000 -34.215000 7.217598
10.654000 26.599001 -52.216999 6.072153
21.621000 -28.348000 -28.191999 7.187245
-51.456001 14.364000 42.869999 7.100777
-23.118000 42.820000 10.829000 6.483173
-47.137001 13.606000 49.723000 7.743883
7.209000 37.706001 13.807000 7.420523
-36.201000 29.624001 -10.092000 7.125004
-37.879002 31.000999 43.681999 7.746843
15.337000 -36.604000 37.853001 6.908215
27.038000 16.434999 -10.204000 6.577726
-39.064999 -32.433998 34.828999 7.568144
-2.135000 31.662001 -46.363998 6.576191
-5.094000 -19.416000 -54.049000 6.210059
19.183001 31.950001 4.800000 6.792039
-29.077000 31.562000 -54.141998 6.844229
25.719999 -22.719999 -40.188999 6.783932
21.728001 -28.400999 -49.175999 6.539370
-51.612000 3.170000 21.169001 7.263634
-31.441999 36.866001 -7.225000 6.790098
15.931000 34.539001 -10.201000 7.061034
-35.639000 -35.223000 34.820000 7.626120
0.762000 39.664001 43.678001 7.495549
-42.075001 -29.301001 19.794001 7.008763
-29.076000 34.626999 -52.313000 6.855824
8.030000 -38.710999 16.841000 7.025583
8.245000 -38.826000 -13.194000 7.495361
-37.651001 28.044001 1.841000 7.226499
27.090000 -19.334999 -4.177000 6.778501
23.204000 -26.629999 -46.243000 6.505952
-11.092000 -43.362999 -34.199001 7.685467
-51.237999 -10.411000 -4.194000 7.041978
22.862000 -26.179001 10.833000 6.735891
15.456000 22.188000 -46.433998 6.512434
62.933998 -8.102000 -9.559000 7.442142
24.181000 10.218000 -54.194000 6.400820
-47.118000 -7.393000 50.342999 7.949901
-11.105000 -28.396000 -54.089001 6.951283
31.090000 -4.408000 -22.191000 7.185690
-39.660999 6.323000 -52.044998 7.316700
67.157997 -10.041000 -4.305000 7.244573
29.624001 -12.703000 -10.203000 6.817503
52.457001 5.950000 37.727001 6.832637
48.890999 4.652000 -31.260000 6.711461
-14.121000 -43.159000 -4.202000 8.279329
59.058998 -8.702000 39.082001 6.918636
-39.146000 29.777000 28.282000 7.465801
9.916000 -37.706001 13.812000 7.004413
-21.517000 -41.881001 7.668000 7.711418
-20.108000 -34.390999 50.757000 7.309263
-35.830002 29.421000 -53.169998 6.869328
47.980000 -3.190000 45.358002 6.985800
-14.883000 39.043999 1.032000 7.019443
-8.104000 -43.125000 28.806999 7.792391
51.618999 1.931000 28.575001 7.208507
-51.375000 4.642000 -37.168999 6.871736
39.925999 1.630000 28.372999 7.046026
66.916000 4.966000 -19.200001 6.903461
-8.122000 -37.570999 -52.188000 6.368626
-17.100000 13.606000 50.686001 6.899726
-0.377000 -41.955002 10.790000 7.480033
-39.015999 -32.389999 19.819000 7.070910
0.895000 16.584000 50.862999 6.953270
-38.118000 22.629000 -54.360001 7.269140
73.549004 5.169000 16.909000 7.149133
28.938999 17.054001 28.916000 6.803995
20.233999 -29.709000 -10.225000 7.063330
0.944000 -41.480000 28.827000 7.404653
-35.098999 -4.415000 50.542000 7.661356
-17.089001 39.617001 25.815001 6.821963
20.433001 -29.934000 -43.316002 6.607659
-48.168999 14.102000 -25.166000 7.021521
-34.136002 -21.573000 -49.191002 7.277401
-34.080002 34.143002 -19.083000 6.822092
38.750000 -1.647000 27.094000 7.225102
-45.672001 -23.996000 -28.233999 7.114601
73.873001 5.547000 13.927000 7.136567
-8.085000 40.195000 46.868000 7.408940
9.515000 22.013000 -52.181999 6.520516
68.101997 -11.968000 -11.128000 6.874097
73.857002 2.089000 23.128000 6.879989
16.663000 13.895000 -52.171001 6.309243
-40.314999 -30.615000 -46.212002 6.930653
3.926000 10.582000 50.908001 7.109591
6.878000 -22.415001 51.011002 6.720439
-5.099000 -42.616001 46.832001 6.849741
-32.963001 34.832001 -7.073000 6.712008
-51.473999 -8.052000 -46.199001 7.182970
65.913002 -4.127000 36.801998 6.803675
-34.021000 -36.187000 -1.199000 7.117094
-31.847000 -36.717999 -51.959999 6.661990
12.873000 -16.400999 -53.870998 6.844160
-17.146000 27.906000 -52.237999 7.110247
24.528000 4.568000 -46.226002 6.957112
17.636999 33.235001 1.780000 7.093301
12.918000 -1.396000 -53.904999 6.669554
-32.117001 -37.426998 10.808000 7.249762
-8.887000 33.130001 -46.875000 6.742963
9.964000 -38.098000 -49.195000 6.662303
-1.142000 -41.785000 47.283001 6.791229
-33.798000 33.610001 -21.469999 6.985528
-0.315000 -41.965000 -50.884998 6.319399
-51.813000 -1.105000 48.641998 7.405925
-51.007000 4.591000 1.807000 6.912963
77.526001 -6.168000 10.474000 7.314350
-38.096001 -19.382000 -58.061001 7.034579
-40.756001 -19.414000 -52.214001 7.091127
26.202000 20.753000 35.098000 6.857857
21.618999 31.549999 -16.271000 6.513200
3.722000 33.997002 -53.872002 6.688191
-40.492001 25.112000 -10.215000 6.972600
-51.432999 4.980000 -40.129002 6.756824
9.893000 -37.985001 -19.193001 7.321185
12.042000 -36.316002 25.785999 6.974113
-40.924000 -25.261000 -54.070999 6.539024
-45.146000 20.327000 -31.113001 6.766078
-29.099001 1.583000 50.590000 7.518185
66.830002 5.454000 -4.108000 7.089993
-19.680000 -36.217999 -49.195000 6.639286
-42.751999 -15.302000 -49.186001 7.483980
-50.575001 10.608000 25.804001 7.159115
12.442000 -36.584999 -34.181999 7.463110
-36.512001 32.988998 24.649000 6.973177
27.160000 16.594000 -34.187000 6.415359
21.483000 25.354000 -37.188000 6.606001
26.384001 18.070000 -30.691999 6.437189
61.849998 -8.647000 -26.271999 7.089917
-37.596001 27.943001 -4.187000 7.138940
-48.243999 14.308000 13.743000 6.938137
65.442001 -5.886000 12.448000 7.479260
0.901000 28.591999 50.833000 7.212505
-5.083000 38.667000 -19.177999 7.026769
-50.195000 -4.368000 49.556000 7.504194
12.168000 -36.419998 4.789000 7.003747
-38.105000 22.596001 50.387001 8.091788
-36.820999 30.271000 -49.042999 7.335857
29.598000 9.797000 -13.236000 6.666638
-32.090000 -16.409000 50.598999 7.689707
47.042999 -8.851000 33.404999 6.732657
-5.087000 -43.054001 -40.185001 7.166087
23.606001 25.613001 4.780000 6.741744
17.652000 33.277000 -1.318000 6.967374
12.888000 25.590000 50.918999 7.103497
30.179001 -10.415000 -10.185000 6.625176
-46.347000 25.195000 34.820000 6.649297
-0.528000 -41.921001 25.811001 7.489869
-17.076000 -37.373001 50.758999 7.533237
29.207001 -14.317000 -16.187000 6.912088
-17.108999 -22.396000 50.766998 7.438479
29.128000 11.229000 -10.154000 6.694554
-17.091000 -42.816002 -25.191000 8.186022
-29.707001 38.331001 13.817000 7.267643
9.896000 -13.397000 -53.909000 7.158901
-50.623001 7.596000 13.814000 6.892564
17.018999 -32.564999 16.816999 6.847042
67.212997 -9.540000 17.014000 7.320195
-50.570000 -13.415000 -10.197000 7.128836
79.170998 -4.420000 -4.189000 7.294650
73.616997 -1.066000 -22.766001 6.656215
6.020000 24.438000 -52.187000 6.439392
21.261999 27.782000 28.620001 6.697247
30.533001 -7.401000 31.809000 6.861487
71.848999 -6.221000 -24.049000 6.752330
16.062000 31.791000 37.821999 7.140670
-8.094000 -40.465000 50.411999 6.917873
53.339001 0.299000 24.160000 7.114064
-2.093000 -42.509998 -28.184999 7.807721
14.032000 -35.598999 33.834999 7.124158
-35.151001 16.695999 -57.779999 7.305315
25.322001 19.601999 -1.189000 6.719459
-22.915001 30.639999 -49.220001 6.617713
28.240999 -1.393000 -53.500000 6.462138
-23.851000 35.876999 -53.561001 6.678103
-46.866001 16.632999 -22.209999 6.981269
20.457001 33.152000 -20.985001 6.536924
0.882000 41.242001 4.806000 7.502708
63.926998 -10.893000 -16.180000 6.776508
-37.492001 -33.632999 7.780000 6.978758
1.493000 -41.640999 -31.200001 7.561328
-29.094000 38.193001 28.806999 7.305547
24.252001 7.631000 -52.286999 6.225032
22.292000 28.690001 7.805000 6.706594
12.502000 -36.597000 -49.154999 6.699736
-51.589001 -5.704000 -33.449001 7.085552
-11.104000 -1.410000 -54.151001 6.391078
30.108999 7.604000 -10.196000 6.693536
3.888000 25.584999 50.872002 6.993505
-29.606001 38.445999 -22.274000 6.755924
-30.073000 -38.627998 28.753000 7.506495
24.084000 28.122999 -16.375999 6.828218
28.493999 -16.420000 -19.198000 7.192350
27.023001 -21.283001 17.891001 6.753452
15.944000 31.791000 40.823002 7.070100
25.753000 -22.775000 -46.189999 6.607334
-8.101000 -4.409000 -54.113998 6.453894
13.607000 32.548000 -37.178001 6.713553
-41.120998 -25.431999 50.124001 7.336606
21.848000 -28.426001 40.813999 6.907762
66.917000 -11.135000 -16.174999 6.834889
-42.044998 -29.281000 13.802000 6.989037
-50.889999 7.605000 -40.178001 6.786648
-38.432999 28.486000 13.818000 7.192001
-20.040001 -42.237999 25.806000 7.648598
16.816000 14.160000 -57.202000 6.313969
-32.019001 19.525000 -54.844002 7.075929
-19.962999 -42.244999 -46.186001 6.741903
-38.308998 28.959999 -49.228001 7.316440
30.375000 7.592000 -37.199001 6.427852
74.473000 0.200000 -20.789000 6.637883
9.880000 4.605000 -53.950001 6.417104
0.904000 10.600000 50.876999 6.917066
-34.313000 -27.660999 -46.709999 7.078405
77.376999 3.065000 -6.067000 7.011884
45.860001 0.963000 29.992001 7.335747
0.893000 1.596000 -54.035000 6.374678
-40.879002 4.641000 -46.575001 7.598293
45.877998 3.951000 43.084000 7.061963
-51.533001 -8.098000 1.813000 6.929958
-32.098000 -37.403999 1.795000 7.266959
9.943000 31.712000 50.132000 6.851665
26.825001 -18.818001 40.789001 6.900126
-49.575001 -16.403000 -10.173000 7.090770
-50.356998 7.600000 -22.198999 7.032720
31.098000 -1.401000 -7.166000 6.651867
-33.981998 -36.171001 -10.230000 7.362942
18.094999 19.045000 -57.231998 6.327106
-39.471001 26.937000 10.632000 7.341495
7.938000 -38.616001 47.571999 6.640742
25.048000 -7.404000 -54.481998 6.434885
-26.110001 39.854000 -7.200000 7.102719
0.927000 -31.382000 -54.583000 6.490294
-40.358002 -30.650999 -37.176998 7.220253
-51.991001 -4.394000 22.822001 7.074162
-51.000999 4.607000 -1.195000 6.649022
71.901001 3.890000 25.312000 6.989610
-44.775002 22.600000 25.794001 7.207813
-26.002001 25.429001 -46.409000 7.172889
-49.022999 -16.002001 -51.717999 6.975732
60.916000 6.793000 25.816000 6.927213
69.921997 4.203000 -19.222000 7.013979
21.365000 13.419000 -57.284000 6.191895
-19.993000 -42.244999 -22.169001 8.050713
29.542000 -12.416000 4.756000 6.843480
25.469000 19.572001 -7.187000 6.768901
-43.188999 21.844000 -4.190000 6.930634
-5.084000 -1.393000 50.842999 7.308943
34.241001 6.690000 37.355999 7.220887
-51.046001 1.702000 -52.539001 6.859270
6.755000 -39.724998 46.660999 6.522700
20.660000 27.325001 34.661999 6.839810
-48.984001 -18.750999 37.832001 7.398268
25.878000 -22.416000 31.819000 6.908575
-48.632999 -17.962999 -48.417000 7.026407
-37.370998 -33.546001 -22.198000 7.146465
30.577000 -13.420000 37.771000 6.729214
69.899002 4.727000 4.802000 7.205977
60.882000 5.372000 -19.188999 6.825497
-11.083000 22.591000 -54.203999 6.776687
55.320999 -4.295000 20.309000 6.960275
-8.092000 -37.401001 50.861000 7.204041
-49.519001 -16.413000 -16.188000 7.109879
-48.756001 12.453000 4.845000 6.926116
-11.091000 13.597000 -54.185001 6.624429
11.095000 20.770000 -57.078999 6.574227
21.596001 -28.336000 -25.184999 7.240795
-35.001999 33.730000 16.782000 7.280898
-49.814999 -16.400999 31.790001 7.107344
-43.387001 22.177999 10.838000 6.975742
-51.460999 8.406000 28.443001 7.120398
-42.971001 24.742001 23.257000 7.136941
25.712000 19.587999 -13.198000 6.608511
-51.473000 -7.407000 -34.178001 7.131617
9.782000 -39.810001 40.743999 6.562866
-20.118999 -31.511999 -52.183998 7.047175
65.051003 4.318000 13.962000 7.211637
60.918999 -1.400000 40.977001 6.850549
-8.100000 -1.404000 -54.119999 6.578538
-20.089001 40.673000 34.796001 6.763340
-5.074000 28.837999 -46.407001 6.713975
-11.104000 -43.306000 -7.171000 8.185507
23.933001 7.438000 -57.182999 6.469667
31.167000 1.602000 -40.189999 6.701193
21.577000 4.429000 -45.932999 6.447053
18.650000 -31.150000 4.805000 6.871512
-47.985001 13.945000 -52.688999 6.890654
63.976002 -4.495000 -28.483000 6.692719
-51.040001 -10.405000 -46.203999 7.061999
-7.457000 33.060001 -49.206001 6.620248
0.210000 -36.122002 -46.714001 6.201919
53.251999 -9.021000 30.004000 6.829555
-19.993999 -42.244999 -25.177000 8.046124
-20.106001 -13.396000 -54.216000 6.237202
-8.104000 28.604000 50.742001 7.106933
23.792000 25.572001 16.822001 6.629590
25.511000 -22.417999 -7.202000 6.720792
55.576000 1.188000 20.608000 7.020950
5.441000 39.119999 39.439999 7.080330
63.890999 -10.371000 -19.195000 6.942554
29.267000 11.748000 -43.137001 6.248549
-40.599998 -30.910000 25.799999 7.067642
77.962997 -6.815000 -1.258000 7.550983
3.684000 -30.969999 -54.453999 6.446825
42.907001 4.896000 -31.253000 7.060709
28.329000 -16.417000 -4.197000 6.834630
30.261000 -7.385000 46.826000 7.022573
3.897000 -34.387001 50.971001 6.905271
-2.121000 -42.333000 13.824000 7.543442
21.622999 25.573000 43.785999 6.916522
39.827000 -1.383000 -37.088001 6.511823
-20.113001 -7.414000 -54.230000 6.285266
26.445999 6.346000 -53.695999 6.622421
-20.091999 7.614000 50.668999 7.282213
-2.216000 -36.515999 -57.312000 6.388458
4.964000 29.884001 -52.195999 6.419300
15.830000 33.477001 -21.662001 6.736789
57.866001 4.508000 -19.160000 6.942152
-48.067001 13.915000 1.796000 6.812012
-51.627998 -6.501000 -10.075000 7.032848
22.224001 28.667999 1.805000 6.661645
-23.118000 42.978001 4.815000 6.311812
-51.491001 -7.404000 -19.205999 6.951092
-48.159000 -20.014000 4.809000 6.918283
-34.612000 16.424000 -52.167999 6.873749
65.314003 3.535000 11.892000 7.567770
3.893000 -40.516998 19.822001 7.306308
-41.019001 28.091999 25.881001 6.951419
-29.190001 38.363998 -7.187000 7.159806
-28.580999 -39.355999 28.806000 7.410715
77.421997 -3.500000 -17.735001 6.934719
-44.306000 4.597000 -54.859001 7.204145
-11.099000 39.205002 -22.200001 6.987048
-40.495998 30.806000 34.827000 7.014872
31.084999 10.537000 22.816000 6.903425
-38.903999 -13.596000 -57.543999 7.194057
-43.328999 22.073999 7.847000 7.039272
-23.105000 -41.409000 1.818000 7.815307
0.904000 4.599000 50.890999 7.133982
27.009001 16.379000 -4.203000 6.747306
-44.599998 -4.419000 -54.827000 7.192158
60.902000 -1.392000 -30.847000 6.756655
-41.439999 13.629000 -52.198002 6.967589
-32.011002 -25.330999 -57.793999 7.077085
23.486000 30.208000 -21.200001 6.713764
23.858000 27.555000 22.738001 6.578767
-27.528000 39.067001 -3.318000 7.451958
-45.810001 -24.219000 4.855000 7.041090
-51.869999 -4.399000 -46.201000 7.040884
-44.903999 -25.915001 40.782001 7.618458
-46.716999 -22.398001 -16.191000 7.189186
-23.101000 -41.421001 13.805000 7.586344
9.395000 36.728001 40.689999 7.312105
-2.087000 -40.574001 49.849998 6.966516
-28.594999 -39.376999 43.799999 7.166634
-14.092000 -28.408001 -54.119999 6.837401
-26.101000 39.833000 -10.192000 7.108770
-38.007000 -28.299000 -54.088001 6.874908
26.292000 -23.114000 29.959999 7.018865
3.889000 -40.629002 1.805000 7.393998
61.556999 6.458000 -13.462000 7.062725
28.917999 13.893000 40.960999 6.841158
3.536000 36.602001 48.942001 7.039944
21.357000 -7.377000 -54.495998 6.457900
35.181000 -8.839000 -17.757999 6.848599
-50.334000 7.600000 -19.202999 7.100408
55.596001 -6.944000 -17.184000 7.066483
-35.134998 34.698002 34.810001 7.204740
-2.091000 -32.286999 -52.187000 6.460990
-2.114000 -1.404000 -54.058998 6.426937
-41.825001 -29.016001 -40.202999 7.041917
37.175999 -8.253000 -34.790001 6.452545
30.930000 -1.401000 22.628000 6.787715
-11.077000 42.346001 34.793999 7.069115
-37.389000 -33.569000 -16.195999 7.139002
-5.223000 39.411999 -51.551998 6.556516
-2.090000 25.587999 50.811001 7.121975
68.336998 -8.984000 7.833000 7.266488
3.919000 -4.396000 50.942001 7.205431
57.641998 -11.214000 25.677000 6.875608
15.907000 22.608999 50.946999 7.235747
45.883999 7.441000 37.813000 7.088143
-2.097000 4.589000 50.860001 7.060952
-11.132000 38.473999 -53.287998 6.854572
7.060000 -28.605000 -46.326000 6.678048
-24.847000 42.221001 2.886000 6.344007
22.409000 19.851000 -53.455002 6.305229
59.103001 -9.061000 21.146000 7.077470
24.552000 22.583000 37.797001 6.875516
60.925999 6.799000 28.812000 6.792234
-48.765999 12.513000 -22.205000 6.988598
-23.995001 38.941002 44.134998 7.019108
51.853001 4.276000 -31.188000 6.811056
-42.395000 11.616000 -52.258999 6.892138
69.882004 -11.167000 -4.166000 7.132519
22.816999 -26.183001 19.789000 6.773064
-23.129000 25.808001 -49.216000 7.217850
65.892998 -4.599000 4.907000 7.622094
2.936000 39.290001 42.842999 7.121466
-20.146999 40.174999 16.794001 6.717125
-20.099001 4.602000 -54.257000 6.477744
23.302000 -14.621000 -52.185001 6.971646
18.844000 28.481001 -31.156000 6.860687
22.339001 26.129999 31.863001 6.850405
-51.636002 -6.680000 -7.173000 6.997020
-14.104000 -43.203999 -37.181999 7.688343
-35.080002 4.597000 50.521999 7.536398
76.152000 1.785000 -16.275000 6.992667
-49.241001 -7.278000 -53.966999 6.922702
48.894001 -10.168000 -25.201000 6.840292
26.259001 17.843000 -1.137000 6.611025
58.506001 -4.790000 41.859001 6.764956
67.627998 6.498000 10.959000 7.024961
-32.165001 -34.463001 50.154999 7.500904
22.938000 -26.271999 -1.181000 6.739843
45.901001 4.826000 -31.264999 6.870055
-26.100000 -40.401001 28.806999 7.594975
18.895000 7.599000 51.064999 7.671035
-11.095000 -37.584999 -49.172001 6.372796
-38.346001 28.514999 10.805000 7.040720
3.913000 19.593000 -54.043999 6.666711
-40.037998 -30.362000 48.750999 7.212040
30.979000 4.608000 -49.180000 6.397445
-28.372999 -39.293999 -34.226002 7.608196
67.157997 6.032000 23.966000 6.922257
29.663000 9.964000 -25.211000 6.716339
-23.049999 41.263000 19.815001 6.735043
31.146000 -1.403000 -22.187000 6.971704
9.913000 34.894001 -46.195000 6.513210
23.167000 -26.580999 -49.368999 6.364420
69.746002 -6.747000 -24.610001 6.804636
29.495001 15.281000 31.399000 6.901720
-42.007000 -29.240000 4.772000 6.892067
0.917000 -4.404000 50.910999 7.278829
-51.403000 4.766000 -49.263000 6.829761
66.939003 -7.409000 10.828000 7.461748
9.841000 22.495001 -46.228001 6.392047
0.905000 31.533001 -54.669998 6.516485
12.919000 35.341999 22.843000 7.162187
21.666000 -28.379999 -34.206001 6.991193
-48.785000 12.545000 7.863000 6.912297
21.393999 4.376000 -54.354000 6.333740
64.828003 1.528000 10.858000 6.997649
-17.101999 41.055000 37.792000 7.074646
-17.094999 39.987999 -13.180000 6.871941
-8.108000 -43.306000 -34.201000 7.644742
-38.096001 -19.409000 50.542000 7.847247
3.937000 -37.458000 50.555000 6.751668
27.488001 -19.419001 -43.187000 6.548573
22.408001 28.680000 10.801000 6.599738
-11.101000 -22.410999 -54.104000 6.544363
65.929001 3.480000 33.883999 6.926558
23.576000 -27.546000 36.872002 6.859308
-48.679001 15.261000 26.399000 7.090009
17.995001 -30.480000 49.029999 6.624723
13.979000 -35.605999 -40.172001 7.080065
-49.653999 -16.408001 1.813000 6.987957
-50.917000 7.600000 19.823000 6.929637
63.820000 -7.436000 -7.167000 7.478300
-14.104000 -43.151001 1.833000 8.092943
59.751999 2.047000 -9.235000 7.329926
31.450001 -1.396000 34.806999 7.002427
-51.634998 -1.405000 -31.195000 7.044065
65.449997 3.019000 2.929000 7.251934
15.912000 -13.401000 -53.846001 6.773753
71.259003 -8.893000 -20.646999 6.993787
29.492001 9.487000 10.913000 6.918838
-51.873001 -1.395000 19.813000 7.298513
17.716999 24.475000 -53.730999 6.484199
70.184998 -7.640000 28.995001 7.209263
23.070999 -26.480000 -25.177999 7.167346
-14.110000 4.584000 50.737000 7.341129
20.188999 -29.677000 -4.203000 6.931924
66.018997 -1.481000 36.931000 6.721764
-32.097000 -16.398001 -54.331001 6.922040
-5.832000 39.188999 48.416000 7.299314
28.125000 13.603000 4.814000 6.818365
19.582001 -13.588000 -57.237999 6.803401
-20.033001 -42.238998 1.810000 7.894991
24.771999 -22.440001 46.808998 6.916771
-2.095000 10.613000 -54.085999 6.512805
76.156998 -4.419000 19.802000 6.984971
-35.241001 19.728001 -54.532001 7.008854
-47.097000 16.617001 13.812000 6.985909
-41.502998 29.386000 31.649000 6.892303
6.916000 38.126999 40.824001 7.497505
3.908000 -25.413000 50.987000 6.634749
13.606000 32.549000 -49.256001 6.631373
-47.034000 -22.416000 22.802999 6.855639
41.448002 -8.991000 30.292000 6.778103
14.081000 17.695999 -57.075001 6.547278
12.904000 34.303001 -7.186000 7.246629
-34.073002 -36.221001 13.838000 7.113098
48.909000 4.215000 32.109001 6.986392
34.355000 -1.407000 42.813000 7.019745
-34.166000 -36.263000 37.818001 7.370492
18.382000 10.599000 -49.200001 6.593064
-23.305000 -28.649000 -54.400002 7.019621
-37.459000 -33.632999 46.742001 7.085682
29.782000 -13.273000 16.979000 6.671154
15.931000 33.884998 1.784000 7.264501
-29.101000 -1.407000 -54.334999 7.083473
18.330000 -30.857000 46.748001 6.651426
-29.736000 -26.226000 -46.706001 7.011197
-23.271999 28.822001 -54.462002 6.547916
-26.155001 38.541000 40.841000 7.298170
-52.965000 -1.416000 40.811001 7.378855
24.958000 10.623000 50.752998 7.195272
18.549000 -31.059000 19.808001 6.919692
-51.404999 1.595000 -13.167000 6.767982
-52.251999 1.608000 28.799999 7.173346
12.911000 -13.399000 -53.876999 7.267856
-52.278999 10.624000 43.799999 7.092529
-25.947001 39.576000 -24.635000 6.596198
-51.611000 3.259000 -38.306999 6.883485
69.876999 -10.521000 16.799999 7.330299
-14.069000 -43.099998 37.816002 7.841286
17.730000 -24.278999 -46.542000 6.370681
-8.106000 -42.949001 46.819000 6.850231
-17.091000 -7.402000 -54.199001 6.346551
-34.945999 31.535000 -10.181000 7.136401
-14.104000 1.589000 50.743999 7.421690
29.846001 4.593000 46.812000 7.368035
25.381001 -22.403000 4.806000 6.634838
13.568000 -35.321999 19.833000 6.929572
-19.684999 -36.185001 -46.705002 6.572336
-32.105000 -31.396999 50.581001 7.385728
-27.528999 36.073002 -50.474998 6.744894
-23.000999 31.146999 -54.738998 6.413840
18.733000 -31.216000 -7.199000 6.990843
21.507999 -30.542000 35.339001 6.783085
-32.125000 -37.245998 -34.194000 7.444468
-0.365000 -41.966000 7.789000 7.475715
-2.096000 19.584000 50.826000 7.116161
-33.195999 32.681999 -25.542000 7.466655
30.815001 -4.402000 10.822000 6.913462
-38.087002 -7.418000 -54.411999 7.215497
9.911000 -4.401000 51.002998 7.089734
-34.161999 34.223999 -13.216000 6.745653
-18.941999 39.014000 -1.114000 7.398861
18.577999 -31.072001 16.799999 6.843019
-43.881001 4.551000 -57.799000 7.311100
-33.487999 17.948999 -46.884998 7.259571
29.292000 14.868000 35.485001 7.018611
33.941002 4.264000 -37.182999 6.228094
6.913000 -28.392000 -54.611000 6.482008
-17.093000 -34.396999 50.789001 7.307160
65.592003 -11.972000 27.820000 6.947613
4.972000 38.924999 41.514999 7.498948
57.452000 -11.510000 32.091999 6.899191
27.243000 16.601000 -43.205002 6.110788
-34.800999 -28.108000 -54.679001 6.602607
42.817001 -6.700000 -33.409000 6.654906
-5.085000 39.618000 -37.183998 7.111933
27.030001 -19.252001 4.804000 6.800957
12.121000 33.534000 -31.152000 6.578503
-51.473000 1.718000 13.770000 7.071306
45.889999 -1.402000 29.591000 7.038856
30.718000 -7.414000 -10.181000 6.513387
77.482002 -1.979000 15.676000 6.972806
23.527000 30.216000 -19.642000 6.678565
39.879002 -10.842000 37.845001 6.876318
22.101999 -13.580000 -53.986000 6.625715
39.341000 1.086000 -36.504002 6.555569
30.385000 4.602000 19.812000 6.964083
-51.438999 5.047000 -46.205002 6.691117
-5.103000 39.186001 1.819000 7.593096
31.271000 7.612000 37.798000 7.173263
31.224001 -7.387000 37.754002 6.680100
-43.374001 -27.847000 28.813000 7.133301
-37.514000 -33.668999 16.778999 7.050064
-11.110000 19.584000 -54.198002 6.757833
-50.513000 -13.398000 -16.204000 7.163490
-46.506001 19.551001 28.805000 7.048789
16.952999 -32.484001 28.798000 6.885087
23.906000 22.587000 4.813000 6.735440
66.767998 -1.472000 -27.386000 6.585503
7.127000 -28.841000 -57.317001 6.720297
-37.467999 -33.633999 4.782000 6.922667
60.941002 4.752000 -25.219000 6.691056
-26.087999 29.188999 -49.201000 6.575308
28.316000 13.616000 -16.188999 6.653200
-8.903000 39.148998 -22.436001 7.106172
17.205000 29.926001 -31.511999 6.854505
9.908000 34.820999 -34.182999 6.920063
63.537998 -1.402000 13.854000 7.387023
26.480000 -21.059000 -25.257000 7.192411
57.832001 -10.307000 -19.136000 6.560233
18.700001 28.356001 -49.182999 6.787782
-29.100000 -7.417000 -54.321999 7.325678
15.900000 1.604000 -53.880001 6.655004
-31.750000 30.905001 -53.950001 6.971341
-43.074001 -27.487000 -43.213001 6.931643
9.909000 13.593000 -53.969002 6.326816
-8.096000 39.460999 4.812000 7.534311
62.786999 -1.510000 -29.920000 6.859677
-2.166000 41.112999 31.791000 7.723922
5.837000 39.492001 16.728001 7.459926
48.417000 -1.590000 45.410999 6.948843
24.077999 22.281000 -28.125000 6.815942
-5.107000 -16.413000 -54.056000 6.278659
18.877001 -31.365000 -31.191999 7.152378
75.963997 4.065000 -7.186000 6.962842
-46.125999 18.893000 19.855000 7.100759
10.000000 22.694000 -57.478001 6.451689
51.657001 -1.332000 -18.070000 6.748514
-36.331001 29.757000 -13.137000 7.097575
-32.669998 31.990000 -1.167000 7.296967
-43.868999 -10.317000 -46.627998 7.793589
30.908001 -4.406000 1.819000 6.756906
20.184999 26.865999 -40.154999 6.646486
-48.033001 -19.697001 -28.195999 7.019495
-41.223999 -28.473000 -52.390999 6.761375
-40.882000 25.556999 13.817000 7.256885
23.767000 -12.990000 -46.484001 7.235614
27.992001 -1.412000 50.424999 7.607605
-49.653999 -16.396999 7.805000 7.081824
-41.257000 10.730000 -46.421001 7.374485
-44.595001 -25.412001 -43.164001 6.997051
-48.133999 -19.906000 -4.199000 6.957549
-37.529999 -33.674999 19.820000 7.046872
31.181999 -4.457000 -13.039000 6.911197
33.501999 -1.459000 -45.258999 6.294255
-23.096001 31.600000 50.560001 6.945765
-38.251999 16.719999 -46.437000 7.177000
-27.820999 39.287998 2.478000 7.334577
24.896000 -7.397000 51.060001 7.686817
6.399000 36.522999 -34.203999 7.022878
12.905000 -10.403000 51.046001 7.084513
27.983999 -10.431000 -53.243000 6.466554
-23.202999 28.681000 -46.235001 6.823124
-2.086000 -10.412000 50.894001 7.445519
-37.387001 -33.589001 -13.213000 7.098835
-20.098000 -16.398001 -54.209000 6.384934
-20.108999 40.389999 37.798000 6.854763
-2.139000 -36.618000 -46.480000 6.438562
48.919998 -9.449000 34.897999 6.808157
59.965000 -6.326000 -30.031000 6.903964
-44.673000 -25.568001 -22.184000 7.132544
54.851002 -9.544000 -28.160000 6.627714
13.987000 -35.596001 -49.304001 6.592155
79.389999 -1.392000 -7.206000 6.914479
-5.099000 13.593000 50.808998 6.767360
-51.506001 1.731000 -31.087000 6.767883
12.115000 33.550999 -49.147999 6.731873
-35.098999 19.593000 50.485001 7.637495
-42.097000 23.485001 4.780000 6.903130
17.775000 30.374001 -27.561001 6.832819
-26.076000 -40.400002 22.799999 7.685031
22.962999 23.520000 -37.146999 6.515517
30.853001 4.752000 -31.228001 6.782714
54.609001 5.358000 31.497999 7.314234
30.049000 -10.419000 1.820000 6.866677
20.002001 32.639999 -13.024000 6.723013
-28.531000 -39.341999 13.810000 7.287570
18.247000 33.673000 -10.266000 6.780522
12.532000 -36.625999 -46.182999 6.723348
-45.703999 18.250000 -4.192000 6.819434
14.002000 17.618999 -46.638000 6.654081
-38.109001 1.581000 50.497002 7.938368
37.321999 -8.197000 27.754999 7.230341
48.918999 1.620000 -19.184999 6.958037
-51.377998 -10.928000 34.778999 7.171283
48.903999 1.658000 -34.000999 6.825991
20.266001 -29.754000 -16.120001 7.246116
78.727997 -1.399000 -13.224000 6.856198
18.552000 33.854000 -13.241000 6.586712
19.049999 31.910000 19.850000 6.677165
31.059000 -4.407000 -19.198000 7.037554
3.903000 37.423000 46.818001 7.229033
-14.090000 -43.147999 4.808000 8.045666
-17.115000 -42.789001 10.807000 8.041492
19.296000 -13.478000 -46.287998 6.738286
-41.053001 7.556000 -58.122002 7.054201
-37.742001 19.530001 -49.185001 6.847106
-25.929001 33.993999 -53.971001 6.787624
13.027000 -38.070000 37.790001 6.857069
-5.116000 -31.413000 50.908001 6.611194
71.737999 6.284000 19.290001 6.984501
7.793000 37.770000 7.839000 7.407933
-48.929001 7.259000 -53.844002 6.897633
75.707001 3.849000 -4.237000 7.001392
-46.846001 16.613001 7.822000 6.999251
-8.120000 -28.392000 -54.058998 6.943036
-35.542999 -35.091000 -4.194000 7.081015
6.093000 36.396999 -51.396999 6.722215
43.903999 5.959000 -20.781000 7.113725
-21.466000 -41.861000 -46.259998 6.742624
28.884001 -16.591000 16.388000 6.746406
-35.095001 -19.396999 50.574001 7.475706
26.732000 -1.400000 -53.715000 6.282610
-47.094002 -1.411000 50.377998 8.255477
-29.115000 -28.406000 50.653999 7.328002
76.872002 -8.297000 -1.116000 7.512849
-49.220001 -16.393000 -49.186001 6.976184
27.160999 -19.398001 -13.173000 6.917878
-11.117000 -25.407000 50.834000 7.151725
-29.976000 -38.568001 -7.198000 7.648563
29.725000 -13.030000 -28.205000 6.960284
69.907997 6.973000 10.796000 6.957650
-45.609001 -23.907000 -41.712002 6.976246
31.002001 -4.402000 -7.190000 6.722714
58.763000 6.288000 23.426001 6.837854
29.163000 -14.142000 -7.150000 6.690039
29.750000 10.235000 -43.210999 6.256711
-47.589001 16.612000 -37.183998 6.547657
-38.959000 -32.334999 4.827000 7.016335
10.366000 35.694000 10.782000 7.115725
30.457001 7.591000 -46.169998 6.352150
-0.101000 -42.028999 -19.204000 7.717201
63.273998 -8.443000 18.782000 7.344776
-26.110001 10.602000 50.599998 7.283535
-8.106000 -16.389000 50.846001 7.401384
-11.099000 40.057999 -43.179001 6.863312
20.823999 27.458000 31.648001 6.634819
-20.077000 40.240002 31.833000 6.864172
29.584000 18.598000 19.752001 6.775856
-17.115000 28.247000 -54.744999 6.876139
17.580000 30.270000 40.735001 7.026604
-5.123000 -42.908001 1.808000 7.792486
-45.931000 -24.393000 37.768002 7.208899
76.559998 -4.444000 -19.236000 6.924315
29.485001 18.375999 22.122999 6.799074
-50.372002 -13.408000 -31.186001 7.215089
21.007000 30.868000 -10.288000 6.333119
21.351999 25.208000 46.696999 6.994552
64.973999 2.659000 35.863998 6.952081
28.112000 10.645000 -52.612000 6.205856
-5.103000 -25.395000 -54.035000 6.823459
20.667999 15.643000 -49.181999 6.333351
-37.006001 -33.249001 -51.547001 6.666745
9.757000 -37.254002 -52.154999 6.481215
6.896000 13.601000 -54.000000 6.677875
-43.243999 -27.712999 -1.185000 7.016101
68.468002 6.137000 -5.647000 7.252440
23.278999 -14.592000 -49.183998 7.028162
15.955000 -19.438000 -54.577999 6.387293
-28.597000 -39.375000 40.820000 7.504499
-2.103000 40.391998 7.813000 7.603954
28.115000 4.646000 -53.408001 6.448174
-11.102000 13.599000 50.747002 6.847658
31.264999 1.590000 37.810001 7.285697
-30.070999 -38.619999 25.761999 7.298571
64.180000 4.169000 -4.396000 7.241785
-51.889000 -4.399000 19.827999 7.017475
-26.110001 -40.287998 -31.190001 7.815231
-38.955002 -32.318001 1.829000 7.014952
3.893000 -7.401000 50.948002 7.302501
-38.099998 -4.382000 50.509998 7.982024
27.230000 22.502001 25.718000 6.710008
30.587000 7.201000 -16.229000 6.702950
4.778000 -29.601999 -46.618999 6.536602
6.911000 -1.412000 -53.966999 6.361939
-43.202999 -27.641001 -13.171000 7.009400
75.273003 -1.379000 22.799000 6.836022
-39.706001 27.209000 -34.334999 6.749076
29.497999 9.443000 7.791000 6.842395
-17.117001 19.615000 -54.259998 6.865782
8.481000 -38.945999 -46.349998 6.667632
10.229000 32.276001 -53.404999 6.724221
-5.078000 37.717999 49.640999 7.303527
-10.670000 33.132999 -46.866001 6.644212
-26.256001 -28.867001 -46.584000 6.865848
15.636000 31.056000 -40.196999 6.631810
-29.646999 -26.142000 -49.196999 7.053527
-2.107000 -31.857000 -54.603001 6.397227
-45.016998 20.259001 16.775000 7.198939
-26.079000 36.801998 -49.189999 6.733538
11.479000 -32.963001 -53.693001 6.340935
6.725000 -39.527000 -10.181000 7.512146
13.627000 -35.367001 10.825000 6.994176
18.900999 -4.379000 -53.835999 6.896156
-33.292000 32.896999 -49.237000 6.970040
-35.084000 13.610000 50.500000 7.582547
-45.592999 -23.895000 -44.277000 6.983286
78.438004 -4.433000 4.810000 7.235932
-38.948002 -32.301998 -1.195000 7.053263
-51.597000 12.062000 39.338001 7.316244
-37.299999 -33.490002 -40.209999 7.052628
33.486000 -8.614000 27.695000 6.732444
-45.066002 26.538000 37.901001 6.817413
3.923000 -40.561001 10.818000 7.361725
-17.113001 -42.791000 7.802000 7.974331
25.528000 -1.435000 -52.198002 6.499878
12.891000 1.613000 -53.911999 6.906615
9.910000 -37.950001 -16.179001 7.377987
-45.867001 18.532000 10.888000 6.847526
-11.071000 -37.591999 -52.192001 6.303629
-5.084000 -42.870998 10.777000 7.600442
-50.348000 7.615000 -1.204000 6.946590
-35.105999 -13.395000 50.561001 7.506722
-23.113001 40.842999 -16.209999 7.066025
-17.083000 31.608000 50.638000 7.121993
62.903999 5.803000 -9.506000 7.084509
12.123000 33.563999 -40.207001 6.599697
-47.000999 16.537001 -52.280998 6.876877
-5.101000 -22.410000 -54.042000 6.571574
-20.745001 26.806999 -52.214001 7.285104
-25.989000 28.638000 -46.542999 6.951786
-41.102001 4.609000 50.458000 7.922413
45.980999 -9.156000 -30.223000 6.812547
-28.481001 -39.312000 -7.201000 7.708323
69.180000 -3.588000 -26.898001 6.704876
-37.577000 -33.717999 34.800999 7.613425
0.002000 -42.060001 -31.166000 7.617463
29.260000 -14.460000 -25.163000 6.717131
36.860001 1.555000 26.368000 7.421625
12.321000 -30.712999 -54.290001 6.245858
75.349998 1.542000 19.742001 6.859434
-32.917999 32.488998 4.609000 7.416858
27.789000 -16.327000 -52.150002 6.382703
0.913000 -22.395000 -53.980000 6.838149
-49.390999 10.611000 -13.190000 6.962803
-29.103001 7.610000 50.576000 7.259414
69.742996 -10.720000 1.829000 7.232596
-45.672001 -24.038000 -25.139999 7.191858
-35.132999 34.632000 28.801001 7.124461
6.916000 -34.408001 50.898998 6.770214
57.882000 6.620000 31.778999 6.998075
35.040001 -11.996000 -23.280001 6.637223
-50.422001 -13.412000 -25.179001 7.048144
-32.951000 -23.142000 -57.428001 7.215278
21.438000 -28.136000 1.822000 6.737511
6.890000 7.602000 50.945000 7.059696
64.152000 -4.528000 38.252998 6.763255
-8.088000 40.021999 -43.195999 6.987912
61.603001 -7.053000 -10.537000 7.374443
-39.483002 26.985001 -24.938000 6.926669
25.121000 -7.441000 -49.180000 6.638438
-20.007000 -42.243999 -13.183000 8.204902
-17.228001 40.469002 4.815000 6.809732
-26.437000 -38.319000 -53.367001 6.525452
30.926001 1.598000 -16.197001 6.615678
-34.470001 33.574001 8.219000 7.420359
-28.146999 -27.306000 -52.166000 7.087196
11.387000 36.081001 36.119999 7.330384
27.004000 -19.160000 10.804000 6.745484
27.025999 -19.135000 -51.667999 6.506970
-14.117000 39.710999 -34.181000 7.156818
-5.105000 -42.895000 4.812000 7.636654
23.982000 -24.778999 -1.204000 6.745041
19.635000 7.699000 -46.407001 6.467848
19.886999 29.642000 26.120001 6.802636
23.007000 23.580999 -46.216999 6.580624
18.889999 -4.403000 51.092999 7.447220
-11.094000 39.046001 -10.199000 6.911995
-40.629002 -30.945999 43.790001 7.259918
20.254000 29.985001 23.843000 6.735275
-38.223999 16.677000 -57.972000 7.112623
-5.153000 -42.528000 -51.820000 6.390088
19.823000 -29.235001 46.896000 6.768659
-25.452000 24.599001 -49.147999 7.313040
-26.777000 41.433998 4.657000 6.439219
-14.086000 31.594999 50.671001 6.923561
17.525000 30.207001 43.348000 6.868483
4.070000 38.441002 43.978001 7.375744
-38.251999 28.944000 -43.176998 6.845073
-5.062000 32.805000 -49.191002 6.619136
29.336000 -14.709000 -49.629002 6.477967
51.894001 -1.402000 44.826000 6.848949
6.259000 36.401001 -10.038000 7.317921
-28.000999 -39.069000 48.616001 7.273704
-34.062000 -36.215000 10.829000 7.122074
22.271000 28.625999 -7.174000 6.763108
-46.580002 -22.416000 -31.183001 7.177644
-45.723000 -24.077999 -16.183001 7.089581
18.941999 -19.434000 -57.467999 6.574146
6.919000 19.620001 50.917000 7.173855
12.906000 -22.408001 51.070999 6.691022
3.924000 40.520000 19.816999 7.448757
-11.095000 -10.406000 -54.131001 6.485712
62.597000 -1.169000 15.556000 7.467292
-50.316002 -13.415000 -40.188999 6.922173
-51.561001 2.667000 19.139999 7.206121
-44.866001 -25.872999 25.834999 7.038030
21.951000 28.962999 22.833000 6.625656
-2.476000 39.316002 -49.103001 6.880999
9.907000 -38.095001 -34.206001 7.387310
-40.141998 30.525000 32.187000 6.935147
30.878000 -7.413000 -28.187000 6.942771
-33.284000 35.580002 -19.396000 6.533781
37.418999 5.081000 27.677999 7.565836
-5.073000 -10.407000 -54.069000 6.383985
-16.059999 39.049000 -6.479000 6.727269
15.744000 -33.981998 43.673000 6.809441
-17.386000 39.583000 2.318000 6.622778
3.920000 37.611000 -46.195999 6.927025
-32.264999 35.256001 40.917999 7.464132
74.484001 -8.906000 -17.726000 7.208154
15.619000 31.046000 -34.182999 6.652903
-31.993000 19.497999 -49.201000 7.124139
-8.090000 -43.229000 -7.199000 8.009518
6.704000 -39.494999 -4.179000 7.328414
-43.109001 -27.540001 -34.191002 7.375232
6.507000 -39.421001 19.802999 7.081576
1.294000 26.722000 -52.223999 6.637263
-8.108000 -43.237999 -10.182000 8.076138
67.167999 -11.467000 25.801001 7.173787
59.653000 6.151000 33.509998 6.916933
-35.145000 -25.461000 -57.807999 6.795570
15.899000 -34.123001 -40.203999 6.904272
-51.772999 -7.228000 22.850000 6.961322
-41.120998 -7.440000 -57.790001 7.114421
-35.101002 -16.415001 -54.362000 7.069828
-14.135000 -41.279999 -53.407001 6.450893
-20.090000 13.603000 -54.277000 6.605333
-42.120998 -29.357000 34.823002 7.479312
-44.771999 26.268000 40.936001 6.824927
-23.090000 -16.393000 50.692001 7.532512
29.150000 11.338000 -16.180000 6.724351
19.750999 17.143999 -52.189999 6.390387
-11.086000 -43.351002 -28.197001 7.984770
-23.111000 -4.390000 50.665001 7.526725
7.094000 37.695000 16.823000 7.499549
27.077000 -16.201000 49.291000 6.753932
31.073000 4.433000 -43.034000 6.493033
50.993999 6.294000 37.992001 6.873642
45.882999 -7.465000 -18.858999 6.633213
22.801001 23.285999 47.006001 7.031028
21.143000 -19.254000 -49.209999 6.613567
6.925000 -39.659000 -43.202000 6.591329
-38.125000 -4.396000 -54.419998 6.901094
72.938004 1.609000 25.798000 6.739196
18.490000 -30.975000 -51.860001 6.527331
-45.535999 -23.806000 -49.608002 7.130822
48.914001 -9.388000 -20.176001 6.746180
25.555000 -22.400000 -10.194000 6.847362
-39.081001 26.569000 -4.206000 6.949577
-49.491001 -16.419001 -19.194000 7.158561
77.278000 -5.462000 -17.405001 7.012825
-50.654999 -13.391000 28.813000 7.052026
-50.846001 -7.390000 -52.327999 6.987960
24.922001 -10.381000 51.036999 7.530382
27.174000 16.621000 -37.183998 6.269396
77.973999 1.175000 -13.008000 6.851241
26.450001 15.305000 48.398998 6.836812
-40.798000 22.337000 -54.035999 7.051832
25.270000 19.598000 4.798000 6.782245
31.020000 -7.552000 -34.229000 6.636329
29.673000 10.027000 -28.207001 6.941858
-8.097000 -43.220001 -4.196000 8.032005
1.742000 35.882999 -53.613998 7.207956
-39.688000 30.173000 42.445999 7.384127
17.312000 -32.817001 -28.271000 7.140203
9.926000 -37.603001 25.794001 7.005315
-18.691999 39.118999 -40.566002 6.917761
-26.106001 -28.535999 -54.756001 7.052839
7.454000 35.675999 47.310001 7.296666
-50.709000 -13.392000 31.822001 7.254636
-35.099998 19.614000 -46.301998 7.402143
29.219000 11.559000 -31.174999 6.515037
-51.633999 -4.355000 -16.150999 6.968833
-23.120001 -19.398001 -54.233002 6.928298
12.897000 7.609000 51.006001 7.048212
-17.111000 19.620001 50.672001 7.164643
21.989000 1.644000 -57.354000 6.504618
72.194000 3.513000 -18.660000 6.891077
63.914001 5.282000 31.830999 7.034031
-3.225000 -41.997002 48.577000 6.812263
23.475000 24.162001 36.855999 6.585301
-17.101000 39.507000 13.801000 6.527801
9.916000 -37.851002 -4.182000 7.442233
21.701000 -4.431000 -46.132999 6.913102
29.164000 11.380000 -19.177999 6.872478
-21.882999 36.187000 -53.713001 6.758308
50.779999 3.167000 -32.764999 6.929159
75.406998 -9.676000 -1.187000 7.674789
11.795000 -30.201000 -49.207001 6.158010
61.645000 5.848000 32.480999 7.005123
-32.081001 -7.379000 50.578999 7.631745
-8.133000 36.907001 -53.915001 7.189078
25.556000 19.597000 -28.198999 6.611914
-51.569000 -0.326000 4.856000 7.090880
-51.683998 -4.391000 1.795000 6.976664
3.903000 4.588000 50.921001 6.978804
-17.100000 34.594002 -54.203999 6.793112
69.956001 -12.058000 -10.618000 7.129194
-51.514999 -8.160000 13.768000 7.146791
-33.050999 32.737999 -37.139000 7.003057
-31.462999 33.631001 -34.219002 7.527919
-38.106998 -1.402000 50.504002 7.908731
-40.456001 -30.820000 46.723999 7.207716
-0.163000 39.230999 45.719002 6.994854
-29.079000 35.154999 -37.176998 7.207161
23.718000 27.611000 19.823999 6.623219
34.113998 4.216000 40.254002 7.026340
7.896000 35.862999 -34.141998 6.907566
-49.374001 -16.391001 -34.192001 7.033603
-32.404999 -22.712000 -54.708000 7.374931
-23.113001 25.794001 -52.228001 7.238224
-11.085000 -43.254002 16.799999 7.878611
28.230000 -16.414000 4.794000 6.644868
-35.103001 -22.396000 50.580002 7.753520
-28.471001 -36.344002 -53.827000 6.637691
-20.188000 38.727001 -40.188999 6.934428
15.895000 4.614000 51.042999 7.268366
-46.980999 -22.416000 16.796000 6.951676
6.910000 -19.400000 51.005001 6.822447
47.884998 -5.698000 30.415001 6.838994
-35.082001 34.348999 25.837000 7.225088
22.059999 -25.507999 -52.702999 6.306076
55.757999 -6.657000 20.843000 6.794680
33.345001 -1.436000 23.416000 6.650180
3.918000 -40.654999 -4.190000 7.451866
14.666000 -21.245001 -49.167999 6.399890
-10.603000 42.196999 29.596001 7.146923
72.933998 -11.089000 1.819000 7.253870
-14.094000 39.009998 -7.162000 6.971056
69.912003 -9.851000 -19.200001 7.087526
40.507999 -8.485000 -32.044998 6.654818
-37.737000 28.344999 4.884000 7.176634
-44.078999 -13.387000 50.437000 7.675301
25.235001 -1.428000 -54.492001 6.476858
-40.480999 -30.794001 -4.207000 7.028856
1.235000 -41.556000 -1.185000 7.557082
-39.216999 17.450001 -52.233002 6.919148
23.025999 -26.396000 -16.156000 6.962165
-29.125999 -19.375999 -54.293999 7.062363
21.792000 22.459999 49.511002 7.075314
-32.116001 -37.506001 31.822001 7.531148
-47.037998 16.527000 49.244999 7.376577
21.340000 -27.979000 19.797001 6.855229
8.234000 -38.808998 -10.211000 7.451108
-30.101000 -38.647999 40.785999 7.426685
78.143997 1.211000 -1.252000 6.746696
21.073000 19.216000 -53.763000 6.428413
-52.924000 4.621000 43.808998 7.332216
-20.091999 22.601000 50.633999 7.215747
60.790001 -10.909000 22.691000 7.017417
-29.156000 35.330002 -49.202999 6.753884
-5.070000 -42.824001 22.806000 7.471490
-35.988998 29.500999 -7.122000 7.485471
3.900000 -13.379000 -53.970001 6.354982
-49.400002 13.601000 25.797001 7.150801
-8.028000 41.226002 22.794001 7.344810
21.905001 10.612000 51.074001 7.352865
30.878000 -4.394000 4.810000 6.885466
20.233000 -29.750999 -13.192000 7.000703
-5.104000 10.588000 50.816002 6.958098
-48.771000 -18.297001 -16.212999 7.014962
-14.105000 -43.185001 -22.197001 8.142221
-20.830999 26.808001 -57.310001 7.173672
-40.848999 1.612000 -54.811001 7.256480
60.910000 5.377000 -22.205999 6.658354
-32.092999 -28.396000 50.619999 7.397078
51.660999 3.642000 42.716999 7.224251
-50.075001 16.615999 40.823002 7.093218
-51.712002 -1.412000 -51.230999 6.999646
-38.082001 13.595000 50.469002 8.055887
13.751000 -35.452999 -7.194000 7.372621
-45.923000 -24.388000 34.792000 6.987280
-11.121000 39.229000 -1.195000 6.964574
39.980999 -11.270000 -28.295000 6.817031
9.924000 -25.408001 51.047001 6.841199
-15.166000 -32.823002 -49.138000 7.150517
70.069000 -8.178000 -22.521000 7.062587
29.520000 -12.375000 13.964000 6.806897
-41.095001 7.593000 50.451000 8.776535
36.230999 3.525000 -36.845001 6.351072
-23.108000 40.834999 -7.189000 7.012384
36.847000 -4.395000 -16.108000 6.893036
-51.575001 -0.515000 -19.214001 6.928022
26.538000 -21.143000 -34.271999 6.853634
-48.730000 12.421000 -16.211000 6.920197
36.951000 -1.444000 -15.631000 7.092628
-28.919001 -31.309999 -57.599998 6.708484
-30.037001 -38.619999 19.783001 7.193747
12.905000 34.328999 -16.179001 6.980579
-11.105000 -33.838001 -54.637001 6.712161
12.489000 -36.606998 -40.203999 7.142766
0.892000 -41.291000 46.817001 6.766804
-45.328999 20.691999 -37.118000 6.697345
-43.122002 -27.555000 -31.207001 7.319846
-30.011000 -38.615002 13.788000 7.183951
-35.416000 -35.022999 -34.175999 7.376754
31.236000 -13.390000 25.797001 6.619756
-46.548000 -22.426001 -34.216999 7.012352
-33.957001 -36.146999 -19.204000 7.399782
19.094999 28.721001 40.805000 6.973943
-32.377998 -28.728001 -54.688000 6.843254
-50.398998 7.600000 4.796000 6.931424
-41.949001 -29.163000 -10.221000 7.077389
-40.814999 -4.390000 -49.198002 7.782740
-37.575001 19.368000 -46.734001 7.274169
-14.104000 -43.164001 -7.187000 8.263736
-39.094002 26.607000 -1.227000 7.081078
-2.092000 19.596001 -54.105999 6.675076
9.506000 33.687000 48.952000 7.023965
5.915000 -36.206001 -53.736000 6.456852
-28.096001 39.334999 -22.118999 6.778133
-8.109000 7.586000 50.792000 7.101985
22.006001 25.613001 -28.195999 6.499870
68.763000 -4.070000 33.766998 6.661355
19.559000 7.600000 -49.143002 6.487757
12.928000 22.638000 -57.592999 6.354241
41.226002 -1.064000 -17.739000 6.869762
-51.646999 6.448000 26.816000 7.138780
36.876999 1.664000 -15.894000 7.083488
-5.113000 40.884998 34.801998 7.285045
1.066000 -34.709000 -46.041000 6.296551
15.724000 16.511000 -46.126999 6.517860
23.899000 -25.239000 37.657001 7.096850
-46.928001 -22.422001 10.811000 6.846673
56.564999 3.000000 -17.836000 6.867365
77.247002 -5.416000 14.495000 7.116560
-50.557999 -13.414000 -1.171000 7.061817
12.913000 22.607000 50.966000 7.555292
6.917000 7.595000 -53.987000 6.516790
-5.091000 -42.916000 -1.198000 7.776982
-23.179001 42.271999 12.936000 6.588086
-50.736000 -13.404000 43.785000 7.562833
-2.390000 39.333000 -40.171001 7.010809
64.477997 4.538000 16.891001 7.124063
-48.791000 19.639999 38.569000 7.050674
7.238000 35.770000 -16.200001 7.067806
18.919001 -7.421000 51.099998 7.719763
-46.271000 19.233999 -49.160999 6.471408
45.957001 7.475000 34.702999 7.325410
23.937000 -24.628000 16.809000 6.886651
17.940001 -16.014999 -49.196999 6.802596
20.172001 -29.655001 -1.155000 6.826457
-18.379999 39.048000 -33.941002 6.993542
-42.171001 23.548000 -19.131001 6.892100
50.522999 6.169000 -23.115000 6.989251
55.261002 4.229000 25.886999 7.157587
-42.355000 23.808001 -25.069000 6.888886
24.326000 -10.365000 -46.293999 7.135226
12.875000 -37.445999 40.820999 6.749624
-23.115000 37.738998 -37.199001 7.042561
-11.097000 -43.334000 -49.195999 6.564101
-42.778000 24.323999 -40.308998 6.657246
13.419000 35.765999 25.382999 7.455644
-20.039000 28.483999 -57.874001 7.199835
-14.106000 40.694000 13.815000 7.029615
-11.167000 31.823999 -57.766998 6.796275
-43.207001 21.888000 -13.206000 6.859823
-34.823002 33.824001 40.667999 7.433805
5.829000 36.222000 -13.078000 7.498239
-17.145000 28.539000 -46.466999 7.267088
25.686001 -22.660000 -34.174000 6.930840
-2.099000 -36.741001 -49.179001 6.355485
29.882999 -19.238001 19.947001 7.035504
29.417000 -20.954000 21.601000 7.020291
-48.516998 14.911000 22.378000 7.066785
-21.514000 -41.883999 10.943000 7.810317
0.904000 37.578999 -22.176001 7.244239
-48.709000 -18.157000 -31.177999 7.070912
-51.248001 4.601000 -34.198002 6.951065
-33.712002 -35.952999 -50.917000 6.602218
30.743999 10.630000 37.816002 7.081511
6.011000 24.431999 -49.210999 6.488473
-37.599998 -33.728001 40.824001 7.466672
-26.091999 -25.406000 50.680000 7.211493
15.649000 31.084999 -46.198002 6.626636
-11.077000 39.090000 -18.115000 7.101370
-41.507000 25.884001 -46.195999 6.662357
-0.467000 -41.933998 19.844000 7.466462
21.396000 -28.101000 7.781000 6.701469
29.246000 11.648000 -37.186001 6.275541
-17.093000 -13.402000 50.747002 7.565225
24.823000 1.597000 -46.161999 6.652730
45.778000 6.982000 -22.511999 7.088293
30.481001 4.261000 23.052999 7.165817
-48.247002 -20.173000 25.820999 6.948584
-2.098000 41.308998 34.806999 7.254746
-14.105000 13.606000 -54.216000 6.642282
-45.167000 -4.439000 -49.203999 7.663185
-19.931000 -36.897999 -54.555000 6.627594
6.787000 37.002998 -7.092000 7.727880
26.382000 18.061001 -28.301001 6.514145
33.959000 -7.375000 -40.230999 6.264553
45.749001 6.285000 -27.396000 7.098026
-34.162998 -36.278000 40.806000 7.381525
6.736000 28.336000 -57.452000 6.509974
-45.401001 20.790001 -40.146000 6.673331
39.866001 -4.381000 -17.309999 6.895257
-14.032000 40.445000 25.789000 7.149576
-39.081001 -32.404999 31.809000 7.561240
17.111000 -32.653999 1.845000 6.895125
-32.112000 -37.383999 46.835999 7.064924
-26.105000 40.074001 -22.201000 6.922464
-48.747002 12.455000 -19.216000 6.956836
-45.789001 -24.212000 1.809000 7.070457
-41.442001 25.893999 -43.187000 6.602331
31.166000 -13.421000 28.806000 6.610534
60.812000 -10.483000 -16.108000 6.779522
57.695000 -4.545000 18.990000 7.091853
3.740000 -39.630001 49.209000 6.784953
-23.105000 -41.379002 -28.179001 7.988343
-36.675999 33.186001 26.530001 7.201132
9.905000 -1.427000 -53.936001 6.266433
6.883000 16.597000 50.924000 7.194441
-33.467999 17.934999 -49.235001 7.208933
28.114000 -13.477000 -52.676998 6.571257
26.452000 -21.028000 -50.937000 6.488469
-39.091999 -32.439999 40.792999 7.471610
53.047001 6.195000 34.854000 6.906611
20.108999 -29.561001 10.815000 6.773384
66.352997 -9.847000 31.523001 7.155906
57.292000 -4.033000 42.720001 6.747945
-8.992000 33.125000 -52.212002 6.669925
-34.062000 -36.203999 46.639000 7.215098
-20.094000 31.597000 -54.771000 6.415230
-0.304000 39.067001 -5.624000 7.651157
-11.096000 -43.272999 7.801000 8.007329
37.507999 5.376000 -18.179001 6.803719
-30.468000 20.969999 -49.325001 7.511433
-44.535999 1.598000 -54.842999 6.934997
31.534000 -1.427000 -45.883999 6.625036
-20.260000 -34.577000 -46.126999 6.603651
-11.084000 28.677000 -54.712002 6.902219
30.731001 -10.077000 29.031000 6.697605
27.711000 13.609000 46.813999 6.824031
23.405001 27.103001 0.140000 6.551436
51.984001 -7.994000 -31.604000 6.757590
-35.469002 -35.082001 -16.198999 7.325288
-38.039001 -19.351999 -46.255001 7.363125
22.400000 -29.490000 34.444000 6.808821
-49.672001 -16.419001 19.792999 7.183318
-25.316000 42.452999 7.767000 6.307756
6.474000 -39.379002 31.811001 6.848244
29.191999 11.470000 -25.202999 6.682148
13.644000 -35.354000 31.701000 6.873947
29.226999 11.620000 -34.193001 6.277462
60.563999 6.462000 31.513000 6.896432
-44.768002 -25.691999 -1.197000 7.032303
-51.743000 -4.408000 13.796000 7.006563
-2.293000 39.544998 46.391998 7.148736
-2.111000 40.814999 22.812000 7.745792
-32.096001 -37.324001 -19.198000 7.578437
13.159000 -22.615999 -54.521000 6.392723
74.678001 -6.407000 22.076000 7.060716
-40.048000 -30.354000 -51.591999 6.678719
-50.048000 13.611000 31.799000 7.158505
18.882000 10.584000 51.057999 7.426201
-20.101000 28.591000 50.618999 6.838754
57.582001 -1.466000 42.862000 6.902045
6.905000 -28.412001 51.022999 6.595395
31.006001 -1.394000 1.810000 6.897786
38.320000 2.984000 -35.590000 6.742233
10.064000 35.310001 -4.236000 7.360230
-17.104000 -42.807999 -16.190001 8.078870
24.364000 25.115000 28.650999 6.609919
-35.099998 10.601000 50.507000 7.523379
15.453000 -33.792999 25.792999 6.988683
29.514000 -9.319000 48.553001 7.262182
-8.093000 29.150999 -57.507999 6.763929
-32.117001 -37.238998 -37.206001 7.377684
11.047000 -38.557999 41.671001 6.648088
21.511999 25.388000 -43.201000 6.761608
-26.089001 16.598000 50.587002 7.182099
33.605000 -4.694000 41.664001 6.946172
-48.978001 13.004000 16.863001 7.012011
-45.417999 22.693001 28.018000 7.211782
-23.108999 37.928001 -49.185001 6.681502
31.121000 1.564000 -10.515000 6.654512
21.822001 28.552000 -24.938000 6.639051
-38.118000 28.671000 -34.202000 6.872229
1.383000 -41.609001 -19.160000 7.738366
-28.171000 39.867001 7.714000 6.862003
-23.014999 41.860001 14.331000 6.466026
-37.442001 -33.618999 -1.173000 7.116560
8.385000 -38.902000 -32.964001 7.521696
-46.855999 -19.274000 49.256001 7.361046
33.887001 7.990000 -28.221001 6.379086
-11.105000 -28.396999 50.841000 6.971153
30.987000 -13.370000 22.780001 6.499704
-21.100000 -41.785999 47.351002 6.899196
34.890999 2.748000 -41.099998 6.043188
-21.495001 -41.876999 -13.283000 8.094998
-47.077999 16.605000 -28.176001 7.026687
36.894001 8.834000 -25.180000 6.934859
-43.231998 21.959999 -16.195999 6.889027
71.611000 6.230000 9.165000 7.216150
-11.098000 -42.730000 -52.022999 6.647278
-11.111000 40.039001 -40.188000 7.005568
3.910000 -40.548000 13.813000 7.242956
-50.804001 -13.422000 40.807999 7.606262
-36.466000 32.895000 13.726000 7.211984
77.824997 1.014000 7.726000 6.918952
69.920998 -11.128000 -16.219999 6.875109
13.427000 -22.774000 -52.154999 6.247825
11.234000 -38.834999 36.585999 6.867245
-2.109000 16.594000 50.833000 7.115744
17.171000 -17.528000 -52.150002 6.721527
-26.114000 -40.404999 34.823002 7.748415
31.084999 -1.409000 -16.190001 6.860030
56.708000 5.777000 28.525999 7.051449
-32.095001 -10.384000 50.585999 7.627587
16.795000 26.500000 -53.569000 6.538667
-42.833000 -27.247999 48.594002 7.255591
-32.098999 -37.449001 13.805000 7.282780
-51.653000 -4.402000 -13.203000 6.921768
6.698000 -39.518002 -7.182000 7.416914
-18.238001 39.014000 -31.101000 7.053096
-18.792999 39.136002 -43.250999 6.882337
16.917999 32.582001 26.011999 7.123882
-38.437000 28.687000 19.775000 7.568987
-40.881001 25.527000 -25.205000 6.862638
40.451000 -11.707000 -25.305000 6.857235
9.928000 37.428001 34.794998 7.282604
-46.793999 -22.393000 -7.194000 7.021430
-40.613998 25.233000 4.830000 7.113119
-48.240002 -20.132000 22.792000 6.981340
12.900000 34.316002 40.778000 7.098423
-44.396000 -1.417000 -46.557999 7.597779
74.293999 -5.619000 24.070999 7.009862
-17.099001 7.604000 50.700001 7.272256
-21.200001 -35.759998 -49.155998 6.571108
40.714001 -5.092000 -35.265999 6.388734
-20.052000 -42.235001 28.820000 7.908477
-29.118000 13.587000 50.562000 7.387323
-50.341000 7.617000 -4.204000 6.855466
-21.488001 -41.869999 -28.177000 7.930602
13.112000 -28.700001 -54.500000 6.328846
24.791000 10.215000 -52.944000 6.584042
-0.298000 -41.978001 1.762000 7.577988
28.761000 -16.414000 -43.199001 6.593555
-51.571999 -0.306000 1.869000 6.972749
-11.108000 -16.402000 50.814999 7.447311
51.709999 -4.484000 -18.121000 6.748048
31.297001 10.589000 31.816000 7.171699
-48.581001 -17.827000 -50.405998 7.121837
-50.546001 -13.400000 -13.176000 7.142845
-49.042000 18.785999 46.056999 6.991980
28.153000 13.602000 1.810000 6.737269
66.880997 6.883000 19.827999 6.881667
29.719999 10.153000 -37.205002 6.636045
9.927000 -37.625999 22.806000 7.027130
-44.147999 19.618000 49.791000 7.612088
20.004000 -29.493000 25.761999 6.768837
20.334000 -29.802999 -25.282000 7.081540
58.271000 -1.346000 -32.130001 6.838261
57.202000 1.845000 -15.948000 7.226195
-44.837002 -25.809000 16.796000 7.029515
1.319000 -41.578999 -10.183000 7.664878
-31.155001 36.841000 19.806999 7.435509
-23.214001 38.478001 46.978001 7.100717
-2.093000 38.307999 -10.209000 7.382267
27.099001 16.548000 -22.209000 6.499723
-44.641998 -1.431000 -54.837002 7.277259
0.883000 -41.422001 43.817001 6.911136
-44.851002 19.934999 7.800000 6.943561
48.386002 6.756000 35.234001 6.947635
-36.535000 21.032000 -49.091000 7.241536
24.018999 22.073000 -31.156000 6.632469
28.663000 -16.413000 -34.187000 7.075389
-31.027000 36.625000 4.822000 7.589042
-31.903999 34.577000 4.832000 7.581598
-32.113998 -37.528999 37.830002 7.558617
57.867001 -9.623000 37.796001 6.981920
59.582001 -1.831000 -9.011000 7.649005
-45.924999 -24.367001 31.790001 7.084063
1.010000 -41.493000 22.827000 7.478361
-49.330002 -13.332000 49.019001 7.497849
45.926998 -11.192000 37.777000 6.923116
19.188000 -22.406000 -49.208000 6.459342
-44.835999 23.320999 47.349998 6.673784
15.944000 34.028999 -4.194000 7.096671
16.184999 19.864000 -54.212002 6.327982
-51.576000 -0.261000 -10.209000 6.773945
-41.262001 13.613000 -54.860001 6.924120
51.912998 -4.440000 44.384998 6.717195
52.421001 -9.257000 32.207001 6.954640
-17.243999 38.335999 -52.707001 6.767620
-16.896000 39.358002 -34.226002 7.044143
-50.193001 7.615000 -52.293999 6.686437
-38.112999 -10.407000 50.522999 7.642442
28.872000 -13.611000 43.924000 6.883722
-37.337002 -33.555000 -25.204000 7.242655
-51.723000 -9.415000 34.889000 7.551968
-51.702999 12.474000 41.516998 7.217030
-42.105000 -16.788000 -49.201000 7.596988
-23.091000 -10.418000 50.679001 7.488200
-51.657001 -6.664000 13.840000 7.166083
-23.107000 -41.368999 -37.199001 7.437075
6.892000 -10.405000 -53.945999 6.339422
-8.023000 38.990002 -19.148001 6.911809
-48.868999 -18.504000 7.820000 6.968924
-5.213000 40.171001 16.802000 7.340292
15.904000 19.611000 51.001999 7.469353
3.907000 40.880001 7.833000 7.514066
6.923000 -39.944000 37.820999 6.858562
-23.075001 40.914001 22.808001 6.872910
-29.652000 38.252998 10.802000 7.243968
30.952999 -9.942000 31.809000 6.649623
-2.554000 38.935001 -4.569000 7.849360
-48.735001 12.401000 1.852000 6.875141
-8.096000 -43.115002 31.823000 7.743562
76.306999 -7.467000 13.811000 7.530055
-38.909000 -32.272999 -10.190000 7.062144
-51.840000 -7.387000 25.823999 7.189425
-17.259001 39.820000 10.728000 6.507855
-5.087000 39.312000 4.802000 7.480428
22.917999 -26.250999 1.797000 6.754764
-49.580002 10.593000 -28.191999 6.939855
-38.110001 1.603000 -54.432999 7.310302
-29.108999 38.368000 -13.194000 6.994853
-45.909000 -24.402000 43.721001 7.426827
-32.058998 25.412001 -54.821999 6.769712
-32.811001 32.521999 -28.238001 7.717607
29.712000 -12.961000 -25.214001 6.780837
-45.195000 -1.388000 -52.191002 7.463546
24.931000 -4.390000 -46.162998 7.061606
-45.917999 15.784000 -53.833000 7.197634
-0.885000 39.030998 -40.212002 6.967558
41.678001 3.633000 30.108999 7.026797
12.167000 -36.400002 31.955000 6.991874
3.909000 7.585000 50.915001 7.078118
-5.085000 -43.033001 -34.207001 7.711421
-48.334999 14.477000 -34.111000 6.823057
-5.145000 39.754002 10.827000 7.344982
23.243000 23.872999 41.111000 6.820657
-30.018999 -38.591999 7.805000 7.201750
55.548000 6.322000 32.519001 6.971658
31.357000 -4.403000 -49.179001 6.576435
-8.108000 -28.419001 50.870998 6.883770
-44.499001 -25.412001 -49.175999 6.868915
23.891001 -24.653000 13.794000 6.788904
15.899000 -7.401000 51.070000 7.096774
-48.433998 14.691000 -37.026001 6.767002
-23.097000 16.598000 50.618000 7.151524
29.177999 11.427000 -22.221001 6.728098
12.426000 -36.569000 -31.197001 7.373611
-25.902000 -33.596001 -46.626999 6.698830
-31.184000 36.778999 10.862000 7.506055
27.995001 1.621000 50.383999 7.479505
-35.008999 -34.345001 -52.259998 6.629599
-8.088000 -1.414000 50.812000 7.329823
-46.188000 -21.941000 -51.861000 7.097363
20.458000 27.143999 42.547001 6.746323
3.915000 28.601000 50.862000 7.101215
20.020000 -29.539000 28.785999 6.670183
-48.716999 12.386000 -10.207000 6.943204
27.796000 -16.408001 43.800999 6.853380
-28.392000 -39.276001 -37.185001 7.489227
-49.606998 -16.423000 -4.199000 6.996218
11.175000 36.018002 24.570999 7.230626
-46.152000 19.027000 -34.237000 6.769330
-0.582000 -41.910000 30.906000 7.422401
-35.092999 31.267000 -37.208000 7.032408
31.107000 1.593000 -34.181999 6.734059
36.834000 -7.550000 40.970001 6.858265
-43.931999 7.612000 -54.854000 6.955537
15.743000 -34.000000 -16.205000 7.070133
15.163000 16.106001 -49.210999 6.501419
0.897000 -4.393000 -54.021999 6.183829
1.580000 -41.661999 -40.167999 6.645365
-6.868000 39.082001 -2.310000 7.488237
-8.050000 39.007000 -7.215000 7.345240
3.901000 -22.409000 -53.950001 6.982745
-50.391998 -13.418000 -28.180000 7.160872
59.877998 -9.069000 -26.990000 6.959723
-17.100000 40.669998 40.787998 6.994876
3.904000 -40.876999 -40.202999 6.579257
6.911000 -39.646000 -40.198002 6.586589
-25.816999 -33.553001 -57.398998 6.739793
-32.115002 -37.323002 -16.188000 7.516871
-8.110000 25.598000 50.750000 7.328460
-5.000000 39.036999 -1.444000 7.569362
21.908001 1.592000 51.106998 7.587766
-14.197000 41.603001 34.727001 7.109739
-29.084999 16.587999 50.556000 7.268781
31.086000 -1.422000 -13.159000 6.596091
-48.883999 -18.559999 16.819000 6.895367
75.565002 3.983000 4.819000 7.096004
27.458000 -19.413000 -40.189999 6.729922
51.744999 5.803000 34.750000 6.867733
-11.108000 40.060001 -46.179001 6.690958
-32.214001 22.728001 -54.499001 6.773729
63.896999 5.441000 -19.191000 6.726107
-51.761002 -1.412000 -37.181000 7.009742
68.128998 6.288000 9.036000 7.025397
-32.103001 4.616000 -54.379002 7.564609
-50.933998 7.609000 -46.205002 6.658657
28.368999 -16.398001 -7.182000 6.944383
8.539000 -39.030998 45.543999 6.518959
0.916000 -1.407000 50.903999 7.263617
-2.094000 32.268002 -49.202000 6.487642
18.896000 13.579000 51.049999 7.343539
-42.679001 24.181999 20.761000 7.212342
-11.080000 -43.312000 -10.192000 8.096482
12.884000 34.938999 10.808000 7.019946
45.929001 -10.932000 -25.249001 6.944451
-43.325001 -27.795000 16.860001 7.068506
-11.114000 -19.412001 50.820999 7.464890
-28.160999 39.624001 10.788000 6.822105
-14.078000 36.849998 -53.923000 7.323929
-29.108000 35.233002 -40.195000 7.223305
-23.110001 -13.392000 -54.247002 6.446345
-48.094002 13.918000 -16.172001 7.008859
-26.098000 -7.399000 50.640999 7.671819
63.937000 1.634000 -1.212000 7.060350
-50.505001 -13.424000 16.820999 7.133647
-32.141998 22.648001 -46.278000 7.292355
-39.459000 -11.420000 -57.270000 7.231019
23.392000 27.080000 -6.073000 6.577189
35.472000 6.055000 39.224998 7.403769
24.110001 7.601000 -49.227001 6.247077
-19.993999 -42.242001 -40.181000 7.201460
-23.097000 -28.396999 50.716999 6.937435
1.043000 -31.877001 -57.366001 6.819041
0.870000 37.595001 -52.383999 7.157893
-50.535999 -13.412000 7.813000 7.087694
57.668999 3.797000 40.186001 6.831804
-5.105000 -43.014000 -28.195000 7.880240
-51.652000 -9.138000 29.076000 7.079129
78.500999 -7.457000 -10.188000 7.409246
-43.299999 22.044001 -19.211000 6.776535
18.711000 28.355000 -34.186001 6.764491
3.890000 36.750999 -13.203000 7.261546
-5.102000 -13.417000 -54.063000 6.437568
21.917999 13.595000 51.039001 7.379566
-49.780998 10.615000 -34.187000 6.794315
15.952000 34.112999 7.815000 7.292278
3.653000 -36.733002 -53.800999 6.316578
-5.100000 22.594999 -54.143002 6.750836
3.904000 -40.909000 -46.182999 6.490549
-51.516998 -8.037000 10.789000 7.009706
-19.990000 -42.244999 -28.193001 8.046833
17.782000 33.358002 13.817000 6.920621
31.006001 4.540000 -34.167000 6.816692
-40.125000 4.614000 -49.209999 7.517730
-31.193001 36.768002 -1.173000 7.052262
-20.150000 39.967999 19.815001 6.812131
-37.262001 31.410999 13.813000 6.901473
-37.604000 27.975000 -1.170000 7.071806
-20.202000 38.761002 -49.230999 6.582774
-38.126999 28.771999 -37.182999 6.747680
-52.084000 -7.414000 40.810001 7.757818
-43.581001 -22.139999 -54.000000 6.847707
6.582000 -39.448002 10.814000 7.138166
42.873001 1.662000 -34.481998 6.821611
30.752001 -4.408000 16.797001 6.813181
-28.447001 -39.305000 -16.205000 7.976336
27.396000 -19.403999 -34.181999 6.954705
7.795000 35.845001 -31.146000 6.988278
-24.256001 -29.740000 -57.144001 7.092681
-17.108000 -4.406000 50.726002 7.494193
28.434999 -16.400999 -13.203000 7.027312
-28.179001 39.582001 16.775000 6.831830
-32.101002 -19.413000 50.605000 7.514508
-23.063000 22.606001 50.604000 7.179349
-18.110001 39.011002 -28.166000 7.052194
18.778000 31.108000 -24.903000 6.854009
23.566000 27.341000 -10.472000 6.706648
-36.120998 14.314000 -49.216999 7.042001
25.180000 25.634001 -13.217000 6.915720
17.634001 -33.160999 35.813000 7.151116
28.184999 -4.407000 -53.481998 6.471779
-45.689999 -24.051001 -22.150999 7.133888
-38.465000 -10.677000 -54.602001 7.318721
57.904999 -10.640000 34.789001 6.937635
-14.099000 -13.419000 50.778000 7.510237
27.127001 -19.400999 -10.196000 6.951949
3.905000 -40.860001 -49.186001 6.465199
-2.134000 40.921001 28.819000 7.664690
-26.125000 39.924000 -19.181999 6.670600
-43.347000 -27.826000 22.812000 6.996261
66.467003 -7.102000 34.476002 7.244806
60.813000 -12.303000 31.497999 6.774277
15.610000 31.100000 -43.209000 6.673641
-43.627998 25.021999 46.555000 6.985024
48.841000 -9.177000 -30.240999 6.792874
-52.522999 1.593000 31.785999 7.182726
77.350998 -0.106000 14.975000 6.977651
-51.394001 1.607000 1.819000 6.823283
-23.108999 37.844002 -40.199001 7.068002
-20.115000 31.597000 -52.174000 6.499083
31.423000 7.242000 34.722000 7.393900
-43.409000 -27.872000 40.801998 7.478549
23.236000 -26.341999 38.828999 6.946174
24.780001 -10.481000 -52.417000 6.834024
30.075001 7.600000 19.788000 6.970873
31.103001 -4.411000 31.820999 6.866193
-17.104000 -42.817001 -31.205000 7.949210
28.229000 1.632000 -53.478001 6.474204
-47.233002 -19.396000 -52.326000 7.019268
-38.098000 28.444000 -28.198000 6.908890
27.849001 -19.487000 16.927999 6.632583
24.243000 28.486000 -22.128000 6.626999
67.028999 6.488000 -7.334000 7.194488
-5.125000 -1.405000 -54.090000 6.453692
-26.106001 -28.414000 50.686001 7.299840
-39.363998 26.827000 7.688000 7.016054
-2.099000 -16.398001 50.907001 7.377876
1.663000 39.293999 -5.857000 7.849553
5.739000 36.198002 -16.146000 7.261770
-2.632000 39.269001 -37.316002 7.003738
13.032000 22.743999 -45.951000 6.502750
-20.747999 42.522999 10.470000 6.619801
-51.701000 -1.397000 13.814000 7.243117
21.452000 -28.163000 -1.181000 6.923043
-23.106001 -34.717999 -54.703999 6.566311
27.684999 13.486000 -52.129002 6.132369
-45.820000 18.433001 7.896000 6.798439
-29.997000 -38.594002 4.792000 7.235147
-14.086000 -43.131001 16.822001 7.936544
17.393999 -32.901001 -42.206001 6.735273
24.843000 4.584000 -49.171001 6.537488
-49.332001 -16.379000 -40.203999 6.979028
-44.557999 -25.424000 -46.191002 6.923008
24.938000 7.604000 50.896000 7.306502
28.514000 13.601000 -37.191002 6.402045
70.971001 -8.465000 26.639999 7.187684
-51.952999 -1.408000 -43.193001 6.955031
-32.560001 -35.250000 -53.222000 6.834587
-38.830002 -32.192001 -31.226999 7.180044
-51.634998 -6.539000 7.758000 7.098820
25.591999 -22.458000 -16.188000 7.008239
-33.747002 -35.972000 48.438000 7.188481
56.964001 -11.486000 28.715000 6.721025
48.976002 -4.542000 44.824001 6.909990
26.246000 -20.497999 32.348000 6.900221
20.966000 30.580999 16.790001 6.636812
-20.094999 -13.405000 50.716000 7.589677
-50.554001 -13.419000 4.808000 7.090913
63.452000 -6.638000 -27.407000 6.842001
25.531000 19.635000 43.834000 6.945690
39.936001 7.942000 -22.141001 7.177899
20.695000 30.412001 1.793000 6.856495
-42.269001 23.674999 10.761000 7.069988
-11.137000 41.786999 22.811001 7.392531
0.900000 41.073002 31.801001 7.373557
22.973000 10.989000 -52.146999 6.467208
-48.905998 -18.631001 22.833000 6.979825
18.899000 4.595000 51.073002 7.517480
-38.882999 -32.252998 -16.183001 7.110136
35.341999 -2.680000 -14.786000 6.849582
-47.130001 10.589000 50.099998 8.099524
42.865002 -1.388000 29.156000 6.939922
-2.452000 -42.159000 46.612999 6.828275
-35.117001 10.604000 -54.423000 7.149301
-39.542000 27.030001 13.498000 7.188831
28.476000 19.596001 25.818001 6.722371
-32.112999 10.582000 50.537998 7.458135
-20.367001 -34.742001 -54.416000 6.710551
-5.081000 40.064999 28.813000 7.505314
36.865002 7.369000 28.975000 7.541308
-38.848000 -32.220001 -25.173000 7.131168
-19.924999 39.448002 46.502998 6.897397
-47.705002 19.886999 47.098000 6.855774
79.063004 -1.387000 -1.177000 6.935179
-47.008999 -22.413000 19.791000 6.809014
-20.098000 38.588001 -34.176998 6.997162
-11.087000 -13.393000 50.807999 7.464561
-51.515999 -7.460000 -16.226000 6.962501
-11.103000 -43.338001 -22.204000 8.033281
-23.108000 37.976002 -46.174000 6.712236
33.915001 7.575000 31.802999 7.109519
1.164000 -41.544998 4.787000 7.330246
73.413002 -8.379000 -19.809000 7.099743
-29.105000 -19.409000 50.637001 7.498304
52.737999 1.136000 26.143999 7.017906
1.040000 -41.500000 19.788000 7.492277
-20.025999 31.261000 -46.560001 6.814170
39.722000 3.908000 -33.729000 6.753946
-31.296000 33.568001 -31.219000 7.891565
25.263000 22.608999 -10.184000 6.660810
74.797997 0.913000 22.326000 6.831028
-14.106000 39.320999 4.816000 6.831401
29.726000 -18.481001 25.082001 7.013961
3.915000 -40.436001 31.815001 7.173169
-2.112000 22.582001 50.818001 7.109064
29.836000 13.048000 37.666000 7.034389
77.439003 3.133000 -9.030000 7.042803
25.299000 -22.421000 10.811000 6.560249
-30.087999 -38.639000 34.810001 7.608499
-51.166000 -10.399000 13.825000 7.111501
62.426998 6.130000 30.396999 6.901468
14.881000 -36.344002 35.703999 7.227141
29.589001 -12.328000 43.115002 7.183791
-29.966999 -38.563000 -10.210000 7.784774
-30.094000 -38.644001 37.794998 7.608801
4.194000 -28.757999 -54.318001 6.666810
25.440001 -4.395000 -49.139000 6.490952
9.907000 -28.400999 51.049999 6.764638
-29.944000 -38.566002 -13.211000 7.771751
6.398000 -33.459999 -57.193001 6.442842
-37.514999 31.618000 25.826000 7.074228
-48.721001 12.397000 -13.144000 6.892220
29.278000 -14.507000 -28.145000 6.792153
-14.113000 16.610001 50.709999 7.006903
-50.068001 10.595000 -40.188999 6.754424
16.181000 -25.639999 -54.456001 6.238055
-52.793999 -1.390000 43.813000 7.386037
30.971001 -4.403000 -4.185000 6.738760
7.984000 35.896999 -43.192001 6.727846
-41.223000 1.630000 -46.613998 7.594736
-50.166000 1.611000 49.853001 7.316185
18.684000 -31.190001 -1.184000 7.029619
-48.723999 21.525000 38.549999 6.782752
23.403999 27.111000 3.856000 6.529584
61.699001 2.464000 38.818001 7.060452
8.189000 -38.786999 -4.132000 7.403602
67.814003 6.153000 -5.476000 7.175406
75.661003 -7.436000 16.794001 7.358772
58.609001 -12.154000 31.294001 6.720562
20.754000 -7.434000 -52.174999 6.554180
18.416000 10.584000 -52.179001 6.478641
-11.091000 16.580999 50.741001 6.933837
-29.089001 16.573999 -54.375000 7.306868
66.853996 4.565000 -1.200000 7.229840
23.966999 -24.726999 -51.541000 6.552070
19.263000 7.605000 -54.554001 6.260145
29.936001 7.598000 7.798000 6.794793
30.732000 -7.414000 43.806999 6.787560
-8.047000 41.084999 25.796000 7.271867
-40.933998 -22.232000 -54.436001 7.266003
-33.155998 35.641998 25.402000 7.181524
-45.430000 20.808001 -43.056999 6.602578
40.275002 -11.255000 31.254000 6.748033
29.927999 16.309999 14.615000 6.766000
21.114000 -4.422000 -52.193001 6.515876
-51.668999 3.603000 -43.178001 6.583233
20.924999 1.589000 -49.174000 6.530766
17.945999 27.636000 48.765999 6.908429
0.928000 41.349998 22.799000 7.530510
-51.543999 -8.502000 19.681000 7.240245
-48.176998 14.164000 10.750000 6.950342
14.655000 -30.125999 -53.705002 6.294956
-17.107000 -42.818001 -34.181999 7.765423
0.905000 -41.428001 40.824001 7.175663
-5.086000 -43.063000 -43.189999 6.683748
-11.108000 4.607000 50.768002 7.137750
-16.978001 -36.605000 -57.389999 6.791628
-40.988998 13.484000 -46.625999 7.468376
-32.130001 -37.278999 -25.205999 7.533339
-47.109001 -7.426000 -54.386002 6.834760
-51.657001 -1.743000 -4.209000 6.798913
7.255000 35.757000 -22.166000 6.991911
25.768999 20.027000 40.911999 6.918192
20.983000 -30.916000 40.393002 6.691120
32.881001 -1.448000 42.055000 6.990332
63.853001 -10.873000 -13.122000 6.824707
12.125000 -36.382999 -51.530998 6.398164
25.511000 19.622000 -31.195999 6.624923
27.205000 16.615999 -40.195000 6.167618
30.207001 7.603000 22.823999 7.200887
-35.474998 -35.061001 -19.195999 7.296692
-37.459000 -33.623001 1.826000 6.941636
33.619999 -11.121000 -25.291000 6.655080
31.136999 1.596000 -37.191002 6.850662
23.474001 -24.091000 48.507999 6.846578
-32.083000 13.608000 -54.398998 7.347318
63.092999 -12.124000 30.955000 6.842872
-39.200001 7.876000 -49.245998 7.416449
-5.099000 4.591000 50.828999 7.054646
15.811000 -34.037998 -25.188000 7.184111
-17.091000 -42.771999 37.806000 7.549796
-48.049000 -19.716999 -25.186001 7.141835
-51.969002 -1.404000 -46.200001 6.743448
-26.105000 37.187000 -28.084000 7.924342
13.840000 -35.505001 -19.166000 7.563365
63.896000 -12.291000 25.788000 6.922140
-26.127001 -37.452999 50.279999 7.211268
-29.072001 -16.408001 50.630001 7.605814
6.761000 39.950001 4.826000 7.424498
-36.446999 29.983999 -30.943001 6.985749
6.749000 39.841999 1.809000 7.534959
59.034000 -1.177000 42.102001 6.851049
-17.024000 -42.376999 -51.729000 6.587480
71.707001 -11.975000 -12.372000 7.125484
-24.302999 -29.733000 -46.890999 6.962511
-23.087999 -16.386000 -54.240002 6.740067
-10.445000 33.126999 -52.136002 6.619888
9.922000 34.860001 -40.182999 6.567272
33.887001 -1.426000 -13.243000 6.938306
8.403000 -38.907001 -34.893002 7.453457
33.896999 -7.523000 -16.176001 6.869280
-17.363001 39.428001 -7.342000 6.483792
-42.639999 24.142000 -34.891998 6.648175
15.474000 -33.764000 -51.751999 6.457156
21.490000 -28.205000 -7.182000 6.891730
-44.155998 -7.376000 -46.577000 7.796136
-29.222000 -37.766998 -52.529999 6.782093
-26.115000 -40.358002 7.837000 7.631274
-41.986000 23.327999 -53.137001 7.034311
-17.093000 13.591000 -54.245998 6.719768
-33.388000 32.945999 47.987999 7.393939
-20.086000 19.607000 -54.290001 7.002964
31.238001 -1.410000 -31.191999 6.748145
26.863001 -18.893999 34.799999 6.905650
-51.529999 -7.727000 -13.263000 6.931103
-45.794998 24.660000 29.500999 6.956362
-23.113001 -41.389000 -16.181999 7.951466
4.928000 29.893000 -49.176998 6.354884
-1.919000 -32.439999 -57.226002 6.632459
-29.101000 38.138000 31.797001 7.392318
-2.309000 -42.235001 -51.490002 6.336169
-51.057999 -10.414000 -40.178001 7.168745
1.567000 -41.651001 -37.195000 7.162726
21.922001 -13.417000 -57.446999 6.687399
-21.540001 -41.887001 34.709000 7.881680
-29.864000 -38.541000 -34.201000 7.460355
-40.368000 -30.690001 -31.152000 7.235613
-20.099001 37.929001 -52.386002 6.510465
-49.877998 -16.410000 43.811001 7.317768
0.911000 -25.400999 -53.973000 6.901809
30.971001 -16.408001 22.813000 6.857812
-14.195000 38.403999 -53.167999 6.702929
19.732000 32.373001 -10.095000 6.472311
-8.081000 -43.297001 -31.219000 7.754326
-47.077999 -22.420000 28.805000 6.831222
-17.118000 16.604000 50.679001 7.013364
31.007000 -13.491000 34.827999 6.623013
-36.766998 30.216000 -43.362999 6.950927
23.546000 25.304001 14.128000 6.679939
69.878998 5.353000 7.474000 7.173356
22.855000 -26.138000 13.828000 6.784325
-28.441000 27.646999 -57.457001 6.597476
66.901001 -11.237000 22.823999 7.258902
-14.105000 34.597000 50.567001 7.625564
8.089000 -32.728001 -49.192001 6.233451
26.430000 18.146000 -40.411999 6.242714
-47.735001 16.601000 -40.174999 6.398290
-8.109000 -43.152000 19.787001 7.672456
-51.671001 -3.952000 -51.055000 6.981148
40.262001 -4.460000 27.990000 6.792524
-41.998001 29.579000 34.771000 6.875828
-7.468000 33.056000 -52.236000 6.564969
30.784000 -7.401000 -19.200001 6.978546
29.709000 10.094000 -34.191002 6.563525
-44.659000 -25.552000 -25.184000 7.152174
78.446999 1.679000 -7.174000 7.049478
54.903999 -10.098000 34.799999 6.933209
-23.121000 39.694000 -24.851999 6.867456
36.688999 1.533000 -40.094002 5.965769
-29.907000 -38.556999 -22.198999 7.779722
-13.929000 -33.833000 -54.551998 6.956802
6.906000 -25.402000 -53.910999 6.786694
-2.080000 38.639000 -31.174000 7.197351
29.927999 7.502000 -51.654999 6.211198
24.950001 22.618000 34.827000 6.919151
-2.109000 -37.095001 -54.556999 6.315801
19.077000 -13.416000 -49.196999 6.597988
20.858999 24.566999 48.775002 7.077298
-51.409000 1.608000 -7.199000 6.663226
25.872000 25.635000 -19.174999 6.758520
31.329000 -1.405000 -40.188999 6.629837
-14.095000 -43.173000 -13.199000 8.272418
23.362000 23.983999 -26.604000 6.776821
23.040001 -26.424999 -19.195999 6.999010
75.585999 -9.648000 -4.243000 7.702216
29.285999 -14.580000 -31.080999 6.783463
72.337997 -1.431000 28.787001 6.749524
-26.101000 -40.416000 43.806000 7.586129
-35.456001 -35.058998 -22.190001 7.177018
78.652000 -4.413000 1.813000 7.140428
-26.118999 -40.259998 -43.191002 7.070206
-45.583000 -23.878000 -46.276001 6.872823
4.151000 28.913000 -54.327000 6.384123
30.024000 7.595000 -1.190000 6.628054
-38.104000 -25.402000 50.500999 7.442868
-44.748001 19.848000 -16.193001 6.942977
-5.109000 16.607000 -54.130001 6.728423
20.514000 27.230000 40.601002 6.872502
64.638000 -1.396000 1.803000 7.133694
66.328003 -7.513000 -1.130000 7.756534
3.914000 -40.693001 -10.195000 7.548932
-40.063999 15.867000 -57.445000 7.314633
-42.118999 -29.365999 43.817001 7.222998
13.564000 -35.296001 22.832001 6.933825
25.591000 19.712000 -46.189999 6.215842
34.287998 -4.836000 -43.793999 6.232338
24.458000 -24.606001 20.045000 6.773140
-0.023000 -42.051998 -28.209000 7.734619
29.997000 7.584000 1.814000 6.587118
-11.101000 -43.292999 -1.175000 8.165538
30.889999 1.588000 1.816000 6.718153
30.018000 -10.415000 4.803000 6.699492
-42.556000 24.061001 18.653000 7.230531
-20.021999 -42.240002 -10.194000 8.085683
23.999001 -24.806000 -4.216000 6.735364
-36.285999 32.875999 20.025999 7.142646
-14.094000 39.567001 -31.184999 7.342031
-41.278999 25.752001 -37.160999 6.640300
-51.061001 -10.396000 -34.214001 7.150938
-48.820000 15.506000 29.039000 7.204044
31.177000 -1.417000 -25.198999 7.047697
-50.581001 -13.399000 -7.171000 7.037528
-38.861000 -32.230000 -22.181000 7.095860
12.886000 7.606000 -53.924999 6.544549
53.173000 -1.568000 23.811001 6.906865
-47.193001 22.639999 43.839001 6.771891
-23.111000 -41.306000 -49.188000 6.622108
23.792999 -15.941000 -53.716000 7.121581
57.238998 3.493000 -30.127001 7.088052
18.969000 -19.489000 -53.875000 6.471951
3.912000 1.575000 -54.004002 6.384328
26.271999 -20.674999 13.674000 6.741410
27.002001 16.334000 -1.192000 6.688529
12.903000 -7.390000 51.040001 6.813819
-40.495998 25.066999 -7.200000 6.907996
-35.081001 -1.401000 50.535000 7.670970
-41.884998 29.490000 37.898998 7.011007
65.110001 -1.380000 7.824000 7.160835
-26.118000 -22.409000 -54.257000 6.839966
-50.308998 10.613000 22.816999 7.109821
-20.110001 -10.404000 50.709000 7.501281
39.446999 -4.230000 -36.841000 6.406093
-37.417999 -33.601002 -7.203000 7.125566
-47.766998 16.594000 -46.188999 6.436943
26.349001 21.004000 33.084000 6.730535
-8.082000 39.903999 -37.174999 7.123035
24.896999 4.588000 -54.480000 6.204415
-29.650999 -26.121000 -52.202000 6.869558
12.010000 -36.313000 28.813999 7.004369
-47.105999 -22.399000 31.797001 7.078728
-45.706001 21.280001 48.422001 7.025774
65.837997 -4.582000 7.709000 7.653503
-20.094999 -19.417000 -54.202999 6.670902
-38.716000 -22.695999 -49.195000 7.066266
-51.161999 10.819000 31.708000 7.218430
-14.103000 -7.396000 -54.167999 6.379322
21.445000 16.252001 -54.207001 6.403702
-34.821999 28.270000 -54.014000 7.274583
-43.766998 -10.319000 -57.701000 7.164698
-51.673000 -4.392000 -10.214000 6.931649
-21.486000 -41.875999 -19.108999 7.994170
-38.150002 -22.402000 -46.497002 7.398266
-44.653000 -25.523001 -28.177999 7.232971
77.771004 -1.420000 13.753000 6.921772
11.173000 35.941002 38.185001 7.087564
-18.819000 41.945000 8.796000 6.691969
21.844000 13.620000 -54.549000 6.076795
26.323000 -20.767000 1.887000 6.603831
-38.429001 -13.428000 -54.805000 7.406872
6.457000 -39.382000 28.782000 7.105163
22.016001 -16.375000 -46.154999 6.576297
22.993000 -26.343000 -10.181000 6.880595
-2.364000 39.342999 -43.191002 7.019595
76.935997 -4.486000 16.905001 7.038774
-29.099001 -16.395000 -54.300999 6.993493
-5.800000 -33.013000 -52.185001 6.565178
-26.089001 7.591000 -54.325001 6.830358
-51.618999 -2.001000 -19.167999 6.836532
-46.655998 -22.420000 -22.180000 7.059228
-31.208000 -30.391001 -46.734001 6.870071
-2.099000 22.587999 -54.112000 6.791188
-34.844002 31.086000 -52.057999 6.935716
-23.107000 39.991001 34.831001 6.708281
23.944000 -24.731001 4.790000 6.701581
76.952003 2.669000 -1.119000 6.963133
12.890000 34.604000 4.835000 7.127593
30.532000 -10.414000 -43.195000 6.631660
-26.121000 -40.294998 -25.177999 7.916271
-14.082000 -16.386999 -54.147999 6.213319
-46.806000 -22.417999 -4.191000 7.018816
-17.112000 -10.398000 -54.193001 6.396658
38.266998 2.544000 27.427000 7.652360
36.953999 1.574000 43.207001 7.300735
-27.528000 36.055000 -39.846001 6.986086
-40.566002 25.150999 1.819000 7.021637
42.966999 -9.939000 40.584000 6.839004
-8.035000 41.506001 13.819000 7.629533
-23.083000 1.599000 -54.280998 6.495553
-44.841000 -25.839001 19.816999 6.980409
34.029999 -9.702000 29.066000 6.611252
-17.084000 -19.403000 -54.172001 6.277091
-29.426001 38.341000 22.836000 6.996571
-42.715000 21.202999 -53.750999 6.945301
5.734000 39.250000 37.407001 7.377735
-2.122000 -42.238998 34.797001 7.586551
-47.103001 7.615000 50.286999 7.954396
-35.505001 13.856000 -54.750000 7.046239
17.104000 29.837999 -34.230000 6.685541
3.922000 40.141998 34.817001 7.499917
-51.576000 -4.942000 -25.204000 6.990302
27.431999 -19.399000 -37.194000 6.861573
-38.332001 28.997000 -46.179001 6.933045
-11.089000 29.070000 -46.507999 7.002323
-40.695999 25.330000 7.847000 7.066746
-20.195999 -31.912001 -57.493999 7.117276
-44.689999 19.780001 -7.187000 6.905913
0.905000 40.933998 34.817001 7.347137
12.907000 4.598000 51.013000 7.057232
-25.027000 39.233002 37.591000 7.030965
-28.563999 -39.355999 25.806999 7.506286
-31.743000 36.853001 25.861000 7.126904
20.559999 30.221001 21.834000 6.647113
-14.597000 39.247002 -13.255000 6.968825
-34.039001 -36.188000 1.823000 7.088966
3.293000 30.495001 -57.216000 6.537440
20.298000 -29.799999 -22.136000 7.065061
15.525000 -33.830002 16.801001 6.908530
26.275999 -20.655001 10.856000 6.678849
9.907000 34.846001 -49.209999 6.621408
29.575001 9.675000 -7.225000 6.643205
72.014999 6.432000 16.704000 7.007699
-43.553001 22.348000 -52.035000 6.665997
24.205000 -25.070000 -37.194000 6.829809
3.947000 40.571999 16.826000 7.600836
0.900000 37.558998 -13.186000 7.350163
24.576000 1.578000 -57.312000 6.555260
-32.110001 -4.385000 50.571999 7.737538
-5.139000 16.618000 50.801998 6.845488
51.901001 -4.434000 -34.032001 6.690996
15.909000 7.584000 -53.894001 6.429568
22.809999 -26.275999 22.695999 6.672717
-33.515999 32.757000 -6.022000 7.054533
-51.637001 3.396000 -48.577000 6.868064
-48.598000 15.056000 24.313999 7.015785
-19.874001 -42.217999 -49.147999 6.564685
-51.580002 -5.145000 -22.316999 7.142796
63.889999 -9.714000 -22.209000 6.896768
69.584999 6.329000 22.275999 6.997675
77.415001 -2.838000 -17.721001 6.780155
12.914000 34.151001 -19.184000 6.931710
-5.099000 -4.403000 50.848999 7.382067
-41.033001 7.499000 -46.369999 7.841662
29.763000 -13.118000 -34.186001 6.947866
10.082000 -25.665001 -54.535999 6.721060
28.481001 13.618000 -34.192001 6.408268
20.445000 -29.955999 -46.280998 6.555831
-8.112000 16.611000 50.771000 6.986050
-26.101999 7.600000 50.606998 7.365530
-51.638000 -1.844000 -13.146000 6.815784
-34.757000 31.198000 -25.143999 7.150701
-33.516998 24.030001 -52.297001 7.290953
-35.999001 -32.439999 -53.466999 6.854659
-36.272999 32.897999 22.559000 7.074337
0.065000 -42.071999 -37.203999 7.384386
-51.707001 1.361000 19.931999 7.192024
3.903000 13.598000 50.901001 6.964226
-52.553001 -1.399000 31.804001 7.276410
-39.931999 27.427999 -43.273998 6.611457
-11.105000 7.595000 -54.171001 6.586796
-51.563999 5.810000 24.790001 7.246499
-17.083000 41.015999 34.769001 7.031672
-5.100000 -43.023998 -31.198000 7.805458
-45.176998 26.660000 34.844002 6.808283
18.907000 -1.398000 -53.841999 6.625761
24.879999 -25.440001 22.785999 6.749638
18.905001 19.599001 50.976002 7.140148
-35.526001 -35.136002 1.811000 7.142431
31.409000 1.470000 -46.022999 6.500742
-8.108000 -22.407000 50.859001 7.394542
27.044001 16.489000 -13.183000 6.555663
15.920000 -19.488001 -49.219002 6.558704
30.562000 1.601000 25.806999 7.169808
25.667999 -22.631001 -31.174999 7.212183
17.740000 33.314999 16.757000 6.935593
-23.094000 -41.403999 -7.189000 7.959560
26.974001 16.274000 4.805000 6.938955
-2.098000 -42.536999 -34.188999 7.648266
-44.847000 -25.865999 22.830000 6.907210
-17.094999 -7.408000 50.733002 7.464028
9.760000 34.165001 -52.078999 6.725443
-21.486000 -41.874001 -22.103001 8.039636
68.615997 6.245000 -9.812000 7.270085
-51.612000 -2.079000 -22.167999 6.862589
-17.139999 27.921000 -49.203999 6.988374
60.959000 4.626000 -10.236000 7.133049
20.422001 -9.023000 -49.369999 7.466344
64.348000 -1.329000 38.446999 6.713685
48.824001 6.579000 -22.857000 6.897872
41.278999 5.667000 30.451000 7.375340
-20.038000 -42.237999 34.855000 7.898559
26.528000 21.320999 31.013000 6.626462
25.200001 25.622000 22.801001 6.691125
-50.980000 16.621000 43.810001 7.058664
28.065001 4.612000 49.959999 7.490781
-25.993000 28.459999 -57.702999 6.556757
-5.095000 7.594000 -54.110001 6.704847
29.565001 12.542000 40.278999 6.902110
-20.084000 -19.399000 50.729000 7.530305
-50.793999 4.621000 -52.298000 6.867684
73.800003 -1.302000 26.139000 6.749820
-8.077000 41.155998 28.808001 7.329575
54.924999 -10.246000 -22.198000 6.607176
-42.862999 -27.230000 -51.370998 6.673186
48.993999 5.856000 -28.306000 6.781346
-41.470001 25.804001 -49.223999 6.817393
12.912000 -25.408001 -57.465000 6.546389
47.292999 5.963000 33.375999 7.233320
-32.099998 -4.407000 -54.359001 7.234485
-51.110001 7.619000 22.819000 7.118431
-8.091000 -43.286999 -49.180000 6.442964
78.443001 -1.388000 7.811000 7.037238
26.309000 -20.726999 4.848000 6.487519
-37.580002 -33.701000 31.799999 7.277482
17.347000 -32.854000 -34.215000 7.117056
12.159000 -36.400002 7.771000 6.977353
-2.105000 41.307999 37.806999 7.154985
68.283997 -8.801000 30.098000 7.055002
-25.969999 39.740002 28.761999 6.952385
61.174000 -9.481000 20.718000 6.876440
-50.448002 7.598000 7.825000 6.809763
-34.875999 31.035999 -28.201000 7.416950
42.939999 4.688000 31.402000 7.272142
65.478996 -8.834000 -5.772000 7.537194
28.229000 13.622000 -7.180000 6.652605
26.341000 -20.797001 -1.041000 6.706137
21.152000 -1.415000 -49.173000 6.656079
56.040001 -9.348000 23.528000 6.805626
-49.167999 16.253000 34.910000 7.101845
-31.226999 -30.423000 -52.182999 6.796830
19.027000 -13.415000 -54.537998 6.538233
9.924000 -31.576000 -52.194000 6.196289
20.447001 33.136002 -17.320000 6.522826
66.801003 4.156000 31.688999 7.098408
-39.696999 -21.122999 -57.227001 7.023307
34.094002 -9.578000 37.453999 6.497857
-43.879002 -16.209999 -54.497002 7.204154
74.871002 3.411000 -15.444000 7.075070
26.531000 21.146000 18.209999 6.596122
0.893000 4.584000 -54.042000 6.503445
-17.105000 7.611000 -54.233002 6.612060
67.978996 -0.261000 -26.531000 6.854760
-26.122000 -40.250999 -46.181999 6.776618
-17.111000 25.601999 50.658001 7.151299
3.916000 40.713001 -1.192000 7.414135
-34.300999 -27.549000 -57.423000 6.577447
-20.098000 10.610000 -54.270000 6.725543
-45.883999 -24.337000 22.806000 6.961363
11.023000 20.712999 -49.186001 6.432806
-8.104000 -31.389000 -54.050999 6.957191
-39.195999 29.775000 44.476002 7.184910
74.691002 -6.329000 -21.112000 6.895845
-41.112000 -13.399000 -58.111000 7.142030
-37.165001 -24.615000 -46.749001 7.274281
-20.089001 -7.407000 50.702999 7.585057
-52.810001 1.598000 34.812000 7.240477
9.932000 -37.986000 -22.191999 7.282167
-47.096001 -4.399000 -54.423000 6.944879
-48.372002 17.665001 34.478001 7.243710
3.907000 31.603001 50.792000 7.135728
-51.596001 -5.794000 -50.633999 7.065622
3.886000 36.855000 -25.191000 7.253954
-11.103000 -16.395000 -54.117001 6.181335
-26.107000 28.584000 50.555000 7.077961
78.291000 -4.419000 7.804000 7.100206
17.377001 30.089001 -29.556999 6.809281
-40.625999 1.588000 -52.200001 7.513259
-13.617000 39.042000 -10.062000 6.949565
-17.087999 -19.409000 50.759998 7.476120
-51.445000 1.618000 -25.188000 6.786012
-2.116000 10.587000 50.846001 6.820477
-36.903000 27.407000 -53.776001 7.162260
6.918000 31.605000 50.667000 7.053201
-38.109001 19.597000 50.448002 8.252000
18.926001 -16.495001 -57.363998 6.852852
8.430000 -38.914001 -37.688999 7.081884
21.884001 -7.431000 -57.345001 6.580597
15.638000 -33.928001 -1.202000 6.995866
26.396999 18.080999 -33.228001 6.341984
-51.898998 1.599000 48.750999 7.131124
12.140000 33.573002 -43.216000 6.638155
-40.381001 -30.701000 -28.191999 7.266052
31.187000 -7.320000 -40.159000 6.390469
-43.057999 -27.472000 -46.192001 6.786755
33.227001 -9.017000 -17.523001 6.625681
-50.330002 7.619000 -10.185000 6.979142
15.896000 34.674000 -13.189000 6.991796
65.132004 -1.383000 4.795000 7.108077
-40.804001 25.379000 49.139999 7.003747
56.436001 6.059000 30.422001 6.822766
27.865000 7.535000 49.568001 7.312578
12.834000 -37.173000 34.903999 7.185191
17.540001 12.379000 -52.293999 6.534697
-8.120000 -13.416000 -54.094002 6.475653
-17.121000 39.471001 -46.221001 6.466106
-38.625999 7.659000 -54.811001 6.825165
62.195999 -3.362000 -5.375000 7.501996
30.896000 1.598000 -13.206000 6.568736
54.915001 5.134000 -22.153999 6.861401
-43.770000 22.285999 49.021999 7.326754
20.445999 21.193001 -53.698002 6.344657
-32.115002 -37.215000 -43.175999 7.049453
25.382999 19.589001 -4.194000 6.670456
57.916000 -10.281000 -22.197001 6.544976
-48.361000 11.325000 -53.513000 6.877961
23.516001 9.400000 -46.685001 6.511578
-41.099998 1.601000 50.465000 8.214209
-52.049000 4.602000 28.809000 7.111659
28.165001 -16.407000 10.799000 6.686251
-14.095000 -43.125999 19.826000 7.868644
-31.701000 33.797001 -43.220001 6.990480
-10.523000 39.109001 -6.288000 7.137177
-8.105000 25.605000 -54.180000 6.909373
-51.784000 1.564000 -49.181999 6.919477
29.114000 11.181000 -7.169000 6.845375
-51.523998 -8.019000 7.822000 6.985456
12.061000 36.784000 31.577999 7.320810
69.195999 -6.876000 31.368999 7.019224
39.763000 -7.284000 -34.074001 6.321658
-45.556999 -23.792999 48.164001 7.216103
-33.298000 35.696999 -13.110000 6.716575
-2.095000 28.587000 50.803001 7.119186
-48.417000 14.715000 19.714001 7.051289
1.360000 26.693001 -49.219002 6.368457
0.874000 -41.467999 34.806999 7.358682
-39.161999 26.629999 -13.186000 6.951113
7.928000 35.873001 -49.282001 6.647156
21.044001 -19.135000 -46.380001 6.478346
64.266998 5.743000 28.997000 7.027477
30.510000 7.558000 -19.209000 6.627789
-51.384998 -10.874000 40.856998 7.785170
-33.816002 -36.056999 -49.019001 6.677813
69.890999 -11.469000 -7.197000 7.202288
-26.099001 1.583000 50.620998 7.356420
-49.591999 -10.374000 49.250000 7.648386
77.982002 -4.340000 -16.111000 6.884708
8.236000 38.477001 2.037000 7.579798
55.071999 -7.404000 22.818001 6.963582
60.250000 5.518000 -12.824000 6.751542
10.667000 26.573999 -49.157001 6.107659
15.836000 28.542000 49.535000 6.771081
-29.084999 13.576000 -54.368000 7.274894
19.591000 7.588000 -52.200001 6.345277
-21.542999 -41.886002 31.844000 7.992417
-8.090000 -43.320999 -40.188999 7.363824
66.933998 5.223000 28.832001 6.929285
39.743999 -8.078000 41.487999 6.925905
-40.395000 -30.735001 -22.171000 7.084210
-35.035999 -22.334000 -57.877998 7.276573
-8.056000 38.429001 -53.290001 6.988554
-26.135000 34.701000 49.748001 7.451958
-52.382000 4.591000 31.832001 7.036582
17.424999 33.112000 21.608999 6.945999
6.906000 28.752001 -54.637001 6.406169
15.916000 -10.393000 51.077000 7.317084
-36.877998 33.292000 37.480000 7.340773
-40.097000 4.596000 -52.145000 7.240004
26.392000 -20.882000 -9.408000 6.819178
6.482000 -33.500999 -46.499001 6.270718
-22.709999 30.558001 -57.388000 6.346292
-48.073002 -16.788000 -52.917999 7.029355
3.456000 30.535000 -49.174999 6.615253
-17.115000 -42.819000 -46.183998 6.621761
6.909000 19.601999 -54.013000 6.559078
15.973000 16.691000 -57.445000 6.246575
-26.105000 -40.346001 -1.176000 7.872844
-19.865000 40.723000 1.582000 6.971404
35.580002 3.223000 -39.084999 6.200788
20.171000 26.853001 -37.195999 6.659927
-27.476999 39.054001 -13.657000 6.688998
0.900000 7.595000 -54.048000 6.448893
77.024002 -8.549000 -3.954000 7.569461
-40.426998 -7.409000 -52.208000 7.478997
60.792999 -9.598000 -25.080000 6.613005
-46.959000 -22.410999 13.820000 6.882757
-51.576000 -0.265000 -1.196000 6.890068
23.712000 -24.382000 43.771999 6.984141
76.287003 -1.358000 -19.225000 6.700746
14.082000 23.797001 -49.226002 6.613864
-8.111000 39.977001 7.861000 7.441991
-20.084999 40.898998 -19.190001 6.766258
13.057000 34.889999 34.870998 7.275157
-48.898998 12.805000 13.885000 7.093858
-45.869999 18.559000 -25.215000 6.947968
-52.000999 -1.417000 22.804001 7.415546
9.908000 -10.411000 51.015999 7.162912
58.106998 6.676000 28.857000 6.940185
-35.056999 22.570000 -54.867001 6.786751
-28.400999 -39.296001 -28.177000 7.983661
-5.086000 -42.991001 -22.209999 7.856539
78.802002 -1.379000 1.823000 6.933887
54.902000 5.234000 -28.219999 6.895371
21.413000 -28.122999 4.815000 6.674562
-38.033001 31.622000 28.868000 7.100539
-20.044001 37.493000 49.276001 7.583502
-44.797001 19.871000 4.779000 6.941741
23.851000 21.735001 -51.473999 6.573164
-43.091000 -27.530001 -37.188000 7.297464
-17.073000 -36.698002 -46.558998 6.584933
-51.652000 -1.777000 7.836000 7.285446
25.471001 -4.398000 -52.212002 6.221975
0.899000 -31.353001 -52.183998 6.399033
-17.108999 -16.398001 -54.179001 6.283857
-37.853001 28.357000 49.196999 7.374488
-51.213001 -10.388000 19.809000 7.149167
5.797000 39.495998 19.899000 7.402420
-27.332001 35.956001 -34.117001 7.332610
-14.114000 -43.141998 7.821000 7.953506
33.915001 7.416000 34.805000 7.022267
13.997000 -35.620998 -43.192001 6.908039
36.417999 4.145000 26.815001 7.364862
-38.715000 -22.659000 -52.198002 7.176064
-32.122002 28.608000 -54.277000 7.290543
22.122999 -1.382000 -57.341000 6.471646
-34.980999 31.271999 4.991000 7.328762
30.183001 -10.407000 43.805000 6.994186
-2.090000 38.463001 -28.181000 7.373346
-41.148998 22.632999 49.939999 7.736148
-26.896999 38.858002 34.952999 7.328303
21.002001 -19.004999 -57.160999 6.739058
0.921000 -25.408001 50.957001 6.730556
-48.066002 13.911000 -13.183000 6.947818
-25.455999 36.451000 48.706001 7.544297
60.327999 -4.598000 -10.015000 7.240193
30.358000 4.602000 43.816002 7.162221
60.942001 5.311000 34.869999 7.115554
9.736000 37.000000 37.737000 7.321081
30.738001 1.601000 16.802999 6.711588
9.896000 -37.886002 -7.194000 7.424007
78.911003 -4.432000 -1.199000 7.221501
-9.383000 42.125000 36.422001 6.934371
-48.997002 -18.759001 40.813000 7.493802
-31.354000 -24.601000 -52.188000 7.043564
13.405000 -22.757000 -49.199001 6.328423
18.886999 34.005001 -16.243000 6.655905
-40.502998 -30.820000 1.810000 6.910388
-28.503000 -39.317001 -1.176000 7.663970
3.892000 16.605000 50.894001 7.057505
12.201000 33.639000 46.446999 6.876482
3.916000 36.756001 -22.187000 7.224734
24.177999 22.584000 -1.196000 6.758966
6.893000 28.916000 -52.195000 6.516913
12.902000 33.833000 -22.188000 7.064350
-50.994999 4.612000 -10.212000 6.968633
12.913000 34.382999 -13.209000 7.129499
17.964001 33.492001 -7.307000 6.820005
42.830002 5.354000 41.570000 7.528034
-42.984001 10.101000 -52.159000 7.213314
-49.653000 -16.417999 4.817000 7.082862
79.357002 -4.424000 -7.190000 7.318938
-47.085999 -1.402000 -54.439999 7.211106
72.921997 -10.922000 -1.202000 7.321838
52.016998 -7.388000 28.868999 6.903959
-26.497999 38.727001 37.903999 7.495401
18.868999 16.562000 -57.449001 6.297184
-50.644001 7.617000 -34.191002 6.890116
21.518999 25.412001 -46.180000 6.733357
-14.105000 39.416000 -28.193001 7.263864
13.627000 32.577999 -31.225000 6.628111
-37.716999 19.514999 -52.176998 6.833182
-32.115002 22.611000 50.508999 7.316020
52.374001 -8.651000 42.146000 7.034387
0.123000 -42.084999 -43.188999 6.666440
-46.046001 18.847000 -31.253000 6.812399
23.389999 27.091000 -1.443000 6.563817
70.253998 2.295000 -22.673000 6.809363
-35.112000 16.591000 50.493000 7.440566
33.801998 4.332000 26.150999 7.390395
-11.084000 -43.198002 40.816002 7.193812
-29.101000 -13.393000 50.624001 7.518172
19.830000 7.849000 -57.196999 6.318313
30.514000 1.603000 43.819000 7.133558
45.909000 -1.381000 -18.562000 6.880479
-34.444000 31.468000 -7.240000 7.198448
-26.094999 -40.421001 40.801998 7.685741
-26.023001 39.681999 -1.170000 7.634137
25.549999 19.694000 -49.236000 6.427818
-40.512001 -30.834999 4.830000 6.846662
-17.212000 -32.449001 -46.623001 6.617404
3.287000 -30.343000 -49.221001 6.932755
26.483999 24.215000 23.837999 6.600825
42.898998 1.652000 44.549000 7.226833
30.430000 7.598000 -43.168999 6.265292
25.327999 1.609000 -52.212002 6.401283
-39.472000 -11.479000 -52.289001 7.510704
27.082001 19.313000 34.743999 6.703507
20.594999 27.275999 37.731998 6.821887
-17.082001 -42.801998 -1.186000 8.016065
-32.048000 34.105000 46.771000 7.279190
18.921000 -31.434999 -49.192001 6.584680
21.663000 -28.427000 -37.214001 6.877172
-49.733002 -16.417999 25.792000 7.003335
3.903000 37.214001 -31.184000 7.310547
-26.070999 16.599001 -54.344002 7.022256
25.362000 -25.424999 31.799000 6.984021
22.184999 28.608000 -1.185000 6.718271
72.898003 4.061000 -16.179001 7.023851
34.856998 -1.257000 24.672001 7.072524
-48.219002 14.157000 -28.173000 7.014322
-11.093000 40.929001 43.798000 7.082172
30.858000 1.603000 4.833000 6.585411
17.417999 -32.918999 -46.165001 6.601844
-25.679001 36.564999 -51.743999 6.613766
-51.667000 -1.619000 10.861000 7.247651
77.179001 -0.645000 -17.209000 6.697211
-41.098000 -13.410000 -46.272999 7.505080
26.054001 17.275999 47.134998 6.958629
24.959999 -16.431999 50.671001 6.854095
-0.556000 -41.914001 28.546000 7.583624
-38.932999 -32.293999 -4.208000 7.085993
31.129000 4.277000 -40.140999 6.418782
-51.676998 -6.552000 -43.233002 7.222766
23.962000 -24.756001 1.804000 6.773263
-41.382000 25.819000 -40.174999 6.736808
-29.091000 -22.415001 50.643002 7.390896
20.222000 -29.782000 33.658001 7.003308
75.129997 -4.385000 22.766001 6.867597
-32.153000 22.603001 -58.066002 7.272845
-43.178001 -27.610001 -19.193001 7.046155
24.080000 -24.893000 -16.202000 6.956059
-44.042999 -7.362000 -57.806000 7.158479
-51.526001 -8.310000 16.725000 7.121075
-26.038000 25.490000 -57.873001 7.077772
-43.865002 -25.296000 -52.202000 6.770089
9.896000 -38.054001 -28.181000 7.455753
48.856998 -6.677000 -33.305000 6.825908
21.492001 -19.403999 -52.500000 6.430970
-23.108999 -35.029999 -49.198002 6.566809
-50.374001 -13.398000 46.830002 7.506082
29.747999 10.208000 -49.137001 6.085001
29.420000 -20.948000 21.093000 7.021499
-5.191000 36.759998 -53.875000 7.152872
-11.081000 41.806000 16.804001 7.426875
36.676998 -7.043000 -17.010000 6.541096
3.908000 -40.858002 -37.181000 6.926576
5.450000 36.122002 48.372002 7.165158
18.907000 -16.389000 51.117001 7.264256
-33.347000 35.932999 31.809000 7.042195
-40.605999 -10.209000 -54.730999 7.388477
19.795000 29.577000 -26.000999 6.855506
-43.834999 7.622000 -49.233002 7.215430
24.402000 22.591999 13.821000 6.945430
-29.847000 -38.507000 -46.195000 6.919318
-48.914001 -18.676001 25.809000 6.939780
50.962002 -4.689000 27.910999 6.771553
25.562000 -22.450001 -13.182000 6.905862
-2.092000 -13.411000 -54.032001 6.269958
15.904000 -22.403000 51.098000 6.607679
-5.107000 39.769001 -46.194000 6.874854
-8.134000 39.554001 -51.761002 6.694466
36.980000 8.335000 -28.333000 6.876299
-28.599001 -39.362000 34.827000 7.614398
18.929001 -31.423000 -40.183998 6.839585
29.358000 -14.759000 -43.094002 6.621726
-20.075001 41.026001 -13.182000 7.090911
56.789001 5.722000 25.724001 7.142250
-36.124001 14.350000 -57.452999 7.090066
9.888000 16.601000 50.953999 6.914176
36.828999 4.700000 40.971001 7.249736
-51.147999 -10.419000 -19.195999 7.004512
-32.097000 -37.495998 25.801001 7.348746
-51.428001 1.598000 -22.195999 6.969435
24.177999 -10.293000 -57.230000 6.776334
-9.083000 33.118999 -57.096001 6.407766
-23.118000 -41.308998 46.821999 7.049772
-11.122000 28.757000 -52.186001 6.841902
-17.099001 -42.772999 -49.194000 6.723121
-23.113001 40.226002 31.823999 6.773162
-5.089000 -42.770000 37.814999 7.399697
1.476000 -41.630001 -28.174000 7.686964
30.582001 4.611000 -1.177000 6.876471
21.906000 -10.418000 51.130001 7.926409
-46.334000 19.316999 -43.202000 6.511194
-20.107000 -40.546001 49.740002 6.965512
-45.912998 24.450001 43.230000 6.755933
-2.110000 -25.395000 50.925999 6.998297
29.184000 -14.180000 -10.180000 6.869967
-51.535000 -8.140000 -1.182000 6.893144
23.634001 25.129000 -24.260000 6.684373
-2.079000 -42.337002 10.820000 7.492923
-34.832001 33.469002 22.943001 7.379579
-26.112000 -34.379002 50.668999 7.791654
-51.326000 -10.629000 28.791000 7.168861
43.071999 5.918000 -29.186001 6.721532
-50.999001 4.623000 -4.182000 6.852425
16.485001 -25.875999 -52.165001 6.297339
48.384998 -8.824000 33.463001 6.790855
19.224001 -22.441000 -52.238998 6.363437
-20.100000 -28.423000 50.748001 6.998488
64.331001 1.571000 13.839000 7.053345
-28.381001 -39.264000 -43.192001 6.908093
29.690001 10.065000 -31.202999 6.861609
20.311001 27.010000 44.702999 6.817657
18.715000 28.378000 -43.192001 6.785992
-2.091000 38.191002 -19.198000 7.243057
9.723000 22.315001 -54.589001 6.339596
43.533001 -1.561000 45.403999 7.103429
-49.417999 10.599000 1.802000 7.068507
-47.403999 16.603001 -34.176998 6.906795
-41.105999 -7.409000 50.485001 7.814705
-14.112000 -22.414000 -54.133999 6.593929
-18.856001 41.848999 3.891000 6.757145
-49.411999 -16.424000 -28.184999 7.050853
-26.117001 -4.413000 -54.298000 6.627168
54.912998 -10.083000 -25.216000 6.581160
21.969000 -22.468000 50.605999 6.927263
31.183001 -4.407000 -31.195999 6.841198
3.963000 34.696999 50.119999 6.920161
63.842999 6.618000 -15.601000 6.937477
-5.094000 39.715000 -49.195999 6.619564
70.787003 2.042000 29.316000 6.808514
-21.504999 -41.875999 -10.234000 8.096393
-24.150000 -38.713001 -53.631001 6.622854
57.653999 6.312000 34.097000 6.956851
-51.662998 1.039000 -51.056999 7.110720
-39.891998 -9.960000 -52.171001 7.431394
27.197001 21.586000 20.108000 6.542408
-35.108002 -16.391001 50.568001 7.623405
-2.092000 -28.396000 -53.997002 6.976476
-5.129000 -34.297001 -57.598999 6.698315
-51.604000 -6.022000 -15.297000 7.091067
-2.081000 40.448002 10.816000 7.429292
-27.525999 -32.873001 -52.217999 6.628709
-11.103000 -31.409000 50.847000 6.764610
28.455999 -16.431999 -16.205999 7.144835
-19.858000 36.405998 -53.813000 7.123771
-14.080000 -39.749001 -53.889000 6.460739
-51.854000 -4.411000 -43.187000 7.320593
20.391001 -29.889999 -36.398998 7.099609
49.873001 6.030000 -25.841999 6.777639
20.792999 30.594000 -7.285000 6.570574
-37.032001 -33.249001 48.742001 7.168108
24.108999 -24.954000 -22.201000 7.056149
-39.179001 7.838000 -52.237999 6.877618
28.261000 -16.421000 1.789000 6.760673
-34.424000 30.670000 1.916000 7.351986
-8.099000 -43.289001 -28.197001 7.847947
0.918000 41.313000 19.809000 7.623217
-17.108000 10.619000 50.693001 6.879746
11.822000 -30.166000 -57.041000 6.223692
22.586000 28.747999 13.782000 6.449886
64.857002 5.962000 26.365999 6.804837
63.705002 -1.397000 -1.206000 7.157590
-26.037001 36.735001 -40.193001 7.070553
-26.104000 -40.352001 1.815000 7.749215
58.907001 -6.748000 -14.056000 7.108847
62.240002 -5.731000 39.193001 6.915781
61.285000 1.197000 17.594999 7.583850
-38.397999 28.538000 16.804001 7.301932
75.502998 3.859000 1.840000 7.126251
72.561996 4.509000 22.694000 6.999060
-30.487000 20.983000 -46.834999 7.507468
21.593000 1.609000 -46.111000 6.739854
-33.167999 35.387001 -10.039000 6.869949
16.153999 32.808998 -23.066999 7.005460
-44.110001 -10.405000 50.450001 7.842081
-23.110001 -41.411999 7.810000 7.656722
-11.096000 39.488998 4.815000 7.025088
72.514000 -4.295000 -24.719999 6.830327
0.916000 19.597000 50.855999 7.042278
-51.442001 -7.758000 -49.323002 7.136476
