-48.237000 36.839001 -26.882000 7.338534
-20.875000 -48.002998 -17.351999 8.168867
-36.963001 -39.196999 2.553000 9.572440
-24.254000 43.813999 -24.794001 7.342209
4.925000 -34.300999 -26.867001 7.456293
-66.306999 46.756001 -6.471000 8.454265
-81.166000 -13.335000 35.541000 9.495850
-69.242996 40.653000 -21.407000 8.276796
-1.836000 35.652000 16.111000 7.949625
-0.429000 -45.277000 46.889999 7.665598
-81.123001 25.656000 -0.485000 7.944123
8.252000 4.800000 29.582001 8.096512
-79.819000 -5.712000 -6.366000 8.995255
-12.257000 -47.046001 -18.530001 8.014034
-1.066000 42.320000 26.290001 7.388113
-69.667999 44.005001 23.702999 8.044571
7.477000 -35.294998 -21.530001 7.848496
2.934000 34.629002 13.492000 8.234377
-32.332001 -40.587002 -12.460000 9.148371
4.779000 36.721001 -26.656000 7.928633
-27.264000 47.256001 35.554001 6.892128
-75.087997 -4.351000 13.319000 9.122508
3.484000 -7.086000 17.052000 8.765077
4.351000 -27.200001 -5.625000 9.648357
-79.566002 32.362999 -15.829000 7.506488
-71.684998 -28.403999 2.555000 9.654115
-32.639999 43.605000 2.598000 8.045810
-48.198002 46.046001 -21.084999 7.950666
-81.203003 -22.400999 -9.490000 9.445879
-33.986000 -45.544998 2.679000 8.961692
32.905998 -9.112000 -4.294000 8.505727
-37.525002 48.235001 1.766000 8.111436
-76.495003 25.621000 -0.516000 8.907773
3.621000 7.498000 9.242000 8.720239
-24.254999 -35.174000 -16.080999 8.992612
-54.234001 -40.120998 2.503000 9.544204
13.279000 3.017000 28.143999 7.951026
-67.158997 7.668000 -21.274000 8.801340
-76.598999 -8.272000 9.844000 9.949739
-66.055000 -37.125000 2.500000 9.651731
8.631000 -22.506001 12.241000 8.918249
-1.368000 27.520000 -14.319000 8.776556
-67.930000 31.944000 -21.667000 8.892350
-15.391000 -37.926998 -12.726000 9.746645
-64.206001 -47.680000 2.907000 8.807235
-80.943001 10.656000 26.466999 8.568624
6.552000 10.640000 6.239000 8.791718
-80.347000 31.660000 -9.465000 7.776402
54.692001 -1.365000 5.533000 7.545834
-18.205999 31.391001 -21.533001 7.617216
1.897000 34.791000 -13.912000 8.267357
-0.226000 -40.355000 14.041000 8.311483
-45.238998 -43.562000 12.117000 8.767730
42.773998 5.127000 39.702000 6.786570
-12.263000 35.917999 11.543000 8.307979
-71.962997 -39.969002 -21.486000 8.264399
-74.792999 19.497999 -24.021999 8.163147
-9.256000 -48.422001 -15.501000 7.968284
5.814000 -43.664001 47.528000 7.487454
-24.280001 -47.147999 -18.473000 8.177424
53.215000 4.679000 26.544001 7.138913
43.513000 1.651000 27.687000 6.732093
2.909000 13.601000 17.219000 8.719174
2.760000 19.605000 12.128000 8.848335
-36.243999 31.954000 -24.795000 8.198113
4.071000 16.631001 -26.767000 8.479261
-35.639999 38.411999 49.700001 6.958191
-78.100998 31.566999 -21.559000 7.991469
-75.733002 38.129002 41.494999 8.248006
-62.353001 -39.056000 -3.065000 9.363320
-8.055000 -32.744999 17.197001 10.231364
-65.476997 38.650002 -18.464001 7.864347
-33.327000 -19.344999 -25.208000 7.622302
53.152000 -4.367000 11.640000 7.363919
47.714001 9.992000 14.284000 7.506927
41.735001 -7.385000 30.201000 6.796499
5.405000 31.763000 -25.039000 8.144011
-32.430000 -39.948002 32.617001 9.771000
-69.016998 -28.347000 -12.479000 9.745763
13.763000 33.992001 35.492001 7.698839
12.767000 -35.283001 38.667999 8.790766
-20.823000 -38.612999 -9.845000 9.707199
-80.767998 25.615000 2.513000 7.912961
0.810000 47.988998 22.610001 7.543272
0.126000 37.632000 11.710000 7.816207
-45.287998 -49.110001 35.549000 8.146898
-45.317001 -16.416000 -25.208000 8.191703
33.730999 1.495000 1.331000 7.785750
30.128000 4.451000 -1.318000 7.547037
-67.275002 -6.918000 19.561001 10.323373
11.672000 -1.464000 2.604000 8.245909
-77.028000 -34.442001 15.498000 8.986538
-18.246000 41.488998 -3.495000 9.139235
-72.321999 1.418000 50.013000 9.030825
-9.453000 -36.539001 -14.474000 9.099312
2.906000 -16.320000 -18.478001 8.869441
41.645000 8.421000 17.575001 7.834113
14.067000 -22.389999 -18.459999 8.017165
-33.780998 46.164001 -9.555000 7.734680
-12.209000 -37.987000 13.347000 9.359630
-21.301001 -1.396000 -25.208000 7.734144
-51.223999 38.261002 13.430000 8.175607
-76.258003 16.608999 -3.459000 8.832444
5.707000 4.346000 14.535000 8.518636
4.368000 22.117001 -11.165000 9.127093
-78.375999 4.632000 2.522000 8.088276
45.028000 4.609000 -3.415000 6.846191
-78.024002 -16.377001 17.481001 9.876563
-72.252998 7.663000 13.852000 9.620127
-62.577999 -48.078999 -15.196000 8.404509
-81.056999 -25.327000 35.576000 9.255189
-81.251999 -19.372000 -6.455000 9.141845
15.963000 -13.377000 35.569000 7.447264
25.237000 2.317000 -8.026000 7.064767
-69.799004 -31.465000 -6.476000 9.790737
-71.293999 37.778999 -9.462000 8.481457
-29.275999 32.812000 -18.486000 8.024857
-27.386999 -34.868000 17.188000 10.806405
29.358000 -8.456000 31.732000 7.259801
-63.604000 13.684000 17.375999 10.672672
-28.684999 -35.785000 19.094999 11.054286
-51.256001 -19.402000 -25.208000 8.671480
-1.327000 -24.708000 -17.426001 9.227366
2.703000 37.550999 -25.076000 8.023663
0.712000 -13.379000 9.379000 9.436477
52.173000 2.700000 -1.850000 7.491327
13.265000 -9.218000 -20.003000 7.149444
-37.158001 -39.087002 4.835000 9.432194
17.980000 9.006000 42.268002 7.072954
23.763000 8.915000 37.867001 7.461442
-0.223000 -30.274000 -15.497000 9.425117
-36.314999 -34.060001 -15.094000 9.358414
-3.218000 49.525002 32.520000 7.698560
-12.239000 -4.409000 -25.208000 8.392093
-30.090000 -40.213001 17.253000 8.907093
-71.060997 -38.450001 35.632000 9.010596
-3.272000 -48.967999 29.575001 8.304237
-8.911000 44.603001 48.541000 7.084544
-30.059000 45.898998 38.604000 6.988883
12.730000 35.414001 -12.494000 7.894302
-81.000999 -10.355000 -9.455000 8.956473
7.723000 -39.709000 -12.453000 8.601032
27.315001 4.638000 -18.570999 6.784688
20.726999 -7.249000 33.048000 7.232531
-79.803001 -8.638000 4.181000 9.492166
-58.474998 45.270000 15.977000 8.310446
-63.626999 7.670000 -24.618000 8.705709
8.467000 38.015999 -9.416000 7.811831
14.097000 -7.355000 20.489000 8.410504
-17.427999 -38.973000 -6.843000 10.604937
-76.275002 22.610001 -6.486000 9.842386
-54.255001 -1.412000 -25.208000 8.687545
-51.245998 -36.799999 -24.885000 8.380483
-18.375999 47.328999 8.725000 7.951246
44.720001 9.687000 5.516000 7.568151
-77.205002 2.706000 26.482000 9.450258
-77.262001 37.261002 -23.968000 7.724604
-24.264999 45.960999 47.556000 6.580084
-67.888000 4.658000 -21.764999 8.348533
-10.911000 45.075001 48.910000 7.167818
-1.196000 48.230000 -17.507000 8.313973
-73.931000 -38.902000 2.914000 8.908737
2.698000 -38.178001 29.524000 8.627903
-6.279000 31.952999 -24.735001 8.104134
-78.250999 4.582000 -9.453000 8.788188
-24.226999 31.990999 -24.676001 7.908596
35.596001 8.733000 29.355000 7.603689
-60.265999 -31.681000 -24.646999 8.452975
-72.250000 -13.356000 -25.073999 8.587270
-34.908001 35.951000 35.613998 7.941445
-74.761002 22.768000 -23.910000 7.579215
-12.267000 -42.963001 47.813000 8.292691
-42.152000 42.005001 3.339000 8.600989
15.947000 13.646000 26.541000 7.514858
36.292999 -1.338000 24.032000 7.092285
-42.276001 37.402000 -25.176001 7.955625
-27.493999 -40.282001 14.190000 9.104709
-62.076000 -10.366000 -18.471001 9.578714
45.980000 -1.300000 36.292000 6.350091
-70.148003 44.549000 41.445999 7.817692
-74.309998 -7.860000 38.470001 9.082515
-39.264999 31.801001 -21.527000 8.274834
48.603001 8.290000 -3.884000 7.582448
-79.986000 -13.420000 4.632000 9.413671
-71.095001 5.487000 26.677999 9.713202
-42.223000 40.590000 -25.073000 7.393099
41.657001 -1.432000 14.170000 7.324122
-12.286000 -40.438000 11.979000 8.988160
11.004000 -16.438000 15.188000 8.706816
-66.663002 40.188999 11.306000 8.184325
12.551000 16.767000 17.016001 8.839362
44.771000 -1.355000 29.848000 6.089940
-79.891998 -13.072000 -17.368999 8.830436
3.740000 1.345000 41.464001 7.249244
17.754000 6.997000 -20.775000 7.424927
-65.903000 25.599001 13.848000 9.833630
3.131000 1.471000 29.441000 8.526340
-60.241001 32.011002 -24.639999 8.669087
-77.082001 36.619999 32.702000 8.315424
-0.550000 31.968000 17.455999 8.616908
51.095001 -8.100000 2.376000 7.572072
4.035000 35.722000 29.202000 8.008231
-79.459999 -31.691999 2.665000 9.145413
-76.815002 -2.552000 46.192001 8.930954
-6.278000 40.789001 35.522999 8.437963
-66.613998 -34.919998 -6.547000 10.071228
-48.304001 -39.564999 46.806999 8.982077
-24.278000 -39.660000 -3.475000 9.740483
43.848999 7.684000 -1.150000 7.289416
0.271000 41.053001 20.236000 7.534019
-66.358002 -46.723999 2.546000 8.996027
-76.331001 16.697001 -6.484000 9.610140
27.400999 1.704000 30.028000 6.766623
16.077999 -22.388000 29.554001 8.451715
-69.226997 4.623000 44.541000 9.765875
37.443001 -1.100000 -1.755000 7.037891
-54.268002 -30.530001 17.521000 11.142747
5.459000 25.670000 23.489000 8.379483
-70.318001 32.775002 40.827000 9.645821
13.057000 3.464000 -12.623000 7.492619
35.925999 -9.298000 -3.642000 8.259944
-70.638000 -9.162000 -13.818000 10.201435
-42.284000 -39.540001 5.320000 9.118785
7.779000 -16.245001 47.675999 8.256867
11.520000 16.608000 41.525002 7.817588
-73.190002 13.496000 2.836000 9.090137
-79.010002 34.845001 -9.405000 8.361007
52.270000 0.484000 -1.991000 7.425635
2.646000 -38.438000 20.570000 8.534771
-75.144997 10.536000 -24.195000 8.262143
-51.786999 -47.821999 -16.862000 8.334983
7.542000 38.104000 20.393000 7.373875
-15.267000 -34.174999 -24.908001 8.640045
-75.731003 -38.228001 20.650999 9.040251
11.872000 10.168000 41.558998 8.235040
4.979000 -25.392000 -26.827000 8.003818
42.244999 -1.352000 0.037000 7.181024
44.757999 -7.308000 10.680000 7.457034
-80.052002 -16.212000 21.277000 9.697247
20.746000 8.594000 44.528999 7.125607
-69.584000 16.663000 35.535999 10.394335
-66.363998 1.488000 -24.528000 8.866273
-15.258000 -49.264000 29.561001 7.874066
4.984000 -32.431999 17.525999 9.314632
47.441002 9.448000 26.530001 7.458879
2.907000 -19.361000 -18.479000 8.897802
15.834000 10.649000 -6.445000 8.147614
3.129000 -28.600000 -6.568000 10.151851
-15.254000 49.138000 23.511000 7.728203
-67.886002 22.679001 -21.740999 8.592119
-12.361000 41.879002 20.497999 7.580221
1.778000 -38.639000 2.524000 8.508613
-66.446999 -28.379000 12.341000 10.216067
-36.224998 47.021000 -18.457001 8.408115
28.775000 7.579000 43.827000 6.390013
47.737999 -10.252000 11.388000 7.351989
-35.403000 37.664001 35.556000 7.317295
17.729000 4.629000 -22.047001 7.484606
-68.064003 37.317001 47.146999 8.539617
-74.778000 28.625000 11.620000 9.220886
-64.542999 -38.444000 28.479000 9.964917
-75.144997 -19.392000 14.260000 9.929651
-32.597000 40.666000 -21.506001 7.672837
-75.259003 34.611000 -25.032000 7.951749
-15.283000 36.111000 -26.239000 7.705659
-72.268997 -25.336000 -3.443000 10.015926
-67.884003 -25.409000 -21.725000 9.025378
37.733002 -4.567000 8.762000 7.493371
-80.242996 31.587999 35.521000 8.463381
0.715000 -31.570999 11.442000 9.317146
-79.133003 4.626000 41.571999 9.061269
-45.264999 -40.449001 13.613000 9.111171
-18.215000 -38.660000 -3.490000 10.234180
-33.053001 -35.223000 8.991000 10.428327
-74.924004 7.672000 49.959000 9.188859
44.779999 9.505000 17.475000 7.688392
-30.171000 -31.572001 -24.875000 8.153725
1.665000 48.346001 -9.590000 8.093628
-73.574997 -28.892000 39.214001 9.872373
-30.421000 40.647999 -21.462000 7.450078
-69.732002 34.540001 -18.452000 8.540550
-63.570000 19.645000 -16.256001 9.868305
-76.903000 2.950000 -12.669000 8.999516
-24.263000 -48.334000 -0.471000 8.884027
2.796000 -37.341000 50.071999 8.523877
-73.787003 -38.866001 -2.669000 9.037351
-69.401001 1.469000 17.327999 9.396380
-48.290001 37.666000 17.223000 8.920524
-70.136002 44.650002 44.639999 7.496695
-0.048000 -37.230000 -3.484000 9.308817
-3.308000 36.825001 -26.896999 8.285378
12.894000 3.465000 30.226999 8.156754
-71.852997 -40.028999 35.528000 8.774457
10.404000 -19.055000 49.200001 8.317080
9.616000 -4.275000 -20.454000 7.870677
-80.695000 13.617000 41.537998 8.904235
11.868000 37.846001 17.541000 7.907081
-45.230000 -47.463001 19.819000 9.071468
-81.087997 22.660000 26.503000 8.510310
44.738998 -4.351000 10.903000 7.285858
-72.169998 19.665001 12.246000 9.667218
-54.273998 -34.367001 -16.058001 9.080293
12.608000 -4.363000 17.462000 8.412976
-15.253000 49.563000 -12.454000 8.510647
38.425999 -7.556000 2.206000 7.790467
-32.893002 39.915001 -9.302000 7.786594
30.504000 -4.115000 27.572001 7.495712
-25.247000 47.983002 38.639000 7.403134
4.956000 22.625999 -26.872999 7.790549
35.648998 -7.480000 -15.507000 7.330548
-69.250999 -37.314999 10.732000 9.081407
-66.383003 22.634001 -24.702000 8.612557
26.806999 7.716000 -18.479000 7.276611
-57.273998 46.167000 47.432999 7.062015
-69.236000 39.881001 -9.490000 8.478870
5.740000 -1.198000 35.556000 8.054043
7.927000 -16.105000 23.832001 8.527435
-66.123001 -10.323000 18.239000 10.509898
-15.270000 40.230999 32.523998 9.322505
8.882000 -10.058000 44.525002 7.572312
-27.305000 -46.669998 -15.508000 8.755156
8.863000 28.568001 -24.726000 8.018998
-54.278000 35.146000 12.523000 8.743915
27.952000 4.623000 45.396999 6.743744
13.603000 -13.446000 18.490000 8.873187
14.412000 4.750000 32.665001 7.274124
-63.209999 37.528000 11.139000 8.763615
15.647000 -28.405001 -12.455000 8.857660
-63.043999 40.219002 2.394000 8.779416
-76.363998 19.664000 48.676998 8.559209
-54.300999 43.162998 44.556000 7.628844
-33.619999 45.726002 -23.840000 7.524222
37.359001 -5.678000 6.608000 8.059628
-80.945000 19.648001 -12.436000 8.409524
-3.623000 -44.464001 -22.514999 7.933687
10.306000 17.549999 49.139999 7.852385
13.094000 -24.945999 16.296000 8.546759
-79.847000 8.647000 21.738001 9.463339
-64.351997 47.970001 26.457001 8.000425
-79.336998 7.399000 -15.636000 8.640338
5.201000 16.761999 11.510000 8.551747
5.603000 -42.564999 49.835999 7.260531
12.333000 -1.236000 20.563000 8.272159
-51.244999 -39.514999 -3.519000 10.232817
7.302000 -42.005001 -0.472000 8.516051
-77.014999 -36.198002 -3.336000 8.740059
26.680000 -4.331000 35.261002 6.586770
-30.242001 37.536999 41.488998 7.777914
-48.271999 -43.015999 49.792000 7.896165
18.007000 9.271000 -10.482000 7.784675
53.557999 7.638000 17.476999 6.940115
43.587002 -4.573000 27.677999 6.665943
-37.973999 -47.764999 -6.653000 9.810534
-80.027000 10.776000 21.319000 9.041698
15.006000 -31.406000 35.537998 8.532939
4.171000 -16.481001 3.806000 9.249130
-67.161003 -16.344999 -21.208000 8.776996
8.631000 -10.139000 35.770000 7.900128
-45.250000 -41.301998 32.512001 9.157649
-32.895000 37.132999 29.528999 7.545566
-66.240997 34.421001 35.576000 9.994452
-22.958000 -41.912998 35.679001 8.978782
41.830002 1.636000 41.181000 6.656430
-31.205000 43.777000 23.664000 7.367074
13.858000 -28.379000 44.011002 8.312651
-64.396004 33.006001 22.382000 9.134342
-67.363998 44.995998 9.763000 7.934835
36.630001 -4.148000 24.082001 7.290238
-6.270000 -45.603001 47.021999 8.059278
-78.124001 -31.306999 17.558001 9.479625
38.021000 1.587000 43.382999 6.162840
-9.277000 -16.323000 -25.208000 8.032865
-70.853996 -41.896000 1.131000 8.451497
27.799000 -1.373000 -15.199000 7.287083
-32.028999 -43.389000 -21.572001 8.324332
7.804000 34.148998 47.698002 7.626623
-39.278999 -39.855000 2.521000 9.538478
15.743000 28.629000 29.525000 7.964828
-12.269000 -13.362000 -25.208000 8.334095
-32.588001 37.583000 38.492001 7.346219
-57.233002 -28.355000 -25.208000 8.184896
14.893000 -31.358999 32.501999 8.517100
-64.693001 -32.727001 25.112000 10.464869
-66.584999 -25.393000 12.413000 10.134012
-57.297001 -34.882000 12.558000 10.312596
-30.232000 4.622000 -25.208000 7.572161
4.509000 11.178000 18.785000 8.355081
15.302000 -7.355000 29.525999 7.245626
-57.285999 -43.952999 48.070999 7.890104
-67.150002 4.676000 -21.238001 8.716109
13.580000 -33.831001 5.462000 8.204991
-9.284000 31.356001 -15.301000 8.655068
-18.266001 -49.194000 35.519001 7.698946
4.027000 -38.901001 19.487000 8.399205
-66.189003 -37.970001 20.542000 9.339450
-66.558998 44.731998 48.229000 7.205560
10.541000 39.373001 -23.695000 7.596160
-80.432999 -13.351000 -15.478000 8.675527
6.492000 -34.271000 -12.463000 9.273111
54.292000 -4.374000 5.500000 7.794992
-69.448997 35.368000 47.598999 8.298596
-68.085999 -45.147999 33.026001 7.750071
-9.277000 -49.227001 -3.491000 9.070818
15.131000 19.613001 -15.476000 8.885841
-79.598000 6.475000 -6.452000 8.278921
-24.264999 34.976002 -24.580000 8.154786
-75.565002 -16.384001 38.563999 9.408158
-64.994003 -28.400000 13.261000 10.146557
-36.289001 -10.349000 -25.208000 7.437447
-2.888000 -28.327000 -18.462000 9.457246
6.896000 -10.393000 44.092999 7.810244
-67.244003 13.855000 19.296000 10.263998
-54.993999 -45.162998 15.616000 8.980945
-9.203000 -34.417999 -15.871000 8.884420
-0.328000 -45.191002 15.311000 8.468160
-57.202000 -42.077000 33.388000 9.218276
-30.691000 43.289001 14.074000 7.857162
8.465000 4.528000 13.613000 8.458852
-48.230999 -22.349001 -25.208000 8.878448
-42.273998 -19.341999 -25.208000 7.984046
0.683000 -47.598000 -9.517000 9.595338
-24.266001 40.266998 -9.543000 7.497504
6.253000 -19.424999 23.457001 9.367705
-71.406998 37.903999 32.523998 8.160193
-67.240997 -13.608000 19.337000 10.518382
-6.255000 47.252998 44.808998 7.036391
-67.891998 -22.333000 -21.799999 8.977145
-74.387001 39.411999 -0.717000 7.711306
-26.757999 45.108002 -22.853001 7.518116
-69.640999 22.632999 11.622000 9.992352
5.813000 1.406000 9.001000 8.261794
-57.359001 -47.694000 42.523998 7.917236
-48.213001 34.751999 -15.248000 8.431548
8.222000 40.280998 8.727000 7.704483
-68.654999 -0.950000 -21.570000 8.812094
-81.004997 28.612000 -3.491000 8.048790
-1.777000 -29.851999 17.500999 9.984220
-18.316000 -41.306000 26.478001 9.314962
-5.603000 35.964001 9.784000 8.526627
8.754000 -28.427999 -25.021999 7.758003
15.083000 -10.286000 38.498001 7.413054
-18.304001 49.547001 -0.418000 8.204961
-24.155001 48.736000 -6.471000 8.225069
23.757999 1.622000 31.996000 7.095049
-72.782997 -19.334000 -6.434000 10.355079
-42.261002 34.694000 -15.768000 8.358485
23.476000 -8.706000 34.242001 7.267359
35.722000 9.633000 35.526001 7.216130
41.679001 -1.328000 11.699000 7.246836
-48.242001 49.483002 2.510000 7.834042
27.355000 9.203000 -7.718000 7.696279
-6.347000 39.776001 14.018000 8.130994
-80.529999 -28.421000 23.535999 8.883304
-45.316002 -47.973000 -17.266001 8.153538
-15.217000 -32.508999 -21.579000 8.374659
7.322000 -22.354000 40.764999 8.399480
11.517000 25.584000 11.210000 8.961521
49.834999 -9.123000 26.464001 7.531636
4.069000 22.677000 -26.768000 8.110559
13.604000 -10.489000 7.665000 8.124480
-25.149000 47.990002 2.643000 7.991031
-16.240000 -45.021000 15.738000 8.681729
-78.945000 -4.346000 5.498000 8.439481
-67.052002 31.892000 11.808000 9.059919
-81.164001 13.641000 -6.404000 8.811318
-79.164001 -31.296000 5.528000 9.386546
8.465000 31.693001 47.516998 7.490470
7.815000 7.807000 -11.626000 8.231749
-7.038000 -38.904999 5.346000 9.456069
-63.212002 -48.320000 -12.414000 8.657304
-3.716000 -36.799999 -3.542000 10.004479
7.700000 -40.240002 26.610001 8.781225
14.267000 -9.888000 -18.246000 7.437875
6.441000 -33.751999 -21.431999 8.247859
-15.279000 -48.384998 -15.457000 8.483511
7.475000 -22.371000 38.542000 8.547688
-3.230000 -48.688999 -12.455000 8.259980
-81.211998 -16.325001 35.618000 9.378801
-2.434000 25.816999 -16.157000 8.664123
3.730000 -38.993000 17.448000 8.325599
-30.667000 -34.365002 14.314000 11.180123
-28.489000 -38.548000 40.999001 9.596075
7.388000 27.552999 33.570000 7.891312
-45.263000 -28.393999 -25.208000 8.298952
2.873000 39.535999 20.770000 7.833677
-44.587002 45.507000 -23.405001 7.320264
-2.305000 -35.188999 31.875999 9.986715
-80.831001 19.669001 41.574001 9.124823
5.926000 -39.693001 -12.454000 8.131990
-27.188000 43.778999 13.669000 8.114381
-76.963997 -36.091000 -0.544000 8.856842
-69.709000 -34.318001 20.538000 9.836936
-63.324001 -22.327999 -16.004999 9.741221
-7.968000 -47.796001 7.000000 8.717836
6.919000 10.514000 22.948000 8.531053
3.774000 -1.391000 -6.398000 8.518802
-60.282001 -42.487000 41.528000 8.721303
-6.011000 -38.311001 -3.400000 9.818521
44.879002 8.113000 -9.534000 7.561320
15.929000 16.653999 38.528000 7.105390
-27.292999 47.213001 38.516998 7.058043
12.187000 -7.240000 -21.125999 7.205684
-18.573000 -38.612000 -9.767000 10.683270
-0.961000 34.738998 -3.425000 8.834232
30.905001 6.439000 -1.798000 7.570503
-54.285999 -37.202999 11.718000 9.993682
3.704000 14.001000 -13.530000 8.718157
-81.191002 13.657000 29.516001 9.264429
13.494000 33.851002 41.339001 8.113805
7.425000 -18.311001 24.662001 9.164467
-75.804001 -37.681000 35.580002 8.748535
-44.988998 38.375999 9.937000 8.601407
-74.180000 39.490002 -18.968000 8.018435
-0.228000 -37.321999 5.554000 9.141834
8.699000 -4.452000 38.431000 7.582945
54.662998 1.611000 23.523001 7.148134
-30.429001 37.778000 -9.567000 8.242081
-12.307000 -38.604000 5.535000 9.338722
-0.483000 -48.354000 32.473999 8.563052
3.569000 -35.172001 47.618000 8.989503
1.878000 27.756001 -11.633000 8.451661
-54.237999 -40.376999 50.653999 8.694490
-62.007999 -41.907001 33.820999 9.145694
-30.207001 7.614000 -25.208000 7.472321
-42.262001 -37.884998 48.266998 9.624227
-12.306000 46.118000 10.947000 8.184686
-40.188999 -48.035000 -14.815000 8.379961
-75.889000 38.533001 -3.539000 7.883761
-74.317001 8.290000 -9.240000 9.419353
-45.278999 -31.527000 -16.250999 8.952956
-3.742000 -36.691002 -0.484000 9.711319
-0.249000 -46.748001 -18.448000 7.841533
-36.160000 -46.455002 -12.445000 9.126468
-21.302999 40.577000 47.518002 7.242993
-76.823997 -35.903999 28.422001 9.249171
-61.995998 42.227001 42.876999 7.533166
42.259998 4.678000 0.156000 7.141928
-51.228001 -40.074001 2.505000 9.524271
-63.558998 -31.569000 -24.381001 8.469386
-6.271000 40.653000 -25.073999 7.714976
-42.324001 13.672000 -25.208000 7.904635
11.572000 -19.312000 11.230000 8.478830
29.788000 1.597000 -1.023000 7.381699
-76.276001 -7.339000 48.376999 8.980391
29.816999 7.515000 -3.559000 7.593474
2.480000 -16.412001 12.361000 9.408463
41.779999 -10.165000 29.676001 6.880379
2.689000 38.759998 8.952000 8.000236
-79.330002 19.705000 19.884001 9.285738
12.007000 -16.386999 47.544998 8.124393
-77.438004 -13.356000 46.900002 9.571875
12.252000 1.482000 8.475000 8.804693
-57.250999 -38.035000 48.252998 9.153337
12.761000 35.487999 -3.419000 8.299042
23.009001 1.343000 49.168999 6.952593
-70.688004 -8.943000 45.901001 9.456297
5.038000 32.445000 -12.492000 8.673357
13.275000 24.945000 46.102001 7.685719
-69.085999 34.890999 41.553001 9.393248
-21.263000 13.585000 -25.208000 8.237430
4.005000 -29.594999 32.172001 9.596933
-27.254000 35.195999 -21.483999 8.286448
-3.462000 -36.798000 8.303000 9.051142
-67.200996 -1.384000 23.441000 9.876068
-70.655998 11.558000 36.235001 10.032960
11.797000 31.618999 47.563999 7.678219
44.734001 -1.351000 38.602001 6.443973
15.212000 -25.399000 41.560001 8.375393
4.730000 -7.346000 -9.428000 8.629651
-36.146999 -40.271999 10.993000 9.017754
-26.993000 -44.945000 46.186001 7.974250
-27.228001 -16.339001 -25.208000 7.112361
41.785000 9.941000 29.483000 7.745087
16.080999 22.683001 35.554001 7.948056
-48.278999 -45.488998 10.792000 9.020164
-74.970001 -19.389000 49.875999 9.378653
-63.088001 -19.341999 -15.717000 9.744645
-67.540001 -29.475000 -13.799000 9.966722
-12.297000 -39.659000 -9.491000 9.516632
-15.267000 -35.466999 -21.191000 8.666600
-31.358999 -35.705002 44.824001 10.097232
-30.874001 -43.162998 32.543999 8.771824
-18.304001 49.549999 38.547001 7.899979
15.160000 -10.373000 2.605000 8.415346
26.872999 -1.341000 -3.395000 7.414871
36.313000 -1.382000 5.555000 7.978606
-54.293999 -30.513000 -18.302999 9.042900
2.910000 28.648001 -18.444000 8.699218
-40.278999 45.027000 9.919000 7.967858
-70.740997 36.143002 -20.277000 8.461895
40.481998 4.764000 24.823999 6.903837
6.426000 -40.014000 32.834000 8.542927
-9.233000 -28.341999 -25.208000 7.644700
-79.508003 -32.439999 32.661999 9.462691
-71.162003 -38.257999 38.612999 8.824313
32.742001 -9.629000 -12.484000 7.791569
-75.699997 0.852000 38.382999 8.977338
-36.223000 -34.750999 11.831000 10.727448
-30.011000 35.605000 -13.308000 8.260839
-6.555000 -44.689999 16.188999 8.792959
9.912000 -10.377000 29.591999 7.643806
-77.524002 -16.215000 -20.988001 8.746735
2.550000 13.565000 -15.427000 8.796269
-71.247002 3.431000 16.535999 9.705751
-77.043999 36.613998 43.998001 8.296464
-66.305000 -46.543999 -15.436000 8.820717
-9.316000 -43.165001 14.204000 8.817067
8.518000 13.598000 2.586000 9.154405
2.527000 -37.396000 44.580002 8.989043
6.508000 -34.259998 -0.442000 9.200554
-68.095001 45.353001 7.858000 7.401340
-48.319000 -35.875999 -22.841000 8.273634
-72.315002 -0.969000 20.510000 9.586178
14.360000 28.594999 5.540000 8.359335
-21.264000 -46.493999 44.597000 7.968902
-12.276000 -48.230999 41.258999 7.855829
53.287998 7.261000 20.476000 7.092551
14.363000 4.863000 -5.893000 7.653540
9.072000 19.669001 47.909000 7.769860
5.817000 22.691000 8.581000 9.093169
-24.184999 -40.150002 50.276001 9.184241
-71.514999 -33.569000 38.490002 10.069217
-36.249001 35.198002 -21.469000 7.994433
15.359000 25.660000 -15.480000 8.407330
-51.252998 -48.632999 23.486000 8.836453
-67.248001 3.948000 -13.376000 9.185483
-6.189000 48.528999 20.766001 7.869568
10.928000 19.694000 15.279000 8.605670
-66.305000 -34.282001 -24.879999 8.004440
-57.307999 -42.997002 41.529999 8.519580
-80.387001 -7.373000 -12.461000 9.022190
-58.151001 48.037998 6.720000 7.889108
6.543000 40.138000 32.471001 7.237000
-77.047997 -6.596000 -23.156000 8.501383
55.318001 1.434000 18.358999 7.212564
-51.273998 49.462002 41.584000 7.321730
44.804001 1.649000 29.822001 6.323685
-72.231003 -1.080000 -24.698999 8.633356
-31.357000 43.745998 32.599998 6.959045
-69.172997 37.526001 -25.132000 7.762958
-66.259003 -42.409000 13.162000 8.744052
-32.139000 44.344002 -3.713000 7.650087
-33.974998 -45.437000 -15.616000 8.997967
35.754002 1.601000 44.040001 6.216749
-27.226000 -1.305000 -25.208000 7.414065
-69.657997 -25.341000 -12.563000 9.783671
-64.737999 39.125000 1.028000 8.664676
8.519000 31.723000 13.650000 7.938613
-68.117996 28.024000 21.431999 9.960876
-80.049004 -30.693001 -12.314000 9.257708
16.083000 -19.386000 -9.436000 8.771088
-41.967999 39.660999 -14.343000 8.425327
40.680000 1.644000 1.270000 7.656626
-67.288002 16.649000 -18.454000 9.567430
-63.273998 -34.237000 23.847000 10.175288
12.909000 -7.303000 16.914000 8.443337
8.867000 25.653000 35.533001 7.964000
-76.634003 36.022999 45.926998 8.458106
10.037000 13.469000 31.688000 8.191078
-75.074997 1.390000 11.663000 8.708481
20.702000 8.487000 -18.580000 7.497510
8.583000 10.215000 -12.522000 8.459620
-70.867996 35.939999 16.624001 8.804425
9.187000 -0.699000 -6.709000 8.167251
-67.870003 45.264000 26.709999 7.948852
9.184000 3.631000 41.405998 7.330245
-32.924000 40.323002 5.406000 8.392785
-30.080999 45.891998 -21.518999 8.188403
-57.292999 43.323002 47.672001 6.858897
-59.980999 -48.034000 -17.516001 8.125350
10.333000 18.667999 33.577999 7.690331
-21.336000 -48.958000 -3.430000 8.729654
-21.358999 38.830002 16.507000 8.391208
-77.622002 -1.930000 23.603001 8.861032
-48.199001 48.493999 21.098000 8.675788
-18.263000 4.602000 -25.208000 8.006419
51.025002 -7.356000 11.790000 7.646524
-18.261999 -34.166000 -24.905001 8.725228
-71.807999 -39.875999 17.510000 8.620208
-72.242996 -10.346000 -25.073000 8.502041
14.596000 -31.365999 -15.474000 8.426550
9.501000 38.594002 29.641001 6.974763
38.714001 9.780000 32.585999 7.207530
-27.634001 -38.229000 13.905000 10.121952
12.849000 -35.306000 26.603001 8.362000
-73.644997 18.767000 3.901000 8.935731
-45.264999 49.778000 -3.494000 8.129879
-15.234000 46.193001 11.034000 7.986208
-27.278999 -7.389000 -25.208000 7.207175
-52.470001 -41.923000 43.280998 8.154901
-10.632000 42.110001 20.563000 7.781404
15.435000 -10.345000 -0.394000 8.192845
13.041000 18.552999 9.803000 9.636894
-33.791000 32.473000 -18.582001 7.889214
-54.278000 -49.222000 35.521999 7.957896
-54.263000 -48.771000 23.490000 8.556293
-60.280998 -48.916000 29.499001 8.013332
-54.252998 -39.813999 -0.478000 9.877405
3.069000 -22.336000 -21.476000 8.179961
-67.026001 35.573002 2.835000 9.264553
-2.415000 -34.409000 -15.604000 9.195751
-66.324997 -46.804001 -6.462000 8.522143
-12.258000 -25.365000 -25.208000 7.526781
-31.201000 35.845001 16.823000 9.279113
34.203999 0.397000 25.031000 7.457646
-21.275000 -41.319000 44.541000 8.980474
-69.987999 19.605000 29.525999 10.273528
-71.364998 -38.390999 29.458000 9.014609
-24.297001 39.188000 -11.016000 7.826180
-69.544998 43.903999 8.793000 7.508104
52.444000 -8.935000 14.579000 7.657359
-35.680000 38.169998 23.492001 7.459514
6.879000 7.399000 49.651001 8.066577
3.469000 -34.965000 44.417000 9.299349
-45.305000 40.847000 32.542999 8.677581
6.996000 -20.346001 49.312000 8.632646
-75.403000 -0.494000 44.550999 8.777439
2.871000 1.566000 14.292000 8.680848
-33.227001 19.650000 -25.208000 7.616015
8.829000 -10.273000 12.391000 8.460949
47.074001 -1.352000 31.964001 6.296155
3.840000 -13.457000 16.375000 8.958240
-27.145000 32.183998 -15.898000 8.238947
15.226000 7.654000 29.542000 7.453796
-57.084999 45.820000 10.677000 8.091396
14.383000 8.255000 44.320000 6.879079
1.901000 38.918999 2.415000 7.992586
13.688000 16.916000 7.846000 8.922775
-79.551003 -32.467999 29.558001 9.375734
-38.844002 42.334000 4.458000 8.217236
-71.737000 13.677000 5.482000 9.033316
-47.969002 -38.820999 6.963000 9.474870
37.945000 1.664000 26.889000 6.840601
13.320000 2.982000 24.632000 7.908959
-71.774002 10.702000 26.590000 9.370341
-39.223999 48.952999 -12.455000 8.110618
7.897000 -19.099001 26.686001 9.041986
-3.360000 48.466999 4.741000 7.811888
11.728000 9.950000 -15.484000 8.125273
-68.818001 -16.224001 21.048000 10.346997
-57.259998 43.557999 14.360000 8.086578
-18.243999 10.712000 -25.208000 8.049935
11.145000 7.553000 -23.785000 7.938468
-79.565002 6.544000 -3.313000 8.379773
39.039001 -9.421000 -0.798000 7.809895
-21.259001 22.646999 -25.208000 8.087221
-80.422997 -10.331000 2.525000 9.205221
38.950001 1.667000 11.766000 7.757086
-71.615997 -19.277000 -12.362000 10.059282
10.580000 -25.476999 11.302000 8.497298
8.612000 1.050000 -18.486000 7.836539
14.363000 -19.341000 44.549999 7.751830
27.914000 -1.446000 45.374001 6.417689
2.507000 -0.801000 17.728001 8.988441
53.609001 -4.420000 2.492000 7.784158
-70.610001 17.417000 26.434000 10.018790
41.356998 4.407000 -4.537000 7.166991
-69.303001 43.859001 26.475000 7.872300
-0.264000 -40.358002 -25.031000 7.880422
-66.182999 10.543000 18.396000 10.483825
-48.390999 40.567001 13.447000 8.157359
-62.345001 -28.274000 20.591000 10.747350
14.437000 31.618999 2.507000 8.490451
8.593000 -25.355000 49.848999 8.461604
-68.692001 38.216000 41.658001 9.040864
-24.281000 -36.414001 -14.591000 9.217477
-70.325996 -1.495000 -6.507000 9.557662
-9.517000 -38.685001 6.088000 8.932533
12.935000 -3.587000 6.021000 8.329070
-66.553001 34.674999 -18.521999 9.076470
-15.277000 -48.195000 41.262001 7.802294
-6.156000 41.672001 2.664000 8.707805
-54.472000 -38.700001 -6.782000 10.348111
-68.789001 -28.368999 -24.884001 8.481131
2.659000 -36.999001 -24.966999 7.699244
-76.334000 28.601000 -0.433000 9.101163
-21.263000 -48.844002 -12.451000 8.733222
-68.572998 45.751999 -15.637000 7.792384
-70.973000 10.386000 35.337002 9.875263
-9.336000 49.535999 -12.464000 8.327628
0.912000 -13.399000 -13.704000 9.748277
-70.921997 28.628000 36.685001 9.325694
-39.263000 -40.275002 35.499001 9.984947
-79.960999 7.970000 41.421001 8.943815
12.513000 4.724000 14.410000 8.714878
7.192000 -15.214000 42.602001 8.464012
-9.301000 -22.414000 -25.208000 7.998099
-33.199001 -28.388000 -25.208000 8.346762
-68.302002 -45.271000 17.195000 8.068607
7.290000 42.145000 43.028999 7.387354
15.866000 -22.365000 -12.496000 8.601010
0.945000 4.450000 12.752000 8.761505
-77.096001 36.615002 41.532001 8.188693
-6.274000 49.782001 32.521999 7.927512
-65.004997 22.972000 18.909000 10.118024
-60.216000 -40.909000 29.568001 9.920152
-12.313000 -43.639000 12.560000 8.573679
6.093000 4.133000 47.748001 7.947335
6.941000 -7.341000 -15.433000 8.240723
-71.301003 -37.664001 47.686001 8.562440
-57.297001 -40.237999 2.533000 9.701992
-33.150002 -43.397999 -6.456000 9.066846
-9.219000 49.652000 26.556999 7.636386
-74.005997 25.325001 -11.351000 9.643685
-70.813004 -35.793999 -13.766000 9.081576
1.368000 33.465000 7.491000 8.702867
14.078000 22.655001 -18.355000 8.206853
12.660000 -31.282000 -21.961000 7.536066
-32.852001 40.644001 23.596001 7.417721
-68.867996 -34.495998 -6.450000 9.993603
-54.285999 -49.195999 26.549000 8.449235
-79.477997 6.903000 -0.355000 8.432622
15.873000 -13.344000 -12.464000 7.852179
-3.250000 37.466999 -25.172001 7.665931
-42.244999 16.677999 -25.208000 7.927814
-15.239000 -7.364000 -25.208000 8.336606
-24.563999 -35.473999 12.374000 10.534493
-12.915000 45.271000 49.214001 7.178366
-66.322998 4.639000 -24.782000 8.659840
-48.289001 -49.217999 35.544998 8.077829
-12.164000 -45.726002 10.975000 8.643979
7.597000 37.674000 17.499001 7.323384
7.604000 19.207001 -3.103000 9.443439
-76.387001 28.653999 9.619000 8.869982
-69.179001 7.662000 20.462999 9.922417
28.061001 5.128000 40.244999 6.157259
-68.370003 -31.806999 -21.599001 8.348122
2.456000 -30.962999 5.485000 9.245132
-54.228001 -4.399000 -25.208000 8.978005
11.613000 -36.945999 -0.521000 8.819304
-48.275002 7.640000 -25.208000 8.777983
-64.614998 -38.768002 48.785999 8.353794
9.990000 22.903999 38.328999 7.566745
-70.487999 7.241000 41.449001 9.616462
-21.306999 49.279999 35.604000 7.997979
-66.438004 45.577999 15.118000 8.026260
45.568001 -4.291000 31.223000 6.224322
-67.495003 -32.620998 -10.440000 9.611664
49.296001 1.163000 -4.989000 7.694141
32.724998 4.544000 -17.180000 6.665101
26.400000 -1.378000 -9.449000 7.069728
-72.250000 -4.025000 10.908000 9.470952
-39.598999 -39.217999 -6.324000 9.864186
-77.094002 36.839001 14.539000 7.635097
-71.819000 -25.351000 -6.512000 9.895319
8.382000 -7.451000 -9.367000 8.003280
-36.212002 34.673000 -15.780000 8.375508
-21.288000 47.645000 -18.724001 7.334405
-47.304001 -44.813999 16.122000 8.628762
-70.193001 3.875000 32.601002 10.154300
3.509000 39.328999 -6.485000 8.126819
-35.733002 47.655998 38.716000 7.130784
-77.058998 -36.252998 38.922001 8.889981
21.162001 9.186000 -17.094999 7.503039
-33.292999 -1.368000 -25.208000 7.475605
-72.282997 -13.359000 50.451000 9.431197
-8.676000 42.292000 22.997000 7.475634
-79.681000 32.943001 26.680000 7.653877
1.362000 48.200001 33.266998 7.217501
-54.165001 -47.127998 -18.659000 8.016020
1.031000 -19.339001 9.642000 9.396638
-33.217999 7.647000 -25.208000 7.530532
8.465000 40.278000 -24.364000 7.501984
5.646000 2.003000 11.270000 8.159990
17.570000 9.293000 41.039001 7.151264
6.548000 4.006000 -3.512000 8.436600
4.504000 -19.339001 2.265000 9.629241
-48.284000 40.466000 32.504002 9.289466
2.803000 -16.448000 -16.438999 9.417196
-37.313000 -39.055000 -0.168000 9.597913
-69.108002 37.977001 38.479000 8.935349
-62.285000 25.629999 -18.353001 9.178726
-27.309999 -46.963001 38.577000 7.985617
-18.271999 47.799000 19.667000 7.905630
-51.575001 -38.511002 -12.852000 9.422227
-45.252998 -48.626999 38.569000 7.757002
5.797000 -43.404999 26.573999 8.914165
3.084000 22.655001 -21.475000 8.362493
14.016000 -4.611000 26.634001 7.178188
-68.761002 -1.211000 47.388000 9.432691
-32.997002 35.382000 47.554001 7.796707
-48.257000 25.657000 -25.208000 7.895508
2.400000 4.630000 11.682000 8.313195
-51.294998 25.669001 -25.208000 8.030659
-69.382004 40.301998 50.188000 8.254906
-48.327000 49.691002 26.549000 8.107468
-69.469002 -43.408001 -6.462000 8.319415
-42.222000 -7.376000 -25.208000 7.485114
7.773000 10.538000 -9.301000 7.875486
1.729000 48.327000 -0.605000 7.894446
-67.357002 22.419001 12.772000 10.273876
-68.989998 13.624000 20.700001 10.004495
-80.329002 -22.393999 5.502000 9.229043
-78.078003 -31.372000 8.533000 9.102450
38.715000 4.657000 -15.756000 6.860832
13.106000 -19.315001 -19.813000 8.039576
2.953000 1.285000 -18.445000 8.454766
-66.251999 34.584999 11.887000 8.851681
3.130000 -34.554001 41.486000 9.363582
16.039000 -25.414000 -6.458000 8.825401
-36.323002 -16.364000 -25.208000 7.215612
-62.514999 48.398998 -15.066000 7.119787
-15.223000 -35.874001 -22.816000 8.582266
-15.229000 -43.396000 14.449000 8.803950
-2.261000 34.536999 -6.537000 8.785128
-0.287000 -43.050999 49.959000 7.890111
-35.146999 -38.418999 45.584000 9.554408
-66.525002 34.412998 -15.659000 8.823581
-18.229000 49.491001 -12.470000 8.353973
-33.053001 -37.409000 49.709999 9.573020
14.573000 -7.335000 2.533000 8.243319
8.411000 -7.246000 13.630000 8.520809
-66.392998 -45.150002 10.819000 8.344134
-39.250999 -47.221001 41.526001 7.739914
49.632999 -9.011000 2.969000 7.446980
20.691999 4.701000 -21.917999 7.149969
-3.382000 -48.259998 -15.314000 7.920237
-3.359000 -33.967999 -12.427000 9.643755
-31.311001 40.895000 -6.432000 7.745452
45.044998 9.553000 14.241000 7.606248
-65.164001 39.650002 -6.513000 8.723282
16.000999 -13.382000 -9.463000 8.456715
8.811000 -0.490000 47.726002 7.140553
6.548000 -43.979000 5.576000 8.511723
-60.206001 -33.425999 13.440000 10.051992
5.366000 22.591999 20.511999 8.780816
-51.403999 45.240002 15.894000 8.452336
-45.252998 -45.597000 -20.714001 7.971737
-30.510000 -40.532001 20.458000 9.167223
11.406000 -1.282000 35.312000 7.863278
30.674999 -6.296000 -1.676000 8.066832
8.378000 1.155000 8.883000 8.369858
-15.224000 49.824001 29.473000 7.944443
-78.112000 -34.438000 26.502001 9.144213
-39.189999 47.637001 5.667000 8.138942
-72.036003 0.984000 -3.416000 8.702913
-69.260002 34.606998 11.543000 8.372689
11.308000 37.346001 35.542000 7.455584
8.664000 35.015999 11.898000 8.035879
3.566000 -0.476000 29.472000 8.235282
-0.566000 1.432000 -21.461000 8.365143
-58.660999 39.091000 25.233999 8.328898
-59.958000 -38.917999 -5.366000 9.662460
-72.878998 -28.372999 41.539001 9.947470
-15.264000 46.383999 17.542000 7.877022
38.949001 4.764000 42.306000 6.531687
-6.240000 34.976002 -24.496000 8.217270
-3.246000 -40.710999 44.546001 8.846510
28.671000 -4.740000 -2.342000 8.208018
-65.947998 4.757000 -14.954000 9.715208
15.095000 -31.365999 -12.424000 8.533255
-67.580002 -10.659000 19.143000 10.554296
-66.264999 46.776001 5.486000 7.730412
2.051000 34.379002 21.155001 8.297060
-75.330002 -37.321999 -9.431000 8.874648
-65.668999 -28.024000 24.476000 10.364827
-51.365002 -44.279999 -22.323999 7.554809
-71.716003 4.782000 -0.478000 8.803728
20.655001 9.277000 41.144001 7.468511
-71.971001 40.269001 -6.458000 8.131771
-39.362999 -35.874001 -22.816999 8.616111
-62.639999 -48.124001 23.874001 8.404994
-42.214001 -37.710999 13.519000 9.450365
6.107000 -22.416000 47.564999 8.373920
40.931999 7.303000 -4.643000 7.421329
14.944000 31.641001 -9.475000 8.716116
6.791000 -3.140000 28.747999 8.007327
-1.631000 22.500999 -22.806999 8.602780
32.215000 -1.412000 0.433000 7.789563
17.705000 -4.378000 -22.242001 7.352571
5.562000 -10.335000 -0.478000 9.381402
-42.238998 40.938999 32.583000 7.915299
-32.820000 -42.950001 13.986000 9.023144
-1.881000 -29.542999 -13.653000 9.887375
-19.285000 39.039001 16.198999 8.483061
4.599000 45.592999 32.820999 7.165036
-75.612999 19.756001 12.403000 9.424676
38.098999 -4.348000 17.503000 7.738621
-70.568001 -10.330000 22.412001 9.988063
7.552000 42.938999 -12.557000 7.885194
-4.198000 -47.957001 40.416000 8.241980
5.061000 -28.186001 32.598999 9.555405
8.356000 -31.233999 13.282000 8.987255
-67.987000 -5.537000 -14.105000 10.029089
-12.220000 46.377998 17.493999 7.773163
-36.287998 -39.813000 44.487000 9.145775
0.998000 -3.208000 6.693000 8.925925
-48.250999 -40.243000 2.543000 9.778292
-0.601000 -28.340000 17.590000 9.853463
15.751000 10.661000 26.538000 7.196427
39.308998 -7.074000 17.615999 8.212550
-67.889999 10.639000 -21.778999 8.404689
-42.215000 -40.400002 13.745000 9.111741
-0.272000 -45.055000 10.398000 8.692183
2.858000 37.443001 44.520000 8.402246
2.974000 -28.351999 -24.688000 7.815591
-74.171997 -22.406000 35.519001 9.955940
2.740000 47.271999 -15.476000 8.040755
-31.333000 -43.414001 26.660000 9.242851
-3.444000 48.437000 -17.868999 8.140373
-63.321999 -40.209999 13.704000 8.647451
-76.138000 -10.392000 48.326000 9.307189
8.535000 -0.439000 17.212000 8.208055
-9.256000 -48.860001 38.536999 8.076942
-73.447998 16.347000 3.421000 9.094239
5.727000 -39.272999 2.594000 7.904236
7.336000 35.925999 -6.404000 8.102277
-48.264999 -34.198002 -25.020000 8.240871
-0.308000 -30.448000 -18.511999 9.136793
-70.249001 -16.534000 22.976999 10.070337
9.547000 7.692000 32.536999 7.476942
23.823000 -1.399000 -5.647000 7.513030
-76.836998 9.281000 -23.253000 8.538090
-33.970001 -45.502998 23.409000 8.800398
14.337000 8.097000 -18.566000 7.497084
-5.460000 -41.749001 47.970001 8.464138
-81.066002 25.690001 26.549999 7.855639
-75.380997 0.708000 44.652000 8.658093
38.737999 4.657000 -3.069000 7.386612
-51.271999 48.862999 -15.513000 7.602917
-6.519000 -42.980000 47.812000 8.473038
15.540000 -28.360001 38.558998 8.717155
4.086000 -6.140000 3.665000 9.029091
-77.133003 5.025000 46.575001 8.905895
-9.091000 -38.032001 -12.930000 9.522232
-77.655998 10.501000 -21.270000 8.251192
-60.332001 40.481998 5.576000 8.528321
-57.297001 -45.421001 15.185000 9.280741
-25.555000 -47.838001 -13.739000 8.625306
-69.378998 -43.578999 -24.714001 8.116271
8.336000 4.803000 -9.336000 7.683750
-36.210999 -38.159000 -3.514000 9.781987
-48.265999 -30.847000 -21.521999 8.358882
-54.243999 -48.915001 2.552000 8.954414
-36.297001 16.620001 -25.208000 7.614442
20.719000 -9.616000 44.554001 6.970144
29.398001 1.668000 41.637001 6.452678
-72.239998 28.591000 -25.073999 8.171085
-6.227000 -40.240002 32.560001 9.018641
-54.273998 22.643000 -25.208000 8.254713
-66.407997 -31.903000 -12.882000 9.980858
-77.313004 -1.966000 44.415001 8.903255
15.613000 28.638000 -12.489000 8.601520
7.371000 7.613000 -16.615999 7.850479
2.536000 -30.785000 -3.448000 9.969807
-30.549999 -37.604000 32.573002 10.365256
-35.504002 47.806000 35.500999 7.406676
-65.986000 38.445999 17.552999 8.490584
-71.710999 -4.331000 -0.498000 9.368390
-6.277000 37.705002 14.120000 8.135509
16.025999 25.598000 32.536999 7.666696
-69.789001 19.622999 23.552999 10.298755
-31.245001 35.852001 32.549000 8.230044
-68.829002 -19.327000 -24.899000 8.325335
37.101002 6.293000 24.972000 7.162615
-72.233002 0.752000 32.591999 9.638705
-63.766998 -38.179001 -3.651000 9.725330
0.458000 -4.326000 -16.278999 8.766869
-59.258999 42.206001 -8.169000 8.039631
-12.259000 -36.970001 12.072000 10.000789
5.004000 32.494999 -3.445000 8.879026
-30.979000 40.563999 -0.453000 8.425690
-71.929001 7.633000 2.510000 8.467121
-81.195999 25.641001 -6.491000 7.786065
-24.306000 39.883999 47.474998 7.189394
11.269000 2.168000 -18.538000 7.754097
-71.347000 10.700000 5.263000 9.025449
-45.567001 41.717999 -9.877000 8.638872
16.016001 25.657000 29.475000 7.885134
7.811000 38.186001 44.612000 7.249643
2.829000 7.644000 11.824000 8.223007
-76.274002 -31.438999 48.277000 8.569452
9.805000 19.816999 32.459000 7.886311
-78.780998 34.679001 26.556999 8.197349
8.680000 31.652000 41.514000 7.557105
-33.011002 -43.325001 -24.525999 8.070118
-72.959999 -22.344999 5.561000 10.221587
-72.234001 31.702999 47.658001 8.679235
15.793000 -13.354000 38.535999 7.591709
-57.280998 49.626999 26.510000 7.888119
12.598000 -28.356001 -21.983999 7.562315
17.712000 4.937000 -5.331000 7.634133
-28.695000 39.027000 -7.732000 7.692832
-18.263000 -39.819000 20.872000 9.218146
-1.640000 39.305000 -0.214000 8.520479
-45.284000 35.199001 -21.471001 8.218719
-24.250000 -39.612000 -6.505000 9.835030
-76.745003 -35.853001 30.837000 9.231777
33.789001 -8.604000 42.743000 7.077859
11.155000 -31.525000 -23.830999 7.433127
-69.509003 -39.661999 -18.429001 8.751921
-27.274000 -28.351000 -25.208000 8.341321
-63.521999 -34.966000 -21.370001 8.650295
-45.299000 47.172001 17.521999 8.212885
5.401000 -31.434999 -25.111000 7.609431
2.420000 22.671000 -15.680000 8.602141
-30.367001 37.560001 -24.858000 7.764745
-75.613998 -0.295000 26.643999 9.583493
-15.070000 -44.327999 -22.445000 7.660901
38.799000 9.823000 -6.442000 7.925395
-80.084000 25.527000 4.689000 7.907628
-60.946999 -38.497002 6.512000 9.382758
11.737000 -1.351000 23.500000 7.579710
-79.583000 -25.886000 6.559000 9.112445
-74.019997 -27.968000 35.758999 9.693762
1.379000 48.206001 24.500999 7.396264
-42.195999 43.749001 -24.822001 7.344294
-60.292999 28.624001 -25.208000 8.412629
-69.235001 -43.160999 11.749000 8.686790
-3.272000 -40.124001 41.568001 8.582420
-60.221001 31.931000 17.639000 10.310147
-30.409000 34.973000 -24.385000 8.493592
1.118000 16.726000 12.923000 9.062077
14.088000 -16.292999 -18.365999 8.380547
-75.421997 28.664000 -6.469000 9.393397
2.424000 -13.347000 12.292000 9.286150
13.672000 31.443001 -18.350000 8.384239
-1.783000 3.067000 -20.103001 8.765522
-51.238998 -22.393999 -25.208000 8.844687
16.038000 -13.381000 29.565001 7.638281
-73.369003 -19.320999 2.486000 9.754937
-45.180000 -38.551998 -13.503000 9.341969
-64.568001 48.096001 40.679001 7.264324
12.454000 -34.749001 20.457001 8.491280
-66.245003 -36.965000 -24.750000 8.602732
-60.240002 -1.431000 -25.208000 8.832411
2.949000 -39.389000 8.696000 8.386387
-60.243999 37.370998 -25.160000 7.687097
-65.630997 38.547001 -15.482000 8.102551
4.957000 -32.308998 20.555000 9.597122
-77.070999 1.529000 15.022000 8.722139
-21.194000 -38.555000 19.240999 9.608272
-57.992001 38.896000 9.905000 8.864785
27.972000 1.567000 45.431999 6.463903
-2.030000 -32.737999 25.370001 9.832309
-81.166000 -25.403999 29.521000 9.418639
-31.136999 -43.279999 -3.497000 9.004294
-45.269001 -1.327000 -25.208000 7.934899
-67.156998 10.646000 -21.282000 8.684031
-24.268000 -48.451000 -9.463000 8.819300
28.521000 1.698000 43.979000 6.192456
-21.507999 47.888000 6.409000 8.156695
-21.236000 49.334999 26.487000 7.525952
-9.296000 -33.980000 14.500000 10.040771
-63.410999 -45.585999 15.033000 8.531527
-57.271999 13.655000 -25.208000 8.835546
-75.406998 37.854000 20.509001 8.069531
4.615000 32.824001 20.035999 8.334066
-61.187000 -32.448002 22.302999 10.488290
-63.396000 -34.250000 -15.330000 9.579336
-69.558998 34.508999 -12.427000 9.294464
26.278000 7.214000 46.641998 6.999764
11.490000 -13.420000 11.186000 8.506097
-30.496000 -37.914001 29.535000 10.074721
-6.388000 -33.523998 14.006000 9.631495
37.832001 -4.450000 27.080999 6.826660
-66.446999 -40.087002 50.313999 8.603731
-62.327000 -44.695000 9.811000 8.851113
5.727000 -0.641000 -15.451000 8.035222
-9.296000 36.112000 -26.245001 8.145176
-75.807999 38.341999 26.502001 7.883048
15.378000 28.615000 -0.448000 8.492348
-5.567000 -38.332001 -6.424000 9.782282
-66.485001 -19.316999 -15.519000 9.924009
-79.363998 13.517000 45.316002 8.905523
-2.129000 -10.802000 -16.597000 9.144795
-81.154999 -25.344999 32.569000 9.261705
27.941999 -7.480000 45.625000 6.951662
7.211000 -7.930000 -17.079000 8.413169
-27.563999 40.452999 14.613000 7.839965
48.859001 9.025000 2.566000 7.680542
-79.166000 22.712999 44.959999 9.038774
-80.989998 25.610001 -12.415000 7.987192
-51.200001 -49.306000 -6.405000 9.481044
-75.745003 38.037998 17.669001 7.570301
-0.363000 30.431000 -12.425000 9.377525
-77.569000 37.337002 -21.490999 7.618881
13.825000 -33.914001 2.476000 8.777895
-45.255001 49.652000 38.508999 7.300706
8.331000 -12.312000 40.430000 7.696624
-63.575001 25.639999 -24.690001 8.709837
-45.216999 43.181000 8.345000 8.074306
31.145000 4.233000 -17.013000 6.557708
-48.238998 40.394001 29.490999 9.205028
-69.303001 16.659000 -15.286000 9.413804
6.524000 4.128000 2.678000 8.362989
-18.245001 -43.498001 -24.430000 8.065070
-48.263000 35.198002 -21.485001 8.257174
-62.909000 48.571999 26.497999 8.000546
45.122002 4.587000 -5.553000 6.984133
3.528000 -0.525000 47.532001 7.872379
-27.209000 -31.691999 -24.714001 8.104628
-39.220001 37.365002 14.215000 8.353379
-60.202999 19.643000 -25.208000 8.370646
-48.278999 42.868999 41.494999 7.900205
-17.938999 -48.006001 4.435000 8.853950
10.079000 -27.684999 48.891998 8.652441
6.274000 -28.347000 44.561001 8.944635
-79.228996 -7.334000 -18.510000 8.725318
9.173000 14.265000 13.186000 8.771564
-80.022003 -7.748000 -15.185000 8.869442
7.271000 -16.518999 44.307999 8.183326
11.494000 -7.219000 45.629002 7.166442
-64.384003 -47.633999 29.820999 8.250461
-21.183001 -35.117001 -15.685000 8.837183
-64.228996 38.669998 40.542000 8.787238
-75.477997 -38.025002 2.462000 8.773730
45.143002 1.604000 -5.566000 7.121323
-9.039000 -41.555000 49.973000 8.675497
-67.246002 28.726999 12.776000 9.611867
-0.311000 -30.986000 17.594000 9.408327
2.741000 32.066002 17.579000 8.563705
-1.637000 -10.082000 -22.830000 8.356105
2.110000 -10.370000 7.929000 9.390831
-3.221000 48.948002 -15.452000 7.971153
-28.575001 -38.653000 45.347000 9.226935
5.482000 -7.290000 -3.447000 8.590687
9.130000 38.695000 26.323999 6.997442
-30.054001 -37.276001 14.476000 9.824256
-67.155998 -4.341000 -21.240999 9.222207
-70.277000 28.687000 35.187000 9.349982
-60.140999 43.804001 13.897000 8.295921
15.962000 -22.363001 26.580999 8.951802
16.108000 -19.368999 -6.544000 8.632141
0.328000 -4.301000 11.728000 9.338624
-15.261000 40.528000 29.504999 8.992899
-72.161003 40.310001 23.554001 7.708467
13.273000 -13.314000 46.054001 7.352136
48.507000 -7.696000 30.840000 7.550471
-71.172997 -28.184000 -6.408000 10.185633
-9.310000 40.414001 35.522999 8.774261
50.071999 -4.526000 13.455000 6.969867
-9.247000 -42.444000 38.521000 8.509471
-69.141998 -43.290001 20.541000 8.343509
15.967000 -16.351000 38.533001 8.066496
-70.434998 -28.757999 13.333000 9.555840
-43.794998 42.092999 49.032001 6.787485
5.801000 -39.960999 50.194000 7.658496
-30.664000 -43.291000 20.534000 8.945756
-30.642000 -43.318001 14.149000 8.751291
-75.691002 -10.363000 35.514999 9.268134
-35.895000 47.410999 -6.456000 8.273899
14.668000 1.671000 32.179001 7.916401
5.770000 40.341999 -24.743000 7.674888
-70.848999 -30.042999 -3.521000 10.316761
24.216999 9.207000 -17.245001 7.328650
-25.617001 -47.828999 36.678001 7.975943
-6.520000 -45.410000 10.632000 8.768733
-55.972000 -44.749001 -22.795000 7.735304
-60.303001 16.671000 -25.208000 8.660355
-33.452999 45.785999 17.388000 7.772830
-5.462000 -41.499001 38.652000 8.840746
-30.472000 -37.611000 26.509001 10.129142
30.922001 1.593000 -17.051001 6.587804
-72.198997 28.620001 -12.451000 9.629894
5.766000 35.548000 41.582001 8.001114
-15.253000 40.689999 12.155000 8.256755
-67.649002 -2.397000 49.462002 9.138327
-80.226997 16.680000 44.097000 9.072849
-13.179000 -47.792999 6.753000 8.893926
-1.350000 -7.000000 -17.417000 8.780525
13.479000 -5.001000 20.851000 8.576605
-71.144997 43.139999 12.379000 8.055289
-70.695999 36.296001 -18.610001 8.357641
-71.267998 -38.127998 41.585999 8.769881
-70.681000 -21.462000 9.902000 9.993756
37.681000 -1.352000 17.541000 7.792042
-66.236000 -42.868999 49.827999 8.114685
-72.597000 -7.336000 5.552000 9.123983
-60.414001 -38.569000 -6.774000 9.710073
6.620000 -25.403000 35.527000 9.243577
-77.780998 -31.365000 -21.531000 8.865437
13.750000 -5.036000 -12.447000 7.754457
6.608000 -3.853000 47.345001 7.162962
-70.582001 3.354000 -7.540000 8.923090
8.112000 1.052000 -15.590000 7.934665
-68.313004 -45.290001 23.679001 8.320125
0.697000 -47.605000 -3.388000 9.553962
54.845001 4.697000 17.558001 6.996144
12.901000 34.758999 -18.559999 8.275505
-42.250999 -10.380000 -25.208000 7.634765
-9.278000 -45.558998 -20.848000 7.681528
-12.239000 -37.136002 8.522000 9.747016
-18.268999 -42.195000 38.549999 8.742628
-81.079002 -22.363001 38.502998 9.115533
13.275000 -28.330999 7.108000 8.526839
-60.212002 40.715000 11.518000 8.706472
6.314000 -25.358999 44.555000 8.949124
-71.610001 37.981998 9.005000 8.225551
3.071000 -13.397000 -21.468000 8.001775
2.804000 -30.972000 23.539000 9.866385
-68.967003 -25.343000 -26.780001 8.602640
-63.813999 10.772000 17.087000 10.786832
7.642000 -40.111000 -3.407000 8.332645
3.195000 1.527000 -12.665000 8.386294
36.226002 8.914000 39.046001 7.069946
29.416000 -4.353000 41.672001 6.316652
-70.688004 36.328999 4.815000 8.688724
-79.843002 -20.096001 7.233000 9.210713
11.539000 2.014000 -9.567000 7.825329
55.327000 1.268000 19.893999 7.500796
3.069000 10.612000 -21.459999 8.248289
-24.226999 1.597000 -25.208000 7.704698
6.110000 43.779999 17.593000 7.581541
9.130000 -4.298000 12.057000 8.556565
-51.247002 48.577000 43.945000 7.538783
-72.113998 7.820000 -12.323000 9.537993
-70.799004 -35.723000 3.026000 9.388643
-15.236000 -13.437000 -25.208000 8.198739
-80.583000 19.670000 23.527000 9.031129
-9.317000 49.827999 29.539000 8.061962
-36.389999 -45.130001 15.477000 9.166367
-48.265999 38.223999 13.331000 8.376311
-18.239000 40.060001 35.603001 8.973356
-77.366997 -2.305000 2.520000 8.601999
-64.334999 -2.249000 -16.301001 9.843691
-70.905998 -35.466000 5.791000 9.516086
-71.261002 22.638000 47.492001 8.944222
-32.945999 -38.028999 32.601002 10.210958
-81.148003 -13.417000 26.547001 8.765877
52.709999 4.400000 -0.027000 7.476001
-61.889000 -19.473000 -18.507999 9.418272
-27.309000 -37.853001 2.588000 9.946898
-30.488001 43.354000 49.973999 6.644920
-54.229000 49.665001 -12.422000 7.476254
-68.690002 45.931000 41.612999 7.659800
-81.245003 -16.393000 29.561001 9.388757
12.160000 22.629000 47.585999 7.578864
-73.783997 -17.980000 30.938999 10.220001
-65.609001 45.124001 -22.927999 7.714272
-66.586998 22.601999 19.742001 9.965462
-23.933001 48.569000 -12.414000 7.934704
-66.167000 -38.013000 -18.506001 8.635565
38.999001 1.601000 14.281000 7.599817
-74.504997 -7.775000 35.588001 9.075585
-76.263000 -19.202999 -22.378000 8.536020
0.857000 13.640000 14.324000 8.614911
-0.200000 -45.944000 8.551000 8.695999
-57.280998 42.958000 -24.010000 8.346220
1.288000 48.161999 -14.115000 8.006047
-37.148998 48.403000 -9.657000 8.318259
7.309000 -41.999001 -2.905000 8.540699
-70.862000 -18.518999 24.799000 10.113500
-70.818001 -24.030001 -11.093000 9.844059
12.102000 -28.368000 8.631000 8.562760
35.313000 9.347000 38.034000 7.232957
4.736000 45.602001 41.692001 7.030034
4.964000 -10.365000 -26.836000 8.214358
-0.261000 48.785999 32.551998 7.381882
-21.290001 38.485001 9.287000 9.083620
-80.694000 -16.391001 23.575001 8.845697
-74.730003 16.735001 -23.954000 8.179887
-68.959999 7.924000 -14.502000 9.155416
-80.052002 31.058001 23.743000 7.948833
0.007000 37.676998 14.138000 7.563977
-27.618000 -40.382000 10.881000 8.903952
15.126000 -19.351000 -15.483000 8.488443
-32.994999 35.164001 44.571999 7.847904
54.077999 -1.393000 2.527000 7.398983
1.582000 33.806999 5.468000 8.910956
15.474000 19.608000 41.563999 7.779767
-78.918999 -4.220000 2.551000 8.691629
6.389000 43.724998 23.502001 7.101416
-66.587997 28.841000 20.163000 9.545272
-21.257999 -40.273998 -25.073000 8.307870
13.993000 28.645000 -18.448000 8.532198
-42.258999 -35.870998 -22.789000 8.231907
-66.366997 -0.994000 14.313000 9.498400
-57.248001 31.389999 -15.224000 9.344733
9.404000 31.612000 49.841000 7.511525
-42.855000 -47.973000 40.521000 7.908035
9.328000 13.625000 29.541000 8.015615
-42.210999 -49.063999 29.551001 8.727077
-67.887001 7.567000 -21.754000 8.685228
44.661999 -10.003000 -3.524000 7.874892
-75.069000 16.697001 14.217000 9.710540
5.441000 -38.735001 38.990002 8.240908
15.763000 -10.318000 -6.461000 8.131235
36.557999 -5.026000 -16.726000 7.144069
-71.670998 25.600000 41.568001 9.467498
-6.298000 -43.046001 14.418000 8.790802
-80.088997 22.802000 21.188999 8.242810
8.782000 -16.393000 32.535000 8.358250
-24.233999 -13.371000 -25.208000 7.352215
-29.983999 -35.530998 -13.612000 9.252018
7.322000 5.990000 24.853001 7.729752
-66.260002 46.782001 20.521000 8.093308
-70.107002 -43.900002 -0.323000 8.625462
-12.273000 -49.310001 35.528999 7.853232
-54.294998 42.377998 -8.641000 8.424645
-71.058998 8.125000 4.593000 9.094430
-81.196999 16.665001 -9.477000 8.290762
-68.987000 22.659000 -26.736000 8.133314
-79.388000 10.410000 5.904000 8.242194
-48.268002 -36.778999 -24.874001 8.196334
-42.237999 45.742001 46.910000 7.325764
-9.323000 48.743000 5.485000 7.854332
-74.890999 39.844002 -24.186001 7.455479
-24.256001 37.654999 -12.145000 8.221123
-67.919998 45.320000 -9.662000 8.511047
-63.263000 36.813999 -26.889000 7.501563
-51.259998 -45.549999 -20.889000 7.752474
20.766001 8.018000 35.481998 6.963688
-67.296997 7.654000 -18.511000 9.252365
11.201000 37.598000 8.461000 7.918377
8.980000 0.947000 -6.702000 7.911780
6.682000 44.195000 -0.400000 7.821954
-68.521004 -31.058001 27.422001 10.487788
-3.114000 42.904999 49.679001 7.384742
7.786000 -34.775002 13.885000 9.134250
-68.189003 32.844002 -18.417999 8.957390
-24.261999 -37.939999 -12.515000 9.147777
20.774000 6.652000 33.505001 7.472187
6.907000 22.936001 -0.583000 9.338162
-66.305000 46.776001 -9.424000 8.289481
-63.606998 -16.393999 -24.667000 8.753104
-62.908001 37.148998 32.581001 9.562490
-40.580002 42.081001 3.903000 8.379185
34.037998 3.375000 1.140000 7.849351
-63.271999 34.664001 17.523001 9.020113
-69.973000 -39.695000 29.622999 8.590721
-66.223000 37.681000 35.534000 8.530452
-71.492996 -4.348000 -3.458000 9.500027
-69.761002 38.324001 9.088000 8.355153
13.736000 -1.608000 -5.058000 8.238987
-48.297001 -48.155998 41.122002 7.870585
-71.112999 5.398000 32.409000 9.758535
-71.055000 -42.311001 42.416000 8.139812
-10.260000 48.188999 7.233000 7.994866
-42.286999 41.485001 29.562000 7.658178
-42.183998 -39.511002 -9.511000 8.877453
-21.318001 40.237000 -9.379000 8.540030
23.799999 9.326000 39.320000 7.199996
-27.205999 46.069000 8.422000 8.084435
-36.262001 46.935001 -21.483999 8.181644
-60.490002 47.870998 6.226000 7.876555
8.333000 -37.620998 20.540001 8.599492
-29.393000 -45.521999 32.869999 8.353859
-27.283001 34.931000 -24.563999 8.324934
4.161000 35.946999 35.330002 8.241571
-26.011000 -47.957001 -9.881000 9.123284
-45.273998 36.112000 -26.245001 7.636706
-29.219000 -45.351002 2.437000 8.777013
13.265000 33.278000 7.165000 8.297867
50.574001 -9.590000 14.269000 7.834601
-71.983002 -39.992001 -24.382000 8.279253
-64.436996 47.959999 29.368000 7.936519
-48.237000 -49.269001 -3.494000 9.530834
-70.913002 -1.377000 -0.437000 9.113823
-81.008003 -10.373000 26.524000 9.320572
30.868000 -4.149000 -17.106001 6.739473
-47.602001 47.914001 6.657000 8.321335
-15.462000 -47.556000 6.320000 8.682640
2.614000 -19.459999 -16.032000 9.762551
7.193000 -5.618000 -13.734000 7.958127
-31.023001 43.862999 2.479000 7.803467
2.657000 22.615000 17.648001 8.663745
-67.067001 -37.855999 44.576000 9.152875
-21.230000 43.645000 50.075001 6.961016
41.900002 -10.032000 -6.186000 7.910151
32.736000 -7.286000 43.456001 6.845194
-71.168999 5.227000 2.079000 8.744834
14.661000 -22.330000 20.485001 8.902018
-9.775000 33.129002 -13.959000 8.691257
-2.543000 38.316002 16.393000 8.237370
36.685001 -4.293000 5.500000 7.671251
-21.284000 -39.021999 2.530000 9.676319
-69.176003 38.000999 23.694000 8.548319
15.315000 28.622999 38.567001 7.743838
-21.263000 -47.217999 5.642000 8.944902
-70.399002 7.342000 13.293000 9.223502
-77.319000 -36.723999 20.452999 9.250776
-66.929001 1.431000 11.796000 9.621515
-72.186996 0.631000 -0.576000 8.745283
14.074000 4.739000 -0.517000 8.483371
4.468000 -25.374001 2.507000 9.555700
-12.261000 49.731998 38.549000 7.716084
-51.283001 10.613000 -25.208000 8.870410
13.978000 19.700001 8.437000 9.653585
-76.902000 -33.250000 10.289000 8.919908
-71.787003 -39.918999 32.546001 8.648184
-45.241001 25.683001 -25.208000 7.996212
45.320999 7.641000 -3.448000 7.363317
-62.933998 22.627001 -21.533001 8.632445
-6.165000 -35.044998 12.478000 9.692055
5.735000 -39.952000 14.239000 8.163307
-79.024002 -4.084000 29.610001 9.294745
-53.646000 45.247002 15.933000 8.199947
12.433000 13.717000 -21.777000 7.577407
10.503000 37.332001 11.306000 7.929375
-67.356003 39.355000 -12.857000 8.090378
4.320000 -19.532000 -8.345000 9.657184
-9.513000 48.464001 43.685001 7.272096
55.348000 -1.243000 20.021000 7.452489
8.457000 10.602000 49.769001 7.607949
-68.960999 1.955000 11.299000 9.320593
5.764000 -43.542999 -24.405001 7.475986
-16.962000 -41.879002 45.359001 8.718059
-36.257999 47.390999 44.558998 7.481028
-18.403999 47.792999 45.275002 6.926768
1.134000 -29.768999 25.478001 9.731481
-24.264000 46.471001 -21.474001 7.991181
-63.438000 -37.181999 13.879000 9.547334
15.962000 25.642000 -3.473000 8.620213
13.978000 -4.537000 35.449001 7.409056
9.579000 -29.280001 13.291000 8.765121
-27.261999 -43.514999 -24.747000 8.020910
12.714000 35.433998 -0.483000 8.248248
-79.542000 6.730000 23.077000 9.030454
6.797000 -7.687000 -12.937000 8.274374
-70.258003 4.011000 26.436001 9.955913
13.778000 -33.858002 26.563000 8.651901
-51.265999 37.528999 11.461000 8.722668
-32.643002 -34.421001 14.137000 11.091015
47.717999 -9.850000 23.563999 7.504895
-51.375999 42.375000 -8.589000 8.427601
-28.587999 -35.743999 -13.819000 9.112832
8.693000 -9.857000 -9.827000 7.952908
-72.007004 0.806000 -6.240000 8.906598
-78.485001 34.605999 -21.429001 7.642110
-69.390999 -43.431999 29.566000 7.963663
3.443000 -4.170000 2.638000 8.999925
-18.242001 40.985001 23.514000 8.335104
-51.259998 43.174000 5.485000 7.963926
29.469999 4.622000 41.706001 6.241155
-9.599000 -36.929001 21.237000 9.812901
-56.582001 -38.901001 7.084000 9.424719
-63.993999 19.608000 15.120000 10.778449
32.907001 9.424000 33.021999 7.375411
46.633999 -9.158000 -5.437000 7.702840
17.707001 1.626000 -22.594999 7.371742
-63.507999 -37.358002 26.323000 9.786357
-36.152000 -46.957001 29.562000 8.779987
-73.084999 6.928000 -9.707000 8.548234
-15.276000 36.743999 -11.454000 8.660526
14.671000 4.691000 -21.819000 7.247535
20.747000 -7.496000 47.680000 6.798023
-21.311001 43.564999 -24.313999 7.505079
-4.278000 -36.574001 30.069000 9.770805
-54.207001 -49.304001 32.502998 8.176060
13.897000 -4.300000 41.488998 6.965261
-30.406000 40.636002 -24.750000 7.315174
10.440000 9.056000 -11.068000 8.049867
3.542000 -39.007999 -9.386000 8.291447
-75.378998 38.084000 14.090000 7.375725
-3.258000 45.840000 15.154000 7.686989
-73.832001 -38.909000 22.514999 8.865040
8.839000 10.599000 -25.027000 8.094335
-29.077999 -44.880001 46.075001 8.027989
11.385000 -37.150002 8.474000 8.365932
11.242000 7.712000 38.500000 7.488129
-34.819000 -38.842999 28.052000 9.955204
-70.961998 42.445999 -6.316000 8.063843
-51.230999 -30.173000 -18.370001 8.766461
6.883000 16.586000 6.391000 8.973948
-33.263000 37.536999 11.239000 8.868313
-7.954000 -38.708000 25.233999 9.503303
-71.653999 37.748001 41.554001 8.867991
6.617000 -43.889000 -18.406000 8.475651
-31.274000 -37.361000 -15.429000 9.137286
-6.257000 49.771999 -3.486000 8.038189
-42.242001 -48.945999 -9.477000 8.987715
-26.889999 -39.841000 32.480999 9.955019
-62.632000 48.428001 23.740000 7.957443
-80.470001 -7.314000 29.563000 9.205286
-66.517998 -10.364000 -15.790000 9.920904
8.798000 10.616000 -3.449000 9.157256
6.664000 44.133999 -3.622000 8.130855
-68.955002 -34.341000 -24.806999 8.022822
-18.263000 40.955002 20.495001 7.874732
-57.231998 -40.844002 29.483000 9.856821
39.351002 -4.268000 14.275000 7.689877
-76.033997 25.659000 -6.507000 9.157825
-39.270000 36.823002 -26.886000 7.267082
-57.283001 -31.716999 -24.677999 8.105864
7.012000 37.006001 23.749001 7.543982
-24.047001 35.423000 -13.545000 8.026694
-71.316002 -10.430000 23.878000 10.105427
13.776000 33.904999 -6.425000 8.200605
3.701000 1.220000 44.514999 7.529222
-69.139999 -28.170000 26.853001 10.304471
-3.053000 -31.076000 -15.395000 9.376388
-0.275000 37.417000 -12.422000 8.419762
4.226000 3.284000 6.730000 8.646134
-21.243999 48.685001 41.500000 7.474403
1.430000 27.365000 18.784000 8.535601
-77.888000 -1.245000 8.517000 8.769946
-64.661003 -47.811001 -6.366000 8.752444
-71.828003 -0.137000 -12.489000 8.929480
-54.285000 -48.426998 -15.432000 8.452933
5.262000 35.070999 26.622000 8.604359
-63.744999 47.766998 -15.799000 7.249495
11.071000 36.912998 -6.408000 8.464783
7.284000 -35.766998 29.268000 8.486343
26.563000 -4.390000 47.355000 6.711708
-63.000000 34.716000 -15.408000 9.416409
-31.347000 43.598999 29.478001 7.168825
44.741001 9.779000 23.482000 7.549652
-70.168999 16.698999 23.424999 10.056698
-15.249000 34.749001 -12.961000 7.998685
2.763000 47.000999 -18.427000 7.846738
4.108000 1.041000 -10.541000 8.287597
14.917000 -10.069000 -15.467000 7.360690
44.186001 6.854000 -11.586000 7.440727
44.637001 1.623000 38.599998 6.627804
9.222000 -7.478000 44.465000 7.116313
-70.257004 44.518002 20.660000 7.604258
14.864000 -7.384000 -12.447000 7.182037
-72.043999 -40.160000 44.578999 8.074962
-9.253000 41.596001 26.566000 8.157808
3.913000 -0.180000 49.529999 7.766809
-72.429001 19.663000 5.599000 9.545521
3.034000 16.509001 12.132000 9.051923
-69.764000 39.758999 35.515999 8.216515
4.224000 -2.897000 25.091999 8.564901
42.571999 5.186000 -13.592000 7.059798
-2.826000 -34.904999 -18.422001 8.967496
-39.279999 16.622000 -25.208000 7.588013
36.498001 9.228000 30.382999 7.710576
-66.008003 -0.987000 17.530001 9.882674
-74.833000 -19.410000 -24.066999 8.275131
-31.410000 -40.526001 -6.453000 9.309841
-12.279000 -34.386002 14.474000 10.029757
29.576000 10.224000 -12.577000 7.750968
-79.626999 -10.003000 19.361000 8.922547
13.074000 -31.372000 16.479000 8.534289
-42.263000 -40.485001 41.508999 9.284113
-67.286003 4.616000 -18.486000 8.987931
-70.008003 -39.620998 -9.383000 9.069174
-60.257999 -40.298000 -25.073999 7.987874
-63.248001 45.676998 15.094000 8.376602
-33.271000 28.660999 -25.208000 8.140471
6.665000 -6.705000 22.844999 8.367855
5.454000 13.622000 -25.181999 7.842379
5.423000 1.961000 47.397999 7.525427
15.744000 28.607000 -9.490000 8.468690
-15.258000 -39.220001 -6.421000 10.323855
9.332000 3.821000 44.816002 7.112060
-51.188999 -43.264999 14.476000 8.486543
-30.587999 37.354000 20.528999 7.759847
15.947000 -22.358000 38.529999 8.786276
-69.008003 1.250000 23.486000 10.036279
-67.291000 -10.373000 -18.509001 8.761211
-21.243000 36.810001 -26.921000 7.676571
-45.250999 -40.855000 29.499001 9.015330
-0.165000 40.442001 38.541000 7.506488
-75.152000 1.309000 47.480000 8.883300
5.716000 -0.592000 23.573000 8.008010
-78.449997 -4.319000 20.527000 8.813769
2.624000 -34.195000 -15.893000 9.227418
-80.632004 -13.368000 2.548000 9.129326
2.760000 31.219000 -15.511000 8.631249
-69.414001 39.743000 -3.431000 8.269155
-45.237999 -34.338001 -15.573000 8.571226
40.821999 -8.502000 17.471001 7.404497
-77.264999 36.807999 35.591999 8.390863
1.595000 39.701000 29.466000 7.661497
-48.297001 -47.157001 -18.792000 8.323966
-72.390999 28.535000 12.009000 9.751975
11.345000 7.896000 35.709000 7.619520
-48.259998 41.539001 38.458000 8.029056
10.201000 23.927000 -22.902000 7.781823
-45.257999 19.632000 -25.208000 8.005919
-60.095001 -36.917999 11.663000 9.722095
10.355000 21.702000 39.187000 7.689466
-69.165001 -10.352000 20.551001 10.297123
-54.450001 -48.164001 21.165001 9.028224
-70.620003 -23.034000 48.723000 9.584229
-65.146004 -39.609001 32.633999 9.640758
-63.257999 46.431000 -21.451000 7.808082
27.000999 -4.311000 -3.744000 7.469429
-71.808998 -39.743999 -3.458000 8.579356
-12.258000 -41.289001 29.542000 8.562212
-3.518000 45.673000 -23.684000 8.208853
-74.293999 39.453999 -9.791000 8.088355
-32.752998 43.710999 -6.459000 7.980629
-74.302002 -39.208000 47.456001 8.043944
-73.857002 -27.294001 33.785999 10.046879
-18.290001 22.667999 -25.208000 8.204338
32.488998 -8.110000 29.219999 7.356138
-67.162003 25.627001 -21.260000 9.141498
49.094002 -4.571000 30.952000 7.130109
-39.251999 -40.056000 29.528999 9.464375
-9.233000 49.519001 2.559000 7.828160
8.076000 -19.375000 35.546001 8.695631
-62.945000 -43.990002 13.622000 8.844864
-57.201000 48.425999 -17.556000 7.550731
-36.603001 43.098999 -9.454000 7.686995
-75.375000 -4.371000 12.202000 9.288754
53.616001 -1.359000 26.524000 7.227454
-15.233000 39.849998 38.549000 8.655096
-36.049999 40.653000 49.985001 6.800468
15.704000 -28.389000 -0.444000 8.681176
26.665001 -9.682000 35.687000 7.115158
47.764000 -9.823000 5.497000 7.275004
-33.527000 35.938999 32.931000 7.880861
-2.259000 -16.149000 -16.525000 9.349122
-24.506001 -41.280998 35.544998 9.321758
2.912000 40.243999 14.255000 7.571189
-28.197001 -35.629002 6.580000 11.071585
-30.490999 -37.091999 38.542000 10.219472
-4.058000 -47.964001 4.402000 9.021658
-66.337997 -7.325000 -24.704000 8.878956
-51.256001 -49.289001 -3.456000 9.334420
-78.212997 28.705999 -21.509001 7.535601
-39.300999 -38.498001 23.516001 10.279865
26.950001 10.190000 -12.389000 7.835556
-39.374001 40.346001 8.531000 8.238894
-30.768000 40.659000 41.521000 6.951377
20.841999 -9.438000 35.779999 6.839729
-80.427002 -7.365000 32.521000 9.015077
-18.219000 39.731998 7.774000 8.905286
-33.387001 45.639000 14.622000 7.558284
-71.103996 -5.514000 29.780001 9.889775
-72.237999 4.632000 -25.073999 8.859303
-79.466003 22.545000 19.711000 8.989096
-69.188004 1.308000 38.498001 9.821587
28.400999 -2.269000 -2.028000 7.780138
-72.196999 10.649000 50.075001 9.670200
-54.217999 42.566002 5.587000 8.231575
-72.242996 1.362000 44.543999 9.096406
-24.243999 -36.834999 -26.770000 8.385187
-42.264000 -46.084999 17.523001 8.974736
5.907000 3.330000 41.180000 7.447959
-12.258000 35.028000 -18.459999 8.071700
33.008999 6.966000 -1.237000 7.614196
-80.431999 19.667999 5.505000 8.467682
-35.681999 47.727001 -0.337000 7.973415
16.118000 19.648001 32.500999 7.797570
-51.264000 -49.049999 2.518000 8.831837
-80.948997 -19.337000 -12.502000 9.197873
-75.916000 28.733000 13.823000 9.515019
6.017000 -31.473000 47.532001 9.072047
-66.537003 7.630000 12.370000 9.758666
-60.048000 -41.981998 33.528000 9.243150
2.891000 47.063999 32.431999 7.163760
-68.628998 1.503000 -21.622999 8.403737
20.638000 -3.859000 49.238998 6.975184
-6.251000 -30.913000 -21.510000 8.746784
-74.653000 39.563999 5.767000 7.566062
-45.250999 37.417999 -25.174999 7.579092
4.334000 -44.951000 -9.796000 9.269176
-0.475000 35.139000 -18.503000 8.340817
-18.261000 -46.737999 44.566002 8.446415
-74.278000 -8.142000 32.756001 9.729436
-70.522003 -22.356001 13.217000 9.893167
13.028000 10.476000 16.379000 8.718885
-79.589996 12.950000 6.621000 8.589927
11.760000 -9.594000 35.882000 7.812724
-22.989000 -41.924999 27.205000 9.394165
6.365000 43.723000 35.549999 6.967761
-26.496000 39.528000 44.224998 7.222917
7.048000 23.110001 2.654000 9.269090
26.208000 -1.317000 32.804001 6.828118
2.710000 -42.919998 49.896999 7.953341
-60.291000 49.273998 26.579000 7.397305
7.722000 43.129002 5.711000 8.065858
-51.248001 43.562000 14.099000 8.259006
13.274000 3.069000 37.101002 8.038902
7.249000 -35.834999 -9.954000 9.059277
7.218000 13.488000 49.854000 8.644443
-71.203003 37.748001 -15.481000 7.842896
-32.516998 43.981998 17.646999 7.279981
7.770000 43.270000 8.561000 7.912123
11.814000 -16.294001 -21.459000 7.527175
10.042000 -7.332000 29.513000 8.244255
-45.261002 4.662000 -25.208000 8.262928
-6.276000 42.657001 20.555000 7.592739
-57.279999 -49.237000 -6.450000 8.880330
-72.365997 -1.492000 11.248000 9.361888
-27.274000 47.141998 2.511000 8.000278
-72.333000 0.901000 -15.450000 8.925924
-60.575001 -35.188000 11.996000 9.378554
46.355000 4.453000 34.477001 6.689986
13.549000 34.164001 5.341000 8.380473
-30.334999 38.292999 2.630000 8.180285
-27.458000 -32.368000 -18.843000 8.797018
-54.257000 37.473000 11.511000 8.494715
-63.042000 -48.273998 26.486000 8.023302
-35.820000 -35.465000 -13.370000 9.347873
-76.934998 -36.044998 33.008999 9.322513
-45.293999 49.657001 26.566999 8.665218
-35.652000 47.604000 -9.312000 8.233760
20.750999 -1.336000 49.480999 6.780383
-76.083000 16.403000 -22.385000 8.135172
-62.194000 39.372002 39.733002 9.071970
-71.542999 -37.430000 8.654000 9.082040
46.835999 7.640000 -6.060000 7.461560
-27.252001 47.280998 32.548000 6.841526
10.315000 39.237999 14.905000 7.557478
2.928000 -31.507999 -24.538000 7.739781
29.594000 8.642000 32.124001 7.308968
-51.305000 34.723000 -14.986000 8.591063
29.731001 -9.521000 -6.511000 7.597724
-72.095001 22.659000 50.203999 9.070744
-18.149000 -45.320000 46.619999 8.443973
-39.254002 -39.340000 -3.442000 9.949070
14.905000 -10.523000 41.522999 7.401214
-77.332001 -2.376000 -6.304000 9.368192
-28.979000 45.335999 -6.141000 7.971671
5.200000 46.077999 -3.426000 8.358106
4.359000 21.611000 18.861000 8.748085
-78.990997 7.626000 5.500000 8.472649
-70.054001 -22.461000 -13.064000 10.057475
-9.291000 40.726002 32.539001 8.717584
-67.331001 -35.307999 49.703999 8.816824
-48.221001 13.639000 -25.208000 8.337833
-72.917000 -13.225000 44.851002 9.278231
45.612000 1.630000 31.209000 6.283737
-18.263000 -40.351002 -25.073999 8.515984
-9.324000 41.183998 17.242001 7.736561
-12.337000 -49.257000 -3.477000 8.796149
-79.553001 -6.572000 -16.069000 8.692644
-6.347000 37.527000 8.395000 8.670365
27.089001 4.666000 38.550999 6.200665
0.291000 32.001999 -0.560000 9.064363
14.049000 -7.846000 -18.693001 7.625997
41.749001 -7.583000 -12.629000 7.650252
1.144000 48.133999 3.536000 8.298061
-60.287998 -16.292000 -25.208000 8.712446
-70.727997 6.530000 49.123001 9.152008
-66.410004 40.778000 49.917999 8.004501
10.174000 23.770000 40.965000 7.694190
-17.851999 -36.069000 -14.132000 9.275592
-0.260000 47.286999 44.555000 6.963764
-77.543999 37.048000 -0.522000 8.015284
-64.910004 -47.952999 -1.049000 8.830036
-77.399002 -1.965000 -21.423000 7.858404
41.757999 -9.391000 5.445000 7.499810
4.905000 34.987999 29.488001 7.840553
-51.235001 48.924000 5.566000 7.913377
-69.860001 -34.800999 41.587002 9.691367
-79.806000 -27.346001 43.271000 9.198883
-66.286003 -1.160000 -15.526000 9.489143
-45.285000 43.085999 -0.502000 8.597527
-31.232000 -40.437000 -0.471000 9.191447
1.170000 -29.816999 9.659000 9.707985
5.803000 4.339000 10.763000 8.576173
-65.853996 22.629999 13.721000 9.948964
-64.904999 -24.009001 21.853001 10.102288
-12.253000 13.681000 -25.208000 8.437166
-70.987000 -35.363998 -18.691000 8.688400
-68.966003 16.608000 -26.770000 8.799881
-37.715000 -47.868000 27.420000 8.812419
-48.255001 -49.189999 26.577999 8.581010
-31.915001 38.764999 -0.459000 8.222170
15.081000 -19.372999 5.567000 8.112492
-72.208000 -10.379000 44.543999 9.739011
-6.285000 -25.351999 -25.208000 8.220349
5.766000 -39.542000 5.600000 7.564054
-34.814999 36.018002 46.898998 7.533550
11.828000 1.827000 32.951000 8.100141
26.726999 -10.267000 38.507000 6.801474
3.580000 -38.997002 -6.434000 8.898288
-63.415001 -41.230000 32.484001 9.394707
-57.248001 -41.608002 31.900999 9.226491
2.496000 31.040001 -0.453000 8.781774
-23.844999 48.507000 -0.488000 7.759036
-70.833000 14.596000 7.121000 9.643291
-80.890999 -10.361000 -0.404000 8.768895
-54.419998 -42.925999 -23.965000 7.757014
-24.273001 31.712000 -21.483000 8.014584
-72.564003 -13.350000 26.542999 10.425011
-70.663002 -2.937000 16.504999 9.737747
-45.220001 -40.070999 26.517000 9.941957
54.244999 4.686000 5.481000 7.361633
39.289001 -7.388000 28.924000 6.750936
-43.242001 -44.715000 16.091999 8.782938
13.608000 -10.339000 18.511000 8.813230
50.620998 4.620000 -3.482000 7.454925
-69.824997 -43.425999 2.528000 8.254172
-80.815002 -16.316000 2.504000 8.906514
2.908000 -25.346001 -24.691999 7.977049
-54.264000 39.844002 32.522999 8.760478
-0.372000 -37.516998 -18.469999 8.661312
15.430000 10.678000 23.521999 8.314342
-69.731003 -34.653999 32.424999 10.253766
-66.291000 -46.195999 17.582001 8.450143
-76.698997 30.709999 -22.902000 8.004374
2.968000 -39.231998 -18.514000 7.806269
47.748001 9.776000 17.502001 7.507350
-63.438999 -22.521999 20.191000 10.412783
-39.271999 48.991001 -6.453000 8.641831
-67.286003 22.665001 -18.464001 9.193264
-74.651001 -22.330999 -24.014999 8.244824
-21.257999 -36.835999 -26.804001 8.535921
-27.273001 -13.450000 -25.208000 7.185413
-60.876999 32.722000 19.599001 8.981852
-75.095001 10.687000 50.040001 8.953286
-9.296000 34.903000 -15.999000 8.315527
-15.192000 49.834000 -6.493000 8.358973
12.787000 -31.465000 45.248001 8.278024
6.489000 -25.346001 32.512001 9.281826
-71.007004 -42.444000 35.617001 8.541945
-36.154999 -44.206001 47.813999 8.034884
-67.294998 -25.332001 -18.489000 9.482940
-77.249001 -13.126000 15.377000 9.878945
-24.285000 -48.412998 -3.476000 8.815567
-67.778999 -44.896999 46.123001 7.687357
-0.491000 -30.948999 23.605000 9.814564
10.536000 34.160999 49.455002 7.673436
47.756001 -1.390000 11.165000 7.019365
-27.995001 38.721001 49.388000 6.916139
4.583000 -5.068000 -0.598000 9.138585
4.629000 45.584999 29.104000 7.190632
-75.222000 1.544000 -9.511000 8.980382
-60.408001 -34.500999 22.884001 9.767859
-39.234001 4.650000 -25.208000 7.539697
-2.260000 -34.164001 20.533001 9.856205
-6.336000 40.270000 5.490000 8.559840
-74.335999 -39.084999 -21.436001 8.286541
-28.472000 -39.430000 16.489000 9.299491
-3.975000 -47.955002 21.688000 8.743285
-51.196999 33.799999 13.528000 9.118122
-3.244000 -13.315000 -25.208000 8.375736
-17.290001 -39.019001 -9.015000 10.052664
-71.984001 4.767000 -6.456000 8.561647
-51.313999 -16.417999 -25.208000 9.022316
7.224000 -35.957001 -5.733000 8.786900
-6.258000 -22.375000 -25.208000 8.029210
-48.243999 -34.764999 12.464000 10.191788
41.748001 -9.823000 26.533001 6.761936
45.063000 7.618000 29.679001 7.270030
8.858000 19.652000 29.583000 8.532387
-65.334000 -7.408000 13.458000 10.171304
20.745001 -8.561000 -19.472000 7.224658
-64.293999 -7.333000 16.740000 10.361532
-23.726000 -48.085999 38.328999 7.807325
-48.282001 49.199001 23.528000 8.658254
-27.216000 46.383999 17.528000 7.613188
-0.773000 39.632999 47.367001 6.830081
-81.220001 22.597000 29.514999 8.376659
13.536000 -5.081000 -15.344000 8.172224
-79.085999 34.952999 -0.356000 8.311605
-80.190002 13.784000 5.316000 8.490764
36.813000 -9.012000 27.629000 7.032248
-71.693001 -28.205999 29.709000 10.250437
-71.098000 -42.495998 47.583000 7.786239
52.983002 1.637000 -0.450000 7.452909
-27.226000 34.478001 -15.124000 8.353372
-9.258000 34.660999 -12.864000 8.696632
-53.808998 -38.931999 -5.494000 9.983105
8.844000 -10.463000 13.608000 8.509988
-66.332001 46.740002 -12.448000 7.906748
-67.290001 -4.365000 -18.451000 9.442442
-51.277000 -31.857000 14.867000 10.890571
-79.287003 -22.472000 45.415001 9.081890
14.708000 1.675000 -22.386999 7.556164
-71.112999 -28.284000 47.029999 9.153191
6.592000 -10.566000 -12.716000 7.976627
8.831000 13.687000 -25.018999 7.663835
-27.215000 45.918999 -21.503000 8.034136
-69.220001 1.273000 29.565001 9.816983
-66.246002 -46.405998 38.528000 8.030964
2.789000 47.009998 41.530998 7.181106
-36.340000 -45.548000 8.403000 9.141457
6.654000 -44.116001 17.455999 8.770955
-66.990997 37.599998 -3.405000 9.326690
11.730000 1.638000 5.601000 8.551261
-71.588997 -22.292000 26.899000 10.282081
13.844000 28.580999 44.252998 7.730780
-45.270000 7.657000 -25.208000 8.086084
-69.412003 28.730000 11.628000 9.517028
-71.914001 -16.379000 8.525000 9.751140
11.204000 -2.020000 -12.516000 7.570502
42.320999 -4.312000 0.113000 7.399204
-36.799999 -44.796001 -22.854000 7.917838
-75.799004 10.604000 -6.454000 8.533940
-71.920998 37.679001 50.094002 8.296333
5.442000 -28.368000 -25.177999 7.699698
-30.561001 34.775002 -15.625000 8.099544
-68.806000 19.628000 -24.893999 8.528898
-31.059000 43.483002 -15.339000 7.757220
16.004999 -25.344000 32.543999 8.925018
-79.879997 8.722000 1.957000 8.205099
-71.032997 16.105000 42.511002 9.983445
9.127000 16.660999 48.354000 7.472088
4.493000 -16.330999 2.342000 9.514084
-69.693001 32.598000 -10.080000 9.505997
-69.125999 38.078999 29.482000 8.094242
-61.919998 16.586000 -18.438000 9.504252
-65.404999 45.292999 10.255000 7.969382
-81.199997 -13.393000 32.581001 9.416048
-21.257999 48.685001 -15.498000 8.224328
5.894000 39.827000 -6.524000 7.708370
37.911999 4.670000 26.607000 6.967023
-69.094002 -37.289001 35.514999 9.457659
-79.301003 -19.347000 45.328999 9.067716
-70.857002 -5.764000 27.933001 10.089320
0.411000 -1.276000 11.890000 8.793128
-6.257000 -46.741001 8.573000 8.371191
-39.269001 34.699001 -16.059000 8.138655
14.673000 -7.340000 -0.446000 8.163708
11.586000 31.690001 14.462000 8.133492
-27.266001 -36.831001 -26.788000 8.602288
-0.402000 37.606998 2.542000 8.224704
12.138000 -10.406000 -21.518999 7.195901
-34.893002 36.063000 33.533001 7.653999
44.722000 4.631000 14.740000 7.027550
-77.842003 13.613000 47.280998 8.668884
-63.263000 46.569000 8.548000 7.659334
-57.243000 40.623001 -25.070999 7.350298
-69.102997 35.493000 -0.379000 9.059263
17.559999 -8.988000 46.255001 6.708488
23.759001 4.643000 -21.375000 6.975667
-32.146999 -40.303001 -0.596000 9.327016
-70.910004 15.779000 29.139999 9.926741
-74.115997 -39.162998 49.726002 7.929031
-63.994999 35.185001 29.457001 9.029907
-73.278999 -16.629000 29.059999 10.084036
-57.391998 -38.384998 13.170000 9.191572
11.249000 34.653999 47.528000 7.711115
15.187000 7.898000 38.362000 7.080214
-30.063999 45.922001 23.483999 7.318903
45.139999 -1.361000 -5.571000 7.104964
-21.358999 47.574001 44.803001 7.108310
-79.939003 28.500000 4.492000 7.948267
-67.498001 35.812000 -7.314000 9.537675
-30.149000 37.682999 14.537000 8.813432
-48.324001 43.306999 -3.467000 8.445231
-4.369000 -39.224998 33.518002 9.161644
-54.243000 47.577000 -19.070000 7.754238
-0.207000 -35.410999 -18.482000 9.107456
-72.162003 4.460000 10.952000 8.848504
14.384000 -25.351999 -18.500000 8.381996
4.645000 -4.576000 -6.493000 8.660136
44.550999 4.552000 -12.344000 7.235281
-74.811996 31.732000 49.953999 8.590629
-0.084000 -37.195000 -9.506000 9.270777
-57.945999 38.445000 20.167000 8.273742
-39.291000 -40.341999 -25.073000 8.213511
12.626000 6.620000 33.820000 7.550716
-64.005997 -10.398000 14.920000 10.080791
-21.302000 41.153000 49.958000 7.232797
52.639000 -6.582000 26.172001 7.281973
-21.334000 45.012001 48.883999 6.766240
-80.054001 28.483999 21.007999 8.544139
-13.457000 -36.000000 18.937000 10.191711
17.726999 8.108000 35.452999 7.377534
-21.257999 40.613998 29.518999 8.211198
53.039001 7.048000 5.696000 7.436111
43.341999 -1.123000 40.164001 6.678470
-57.261002 -46.102001 -21.465000 7.783493
2.736000 -25.363001 8.593000 9.432809
-72.343002 -0.950000 41.487000 9.024479
-63.160000 45.521000 10.670000 7.843043
-21.646000 -39.181000 -0.519000 10.345595
13.154000 33.009998 19.131001 8.375617
-51.223000 -49.264000 35.497002 8.114076
2.697000 46.096001 14.561000 7.731836
-76.893997 1.872000 8.295000 8.940043
-51.354000 -44.210999 48.327000 7.975660
-6.228000 -49.089001 26.575001 8.239649
-25.708000 -47.818001 30.296000 7.999723
-9.245000 35.034000 -18.455000 8.092033
6.476000 7.679000 -12.918000 8.605270
-69.055000 -4.472000 -12.372000 10.069270
-73.207001 -13.325000 -6.490000 10.100061
-30.895000 40.676998 -18.462000 7.691191
14.721000 -1.320000 32.009998 7.426423
-1.616000 -7.050000 -22.624001 8.752385
-45.199001 -46.675999 8.529000 9.075616
-77.350998 37.467999 11.004000 7.433600
-64.436996 -4.418000 16.879999 10.464920
-69.859001 -35.021999 38.535000 9.667870
-63.801998 34.980000 26.333000 8.646270
44.834000 -9.870000 -6.223000 7.603814
-27.177999 -42.890999 13.271000 8.892057
5.450000 34.603001 38.655998 7.620517
40.660999 -1.333000 1.312000 7.562649
-54.241001 -37.896000 8.516000 9.729528
-19.257000 45.124001 49.016998 6.842490
-32.950001 40.570000 8.881000 8.070697
-42.879002 48.205002 43.180000 7.780341
-77.485001 -2.150000 38.387001 9.180286
39.512001 -9.133000 2.265000 7.753979
-65.740997 -40.042000 44.480999 8.833252
-37.066002 39.662998 23.624001 7.514086
-79.206001 -25.489000 45.098999 8.967771
-31.046000 40.914001 -12.458000 7.389716
-33.727001 46.056999 29.365999 7.210929
-67.101997 19.538000 12.724000 10.500881
-78.679001 13.618000 8.614000 8.451588
7.362000 21.511999 0.130000 9.342131
43.966000 6.898000 37.722000 6.934817
36.137001 4.549000 2.115000 7.443478
0.360000 -22.344999 -16.034000 9.901653
-18.275999 48.953999 -15.490000 8.268829
-33.414001 -45.542999 20.487000 9.048407
-74.444000 -13.293000 29.775000 10.069181
-1.497000 -35.558998 23.561001 9.615978
-42.240002 37.370998 11.369000 8.757002
52.922001 6.921000 23.445999 7.097944
-27.249001 -10.371000 -25.208000 7.406396
-63.256001 47.323002 -18.535000 7.212350
-24.629000 -45.001999 -23.125000 8.369008
9.265000 -7.357000 41.504002 7.461817
-0.178000 -31.493000 26.500999 9.990574
-32.948002 -40.167999 17.259001 9.395344
-9.295000 -45.907001 17.558001 8.710569
-9.296000 -43.044998 49.973999 8.076344
2.595000 -37.221001 41.598000 8.851077
-18.103001 38.449001 -10.410000 8.747160
-3.181000 -43.389000 12.061000 8.462797
-71.455002 42.950001 47.459999 7.950550
-36.008999 40.028000 8.435000 8.163107
-30.500999 43.455002 11.659000 7.924027
-78.473999 34.617001 8.598000 7.648540
-74.641998 7.910000 -6.396000 8.551121
38.979000 -8.420000 39.230999 7.172210
-32.780998 40.323002 -0.441000 7.952318
-2.630000 -45.091000 15.641000 8.637547
-65.995003 31.899000 20.711000 9.548536
32.706001 1.650000 25.893999 7.365730
-51.674000 -42.077999 35.778999 9.083618
-3.294000 -48.782001 -3.456000 9.061522
10.463000 7.500000 49.306000 7.758950
2.378000 -36.532001 -22.284000 8.071610
8.915000 9.621000 -17.686001 8.511901
-79.401001 -16.475000 19.783001 9.842876
-9.291000 31.945000 -24.764000 8.417614
-27.309999 -46.188000 -18.481001 8.578700
-39.238998 31.889999 -24.771999 8.116034
10.670000 37.462002 47.354000 7.517381
4.455000 -45.094002 38.680000 8.486913
-36.199001 47.588001 41.561001 7.690437
11.656000 -1.238000 -21.575001 7.093791
-51.248001 -10.349000 -25.208000 8.805985
-71.085999 -35.067001 -21.674999 8.161592
-45.259998 -30.113001 -18.458000 8.705666
-18.257999 -49.009998 -0.447000 8.921359
-66.334000 -4.348000 -24.714001 8.859726
-18.218000 7.659000 -25.208000 8.042150
-77.356003 -10.363000 15.225000 9.784575
-12.285000 -48.868999 2.504000 8.368285
-65.725998 28.621000 13.835000 9.392750
-63.643002 32.144001 14.935000 8.973962
-68.827003 -0.986000 32.556000 10.460509
-73.946999 39.297001 -5.510000 8.028461
-66.100998 -37.507999 -12.432000 9.467630
-77.092003 28.143000 -23.389000 8.096113
-17.297001 45.286999 49.167000 7.054270
-80.223999 8.005000 -9.459000 9.263284
-54.221001 40.452999 11.421000 8.632055
6.040000 -43.810001 8.655000 8.429537
-67.167999 -22.347000 -21.200001 9.046965
-27.403999 -46.264999 20.523001 8.892645
52.555000 1.642000 28.367001 6.927459
15.174000 -7.341000 26.464001 6.970396
0.546000 -29.465000 -10.006000 9.525414
-34.047001 45.365002 49.179001 6.981479
1.514000 48.286999 -6.495000 8.315172
9.210000 28.657000 44.544998 7.614911
-32.834000 -37.220001 -21.561001 8.730810
-57.278999 -32.330002 -16.747999 8.977354
2.851000 47.262001 23.481001 7.362983
-81.246002 -16.332001 32.578999 9.174853
-3.244000 41.523998 32.485001 7.837623
-81.169998 -13.422000 -9.534000 9.176013
5.432000 4.643000 -25.173000 7.861421
1.962000 -38.627998 -12.449000 8.523376
23.684999 -7.124000 -20.597000 7.176311
-29.740999 45.839001 32.520000 6.904423
-33.165001 34.956001 -24.448000 8.225945
0.650000 38.567001 47.742001 7.056139
52.262001 -1.509000 -2.018000 7.808528
47.188000 4.641000 -6.117000 7.318182
-69.917000 37.122002 -8.876000 8.968630
2.501000 -31.556999 11.796000 9.447706
-79.926003 -8.220000 21.309000 9.433531
5.725000 4.627000 5.573000 8.200271
-27.278999 -44.157001 47.736000 8.336083
8.284000 -37.834999 2.528000 8.260134
2.964000 22.620001 -24.681999 7.952237
-36.300999 -45.840000 17.528000 9.127085
-60.272999 -37.931000 -9.450000 9.989175
5.728000 39.782001 44.495998 7.631030
-70.908997 -42.224998 26.322001 8.006706
-60.625999 45.561001 15.436000 8.250647
-30.253000 19.688000 -25.208000 7.677206
-65.776001 -13.285000 18.528000 10.494517
10.947000 16.603001 35.568001 7.643240
-48.590000 32.862999 15.207000 9.571319
-3.292000 -46.083000 17.490999 8.328321
-24.337999 -43.172001 11.837000 8.588205
-72.220001 -22.354000 -25.070000 8.255612
-18.259001 -42.905998 11.566000 8.668803
38.784000 -7.356000 -3.242000 7.964165
-15.250000 31.500999 -15.408000 8.092097
11.687000 1.828000 -0.502000 8.244740
-71.416000 -37.355000 5.513000 9.214725
-67.663002 -0.900000 9.777000 9.697551
-69.528999 22.624001 23.476999 10.133951
-78.498001 34.700001 29.535999 8.149628
-29.896999 45.858002 35.512001 6.981779
-53.896999 42.425999 7.756000 8.213979
-0.158000 45.964001 14.977000 7.504250
-48.263000 -35.716000 -21.337000 8.258491
-74.070000 -39.084000 33.160000 8.824634
-9.250000 35.201000 -21.497999 7.988326
0.601000 38.782001 49.441002 6.969678
-0.154000 37.566002 -18.525000 8.168938
-6.275000 -37.368000 26.548000 9.328073
-39.258999 34.956001 -24.504000 8.200697
3.394000 39.560001 47.734001 6.929206
5.939000 37.457001 32.610001 7.363205
-0.210000 48.944000 -9.475000 8.374494
-69.639000 -39.113998 -12.475000 9.201153
38.708000 8.054000 26.424000 7.567947
-27.461000 -47.319000 26.561001 8.488903
1.928000 -38.604000 -0.421000 8.860168
5.264000 -10.366000 -6.503000 9.188687
-63.203999 -46.338001 44.530998 7.574539
-54.280998 -38.507000 -9.439000 9.856195
8.720000 -0.958000 -24.679001 7.542980
-67.113998 32.363998 32.499001 9.594270
34.558998 -6.027000 -17.062000 7.146802
1.781000 -24.813000 18.112000 10.138725
-70.674004 -17.566000 13.121000 10.252577
-61.952999 -22.382999 -18.427999 9.394392
4.892000 -22.423000 -0.495000 9.738811
40.658001 -8.648000 20.341000 7.241975
8.810000 25.643999 -24.341000 8.268154
-80.135002 13.653000 21.146999 9.056480
-66.435997 -13.415000 -15.674000 10.037616
-77.353996 1.913000 -21.454000 8.470125
12.844000 -35.313999 -15.690000 8.297650
-27.346001 -35.009998 8.556000 10.875880
7.403000 -35.480000 5.770000 8.463573
47.780998 -10.019000 17.544001 7.434464
-68.024002 45.353001 32.818001 7.933413
-63.200001 31.466000 -15.351000 9.623031
-15.280000 30.368000 -18.454000 8.401856
-73.057999 -31.422001 35.535000 9.896134
-54.499001 44.574001 -22.427999 7.782405
-69.163002 28.690001 8.460000 9.082347
-80.424004 7.663000 32.479000 9.017040
2.918000 -22.347000 -18.489000 9.406075
-32.897999 40.665001 35.534000 6.832689
-36.195999 -46.660000 -3.444000 9.619768
-51.299999 34.974998 -24.535000 7.894385
-69.724998 -43.650002 38.692001 8.067252
15.844000 -13.364000 -0.460000 8.274884
-45.018002 -44.676998 16.216000 9.107337
2.717000 43.638000 -25.052999 7.606817
7.258000 -23.921000 36.596001 9.564352
6.195000 -43.807999 41.515999 8.382602
-78.240997 4.574000 -6.484000 8.144186
-12.249000 49.854000 32.514000 8.206239
-18.278000 40.911999 5.533000 8.781960
-62.007000 -47.931000 21.816999 8.536709
-6.267000 22.617001 -25.208000 8.333960
-76.387001 -19.218000 48.630001 9.387971
-57.270000 35.191002 -21.504999 8.510367
54.705002 4.665000 20.537001 7.142138
-67.102997 -1.046000 11.815000 9.706409
8.292000 13.721000 49.766998 8.003158
-0.264000 -13.360000 -24.686001 8.044334
26.141001 -4.334000 32.866001 6.844911
-18.222000 41.000999 -6.464000 8.629832
-8.350000 47.984001 6.682000 8.095305
-72.181000 16.642000 12.213000 9.783638
-21.216000 -16.282000 -25.208000 7.545488
14.065000 10.627000 5.529000 8.602538
-57.292000 -37.566002 23.398001 10.293602
-9.436000 41.966000 -3.925000 8.815731
-35.646000 -35.445999 19.413000 10.694175
-71.026001 -16.160000 -14.151000 9.959727
6.378000 -38.798000 20.761000 8.266419
8.861000 -19.427999 13.709000 8.990717
1.813000 37.907001 20.900000 7.775616
12.106000 -25.430000 8.734000 8.075155
-60.125000 -39.455002 5.286000 9.789872
-69.051003 34.393002 -21.607000 8.142218
14.067000 1.697000 48.778999 6.881948
-70.568001 -25.249001 48.542000 9.555586
-67.945999 45.355000 -5.749000 8.476158
-66.348999 -46.978001 -9.437000 8.969730
2.922000 4.653000 -24.667999 7.757957
-77.486000 34.724998 -23.993000 7.687888
-2.279000 -47.764000 -16.618999 7.809248
8.781000 -25.364000 -25.031000 7.929727
-3.319000 41.923000 29.624001 7.524853
-54.256001 -49.037998 -12.440000 8.416799
8.275000 -37.824001 26.538000 8.654560
5.719000 -43.376999 -6.434000 8.962492
-71.681999 31.288000 4.858000 8.839911
12.873000 -35.456001 35.433998 8.429707
36.401001 -4.468000 -0.235000 7.637876
-3.250000 -48.728001 35.595001 8.241818
-39.236000 35.423000 14.262000 8.544744
-69.672997 -43.539001 17.695999 8.392282
-18.190001 49.206001 23.539000 7.808938
15.259000 7.654000 26.534000 7.809671
-58.921001 33.497002 18.922001 9.037719
-42.209999 34.967999 -24.471001 8.314856
-45.181000 -47.654999 42.353001 7.948606
-75.941002 13.735000 -22.173000 8.458999
14.045000 -31.402000 20.516001 8.958695
-69.237000 43.623001 11.450000 7.701256
-59.174999 -33.438999 21.860001 10.677328
12.272000 7.357000 -21.261999 7.651122
-21.215000 -48.814999 -0.446000 8.848622
-61.499001 -35.674000 9.738000 9.284097
-9.252000 -42.292000 35.583000 8.417924
-57.228001 32.326000 14.829000 8.840009
-79.853996 -25.181000 -17.172001 8.686665
1.363000 48.229000 37.547001 7.441291
1.205000 -18.096001 -13.918000 9.577388
-24.299999 45.566002 15.365000 8.059984
-3.263000 31.150000 -15.356000 9.165791
3.252000 1.398000 32.473999 8.202197
-74.413002 -10.554000 41.291000 9.233608
1.426000 48.243000 1.743000 8.122111
-66.292999 -46.840000 26.530001 8.001503
42.312000 -9.212000 17.577000 7.362952
-21.221001 -48.873001 26.513000 7.972875
-73.406998 -16.305000 2.576000 9.673729
7.471000 -42.381001 -18.597000 8.572499
1.819000 38.856998 -15.402000 8.383103
5.822000 43.664001 32.529999 7.163810
-71.278000 38.018002 2.582000 8.280772
13.801000 -33.804001 38.382000 8.596988
-77.838997 -34.360001 44.557999 8.908817
-79.910004 -5.415000 -12.099000 9.337288
-54.280998 49.303001 23.479000 8.183400
23.781000 -7.262000 33.165001 6.937503
-72.497002 40.543999 44.514000 7.898894
-57.108002 -34.237000 21.351999 10.368195
-79.551003 -32.356998 -6.586000 8.890118
2.778000 -46.341999 -0.449000 8.977942
-78.162003 10.666000 8.560000 8.781526
13.674000 -22.091999 7.720000 8.136751
-66.811996 -7.360000 12.496000 9.951769
-42.319000 45.869999 14.981000 7.978697
-66.252998 46.641998 -18.444000 7.313391
-32.535999 43.905998 20.455999 7.392690
-57.187000 48.639000 5.460000 8.008042
-71.449997 -38.123001 23.559000 8.782980
15.850000 -10.346000 29.452999 7.358172
-69.385002 -7.292000 50.164001 9.469945
8.355000 -37.728001 5.501000 7.784201
-67.882004 -21.129000 21.870001 10.042990
5.737000 0.657000 -15.488000 7.919339
-71.194000 -25.257000 -9.258000 9.853288
4.638000 -45.028999 43.991001 7.792888
7.236000 24.120001 28.215000 8.776108
-24.259001 25.641001 -25.208000 8.201552
-39.257999 -22.336000 -25.208000 7.773375
55.118999 1.960000 21.139000 7.273465
-67.629997 -1.403000 25.965000 9.751682
5.757000 -10.356000 11.328000 8.964190
-18.237000 28.629999 -25.208000 8.646265
-70.906998 35.771999 8.835000 8.545133
-2.899000 -31.584999 20.490999 9.962392
-33.167000 40.647999 44.577999 7.078745
-18.304001 -22.327000 -25.208000 7.537415
-69.642998 35.534000 49.700001 8.460888
41.768002 7.807000 11.664000 7.885580
8.718000 -13.355000 12.502000 8.578961
-48.254002 43.457001 -0.432000 8.193523
11.788000 -16.348000 11.327000 8.355737
-33.036999 -37.250999 44.536999 9.820878
3.021000 37.664001 26.555000 8.036497
50.865002 8.492000 5.425000 7.572326
-63.453999 37.164001 8.398000 8.950504
-0.275000 13.644000 -15.245000 8.786951
-51.280998 28.596001 -25.208000 8.287618
-81.085999 19.594000 26.606001 9.237541
4.211000 -6.165000 -10.880000 9.298578
29.106001 -4.531000 28.690001 7.693954
-63.610001 -4.393000 -24.686001 8.973089
-66.846001 -37.700001 41.525002 9.504862
-79.586998 6.496000 -9.526000 8.854785
9.976000 -25.226999 48.778000 8.476924
-78.782997 -10.366000 17.492001 9.801873
6.973000 -20.250000 25.851999 9.315184
6.668000 -10.331000 41.562000 7.859545
11.130000 -36.589001 32.749001 8.421791
3.378000 0.476000 2.645000 8.438288
5.025000 -45.300999 -18.538000 8.159584
16.105000 -19.292999 32.530998 8.721617
-15.292000 49.323002 41.514999 7.413859
-36.230000 -37.902000 -6.474000 10.036741
-59.285999 39.348000 32.428001 9.047161
-65.288002 39.652000 42.509998 8.850207
-63.563000 16.638000 -24.632000 8.517669
9.202000 1.036000 35.763000 7.925172
8.801000 0.460000 -3.493000 8.160029
-6.444000 39.716999 -8.557000 9.361235
5.501000 -1.141000 47.597000 7.705162
-21.270000 -10.396000 -25.208000 7.854975
11.563000 -37.082001 5.559000 8.162683
-70.561996 10.882000 22.427000 9.834414
8.329000 -37.835999 -12.429000 8.448102
0.323000 31.759001 20.170000 8.543594
-24.235001 -37.262001 11.641000 9.914740
-79.974998 -5.250000 26.579000 9.377442
-24.004999 48.573002 35.481998 8.003826
-60.696999 38.548000 29.448000 8.845882
7.725000 19.611000 26.610001 8.634081
-75.984001 -38.373001 -18.507000 8.729284
-0.488000 44.703999 48.574001 7.022030
6.504000 -34.227001 26.504999 9.148883
-21.268999 -48.411999 -15.474000 8.360542
-66.167000 34.508999 13.370000 8.736683
-1.497000 4.374000 -22.212999 8.456748
4.985000 -22.368000 -26.823000 8.130477
-60.292999 -36.824001 -26.818001 8.184070
-71.146004 8.213000 47.453999 9.007170
-81.143997 -16.379999 26.487000 9.009009
-33.282001 -45.557999 17.483999 9.153433
3.064000 4.650000 -21.471001 7.622399
-79.416000 -7.080000 20.283001 9.146708
-66.239998 -43.535999 11.975000 8.297812
-51.318001 -30.910999 -21.510000 8.268692
25.658001 -1.340000 -6.709000 7.091109
-66.663002 1.347000 17.535000 9.868550
10.367000 11.490000 33.625000 7.899151
-54.248001 49.125000 -15.472000 7.577092
-12.292000 -34.344002 17.695000 10.155036
-75.318001 10.739000 14.223000 8.926747
-29.820999 45.945000 -18.528999 7.883400
-24.252001 -48.361000 -6.418000 8.797773
11.199000 37.125999 32.646999 7.223098
-36.285000 43.890999 12.136000 7.721650
-62.833000 -30.924000 20.555000 10.557901
-70.705002 12.325000 6.976000 9.628191
-32.984001 35.109001 41.528999 8.307510
-72.223000 31.594000 -25.065001 7.631493
-0.111000 -47.500999 2.607000 9.276732
15.556000 -13.333000 2.549000 7.736356
-51.287998 49.193001 23.499001 8.629827
-3.612000 37.355000 -9.066000 9.069552
-4.963000 -38.570999 31.483999 9.397240
-35.738998 40.966000 -12.728000 7.820667
-73.584000 10.072000 0.654000 8.454271
-57.221001 31.398001 -21.549000 8.946880
-28.561001 -38.514999 26.340000 9.711345
7.717000 -40.171001 2.569000 8.291060
-62.977001 -36.175999 -12.075000 9.617210
-21.263000 48.842999 2.501000 8.226001
3.475000 -1.245000 -12.652000 8.693899
-36.228001 47.105999 20.525000 7.898545
-75.366997 19.635000 -9.503000 9.410734
-51.278999 -34.195000 -24.974001 8.116861
4.977000 -7.346000 -26.844999 7.779755
-74.192001 -39.046001 17.635000 8.859121
-71.119003 42.476002 29.443001 8.051593
-12.237000 16.646999 -25.208000 8.167697
-2.223000 7.699000 -16.521999 8.810186
-24.436001 -35.873001 -22.806000 8.638864
15.483000 19.688000 23.555000 8.705382
-0.248000 -40.412998 11.297000 8.301950
-79.844002 30.622999 4.263000 8.248310
12.998000 3.499000 -9.326000 7.466433
-18.202999 -38.785000 1.553000 10.332747
-69.333000 -31.893999 14.144000 9.685784
-29.799999 40.852001 11.267000 7.908445
4.777000 -16.385000 -3.464000 9.770227
7.767000 39.827000 35.615002 7.202489
-3.197000 44.453999 13.705000 7.819558
-57.278999 -48.858002 23.549000 8.419613
-77.918999 -13.342000 -21.424000 8.543593
-21.264999 -4.390000 -25.208000 7.661027
-12.220000 40.977001 47.548000 7.671326
11.060000 1.707000 20.554001 8.442857
-79.610001 -6.804000 42.118999 9.063965
-12.672000 -41.785000 48.875000 9.001800
-45.276001 -30.843000 -21.524000 8.143972
-0.153000 31.618999 -3.471000 8.720500
-30.301001 40.580002 47.553001 7.025306
-18.270000 49.759998 29.504999 7.745732
-37.710999 -47.874001 31.858000 8.894002
-9.274000 49.678001 38.551998 7.898411
-45.221001 -49.054001 -0.460000 8.812011
39.213001 7.868000 28.752001 7.285453
13.663000 7.575000 17.783001 8.794127
5.536000 -33.922001 44.612000 8.907734
-9.255000 34.990002 -24.492001 8.077056
13.501000 19.563000 18.607000 8.558978
2.664000 -37.397999 13.994000 8.962381
16.073999 -22.386999 -9.498000 8.641999
-67.882004 -44.971001 21.862000 8.263150
0.091000 1.385000 14.537000 9.003765
-3.218000 -47.155998 -18.469000 8.119044
51.476002 8.907000 18.035999 7.263022
-68.424004 -45.493000 -12.439000 8.946470
-30.259001 -16.391001 -25.208000 7.058146
-71.503998 37.799999 38.549999 8.817435
1.358000 19.204000 15.843000 8.774720
-77.494003 -2.177000 29.381001 9.271461
5.960000 -38.209999 9.833000 8.464808
-32.911999 -43.202999 -12.470000 9.111511
38.020000 -1.303000 43.361000 6.348514
-70.570999 10.255000 6.634000 8.811005
-78.405998 -4.377000 8.564000 8.715981
-75.835999 19.629999 -0.466000 8.986139
-71.092003 42.695000 -3.475000 8.142379
-1.060000 -39.129002 41.736000 9.098986
-65.935997 -37.426998 5.473000 9.315088
44.769001 9.667000 8.613000 7.727506
-78.820000 4.507000 32.558998 9.244090
-18.326000 -41.646999 44.474998 8.746426
-6.249000 -35.404999 -18.420000 9.061578
-77.467003 -28.287001 47.028999 8.884584
-3.222000 19.718000 -25.208000 8.012308
40.515999 6.375000 -14.076000 7.238482
2.777000 -46.278000 -6.471000 9.410648
-1.340000 -47.972000 -14.680000 8.125828
-67.028999 -34.216999 -16.483999 9.183810
-8.752000 -38.097000 23.062000 9.957246
4.810000 25.224001 21.118000 8.146021
-63.231998 -43.430000 -24.459000 7.648147
-55.090000 -47.942001 -17.285999 8.277509
36.334999 1.651000 24.025000 7.180681
-37.901001 -47.799000 25.507000 8.703099
-3.307000 40.777000 17.612000 7.644051
-27.084000 -39.944000 29.525999 9.640619
-79.974998 22.431000 43.445999 8.741625
41.666000 -1.343000 29.764000 6.779233
-72.204002 7.615000 49.985001 9.496571
-66.745003 -19.409000 12.524000 10.391036
-54.195000 40.618999 38.630001 8.958743
50.230999 4.804000 13.469000 6.908750
-64.445999 41.944000 47.859001 6.968410
-39.228001 49.007000 32.563000 7.728289
-33.432999 40.738998 14.631000 7.787728
-42.314999 49.602001 -6.460000 8.153642
-57.235001 33.527000 13.408000 8.814359
0.084000 -7.502000 -16.136000 9.167336
-6.249000 40.525002 38.508999 8.216076
14.759000 10.627000 20.520000 8.798801
5.302000 32.580002 -21.400999 7.885541
-6.233000 -13.362000 -25.208000 8.596549
-42.047001 -34.865002 12.109000 10.461700
-67.968002 -38.764000 -15.189000 8.980622
-66.113998 -37.501999 14.185000 9.372785
-60.213001 -39.672001 26.764999 9.960565
7.914000 28.386999 35.785000 7.759835
9.668000 22.605000 35.500999 8.365966
-79.448997 25.545000 -19.191999 7.763575
-15.263000 -48.618000 23.507999 8.347486
23.738001 -7.158000 -7.003000 7.476494
-39.270000 46.266998 8.549000 7.745752
5.466000 35.591000 49.514000 7.519711
-75.603996 37.683998 11.778000 7.542589
28.330000 2.478000 -2.031000 7.303183
-6.288000 31.304001 -15.342000 8.773784
-63.026001 -10.283000 -21.462000 9.021654
-51.308998 49.854000 32.525002 7.771509
-15.310000 -49.108002 -0.492000 8.810725
-71.296997 37.929001 -6.509000 8.481186
-72.139000 -0.009000 -9.346000 8.863680
-69.244003 -34.226002 2.525000 9.332941
-51.286999 31.909000 -24.719000 8.650207
2.915000 -34.608002 -21.473000 8.484428
2.907000 -4.355000 -18.466999 8.055070
-38.139000 -35.773998 9.904000 10.492065
-3.306000 48.460999 20.791000 7.887640
-5.585000 33.064999 -13.887000 9.058352
-66.373001 -47.132999 -0.435000 8.653741
-51.280998 -13.398000 -25.208000 8.724372
-48.278000 -28.332001 -25.208000 8.144305
26.388000 -7.454000 35.164001 6.925717
26.334000 7.686000 -9.425000 7.521768
23.743000 -9.523000 35.618999 7.168465
49.096001 5.285000 -4.891000 7.439128
-68.280998 -45.354000 2.395000 8.271793
-74.803001 -16.415001 49.797001 9.079215
-60.243999 -28.344000 -25.208000 8.510764
1.990000 38.840000 -6.445000 8.364227
-60.331001 43.598000 -24.357000 7.808125
-15.272000 35.035000 -18.424999 8.398843
-3.264000 28.632000 -25.208000 8.864417
-76.628998 24.379999 -22.806000 8.032733
-72.375999 0.338000 -9.532000 8.771625
-2.448000 19.601000 -21.246000 8.468200
11.483000 2.136000 2.493000 8.188820
-18.264000 40.490002 44.502998 7.633109
-51.286999 40.078999 29.546000 9.037199
-18.195999 19.650999 -25.208000 8.203746
-60.283001 31.382999 -15.229000 9.513028
-31.865000 38.868999 -3.609000 8.028203
-62.882999 10.658000 -21.534000 9.005402
-75.411003 -28.305000 14.088000 9.531102
-70.800003 -29.885000 4.833000 9.846107
16.055000 -22.341000 35.507000 8.407722
-72.195000 40.433998 32.523998 7.940845
2.790000 -1.289000 -0.451000 9.019194
3.350000 -4.366000 -12.524000 8.623044
45.123001 -4.384000 -5.609000 7.413200
-57.254002 -36.768002 -24.833000 8.258175
4.073000 -22.360001 -26.782000 8.027311
13.413000 -31.351999 -20.434999 7.936473
-68.528000 -22.212999 -14.482000 10.074265
-39.257000 10.624000 -25.208000 7.479392
8.251000 -10.339000 47.485001 8.016473
-66.322998 -19.327999 -24.700001 8.769499
3.843000 -3.642000 -0.271000 9.104014
-36.214001 -7.329000 -25.208000 7.350397
-0.152000 -22.333000 -24.656000 8.183021
-33.000999 34.893002 14.188000 9.474620
-9.062000 46.056999 -21.021999 8.066425
-69.362000 34.529999 29.569000 8.780926
-66.325996 -37.133999 29.444000 9.888418
-60.083000 48.388000 4.787000 7.728819
13.552000 -31.389999 17.962999 8.533827
-29.542999 -45.613998 -0.575000 9.284457
8.834000 -0.225000 26.414000 7.650544
-9.385000 47.556000 -18.792999 8.181762
-8.115000 -41.803001 34.139999 7.974221
-63.904999 -13.399000 14.920000 10.381389
-1.104000 -48.055000 -0.518000 9.273039
-18.267000 -40.988998 23.521999 9.150400
-57.242001 -37.849998 50.014999 8.970785
-63.855000 25.584999 17.427999 10.112415
-79.777000 6.100000 34.376999 9.663446
6.095000 -43.984001 44.609001 7.637159
-54.216999 -31.650999 -24.704000 8.066770
17.783001 -10.176000 38.576000 6.884463
34.216999 -0.156000 25.028000 7.440844
-15.238000 -47.772999 42.717999 8.079413
-33.633999 -45.404999 44.353001 7.605719
-10.916000 -38.826000 22.134001 9.730695
-36.234001 36.818001 -26.903000 7.800451
-39.243999 13.617000 -25.208000 7.412024
6.591000 43.979000 -9.267000 7.762800
-9.279000 -49.227001 -9.460000 8.745157
-0.281000 22.653000 -15.393000 8.787913
2.732000 -38.195999 26.563999 8.498586
-21.938999 -39.084000 -8.877000 10.201561
7.151000 -16.320999 44.555000 8.257573
7.976000 39.471001 32.821999 7.016823
-75.359001 -37.687000 -0.457000 8.941664
-80.787003 25.636000 23.496000 8.333675
2.948000 19.612000 -24.674999 7.782149
3.170000 47.594002 -3.503000 8.314378
47.148998 4.669000 31.973000 6.850070
2.902000 16.669001 -18.440001 8.315518
16.070000 -16.358999 -3.474000 9.040636
13.173000 23.705999 9.890000 8.916217
15.611000 16.628000 2.564000 8.947865
-60.221001 49.421001 -3.529000 7.800993
-36.262001 -39.491001 29.481001 9.736828
-42.258999 42.403999 2.027000 8.670053
-77.757004 -1.778000 -3.423000 8.945619
-66.475998 -22.368000 -15.604000 9.962708
-45.213001 -48.779999 23.504000 9.035157
-32.610001 -43.751999 32.424000 8.849292
8.277000 40.023998 17.451000 7.288769
-68.768997 10.680000 -24.892000 8.511216
-54.276001 49.819000 -9.431000 7.875950
-36.946999 42.387001 4.414000 8.122475
-42.269001 -45.084999 10.314000 9.103809
-32.061001 -42.797001 16.908001 9.037619
-3.129000 -47.391998 20.365999 8.841993
-6.306000 4.610000 -25.208000 8.545365
2.543000 -30.886999 29.601999 9.962459
-60.127998 -37.173000 24.091000 10.106531
-69.132004 -37.819000 -0.540000 9.499527
-1.823000 3.038000 -19.188999 8.927238
-76.341003 -28.521999 48.530998 8.562251
4.919000 -30.754999 38.691002 9.825740
42.886002 -4.625000 -5.062000 7.418331
8.870000 -13.338000 -24.319000 7.675575
21.537001 1.890000 -5.074000 7.777454
-12.246000 -35.712002 -21.297001 8.499642
-48.238998 -37.958000 8.486000 10.234276
-29.254999 45.598000 -3.437000 7.755380
32.638000 -4.472000 0.083000 7.641578
-71.249001 -37.793999 -3.513000 9.412842
7.542000 -22.013000 32.676998 9.113785
-79.853996 -21.870001 7.234000 9.100738
-59.938000 -45.021999 -23.143999 7.729275
-77.234001 2.472000 -15.711000 9.172615
6.443000 22.639999 -3.467000 9.304569
-73.598000 29.586000 3.931000 8.917472
-30.504000 37.812000 32.561001 7.545023
53.202000 -4.342000 26.573000 7.342033
17.733000 -1.351000 -22.643000 7.312139
-77.403000 -7.182000 15.248000 9.395374
9.172000 1.137000 38.657001 7.544257
2.766000 47.032001 -21.468000 7.732644
26.500999 -7.286000 46.997002 6.859077
-66.936996 -31.198000 -18.443001 8.724623
-36.231998 36.109001 -26.216999 7.922597
7.807000 19.636000 2.563000 9.218933
11.813000 1.375000 26.506001 7.570378
-34.560001 -45.071999 -6.241000 9.309331
-71.924004 40.577000 -24.459000 7.748210
-76.487000 16.704000 48.748001 8.836897
-62.803001 -25.375999 -21.547001 8.899302
-62.061001 -47.859001 4.114000 9.090527
13.488000 -19.313000 18.628000 8.449098
-66.274002 -36.842999 -26.794001 8.425211
13.446000 5.197000 17.552999 8.787490
13.715000 33.911999 -12.480000 8.275364
12.075000 -13.341000 47.535000 7.762026
-68.842003 22.663000 -24.910999 8.160355
-0.788000 42.470001 23.577999 7.477653
-30.737000 -37.728001 -6.452000 9.588877
-48.279999 10.637000 -25.208000 8.520525
-32.278999 -39.923000 29.415001 9.801205
-57.251999 -49.151001 -0.452000 8.857417
-25.660999 48.091000 -6.558000 8.025042
15.904000 -25.392000 26.577999 9.039435
10.758000 -9.894000 -23.520000 7.529757
42.587002 9.316000 5.280000 7.649932
-39.296001 -25.330999 -25.208000 8.308920
-33.470001 46.081001 23.608000 7.732156
-70.497002 22.193001 40.918999 9.760638
-74.239998 -39.169998 35.571999 8.822122
-30.393000 -37.139999 41.557999 10.126030
-54.043999 -44.304001 -22.403999 7.645730
-78.879997 -4.128000 -6.481000 9.081654
13.276000 21.871000 10.118000 9.392124
-33.455002 46.042999 -21.479000 8.384968
-75.241997 37.674000 47.498001 8.300121
7.723000 -40.285999 23.540001 8.205688
-34.050999 -32.470001 -21.417999 8.408959
-34.498001 -45.139000 -12.692000 8.855407
-69.075996 -0.682000 -12.363000 9.486643
-9.201000 40.785999 5.595000 8.693880
-45.047001 45.784000 15.109000 7.999910
12.638000 -35.055000 41.546001 8.514253
-60.275002 -49.007000 -9.429000 8.691218
-3.129000 25.646999 -18.421000 8.606050
-33.551998 -45.020000 -23.344000 8.108938
43.157001 2.787000 -13.924000 7.118385
15.823000 10.641000 29.514999 7.605197
-42.220001 49.457001 -0.492000 7.701854
-35.365002 -44.615002 9.598000 9.137637
-5.452000 -35.056000 -13.197000 9.404723
0.104000 -37.355000 11.473000 9.224662
8.127000 -39.918999 47.568001 7.806439
-15.218000 35.939999 11.700000 9.196053
1.356000 39.214001 40.486000 7.551429
-75.832001 31.430000 13.632000 8.742995
-18.302999 41.530998 2.542000 8.631121
-1.471000 -47.939999 1.742000 9.087359
-78.635002 4.619000 23.572001 9.218863
-0.153000 10.638000 -24.631001 8.150117
12.909000 31.917000 45.237999 7.773348
-23.834999 48.459999 23.721001 7.824803
-51.273998 43.553001 49.960999 7.084512
4.561000 19.459999 18.722000 8.776435
-77.636002 37.234001 -12.452000 8.322633
13.937000 4.937000 -12.445000 7.360534
-57.236000 1.665000 -25.208000 8.989562
-69.925003 -10.187000 47.706001 9.740742
8.817000 -13.382000 32.518002 8.046181
-39.284000 -48.382000 26.540001 8.695652
-68.094002 5.989000 -14.053000 9.593776
-2.479000 38.058998 -6.816000 9.123109
6.650000 3.954000 -0.521000 8.365950
-35.963001 -40.273998 14.545000 9.317483
-71.140999 37.770000 -18.434000 7.627284
-71.487000 -39.522999 -6.368000 8.751141
-78.521004 34.689999 23.545000 8.254889
-24.261999 -28.337999 -25.208000 8.218220
-27.266001 40.659000 -25.073000 7.342889
-3.387000 -48.250000 38.438999 8.072921
2.407000 -22.466000 -15.661000 9.621104
11.421000 9.412000 -17.711000 8.017363
2.813000 46.511002 20.506001 7.659316
-24.676001 47.791000 -15.780000 7.616077
13.115000 -13.521000 -19.865999 8.368081
-65.343002 -10.438000 13.484000 10.045815
-81.234001 22.610001 32.573002 8.534198
-42.180000 49.417999 -12.516000 8.376228
-80.652000 -16.327999 41.549999 9.139542
7.104000 14.494000 -7.599000 9.216532
8.522000 1.443000 49.834999 6.884754
8.705000 -16.388000 12.509000 8.560123
-70.435997 -22.746000 25.457001 10.396007
11.786000 22.621000 11.679000 9.550806
-70.838997 7.932000 37.873001 9.808182
-68.834000 -10.346000 -24.884001 8.673201
-75.031998 -7.311000 11.891000 9.595485
-24.194000 45.472000 -23.502001 7.303937
-48.182999 -30.708000 17.730000 10.891145
-69.722000 -34.188999 -12.423000 9.541668
8.265000 -37.839001 23.540001 8.369154
32.723000 8.053000 29.511000 7.184834
-32.966999 37.820999 -12.546000 7.990640
29.591000 9.954000 38.594002 7.409811
8.957000 22.691000 13.615000 8.995021
-39.221001 -40.375000 41.561001 9.359120
-29.962000 45.480999 -23.615000 7.248289
14.105000 -13.337000 -18.374001 8.166957
-74.386002 39.456001 -3.292000 7.649017
6.614000 3.247000 45.646999 7.324429
-69.207001 40.168999 5.771000 8.223050
2.412000 -4.443000 17.566000 8.850972
3.837000 -23.068001 19.987000 9.967231
6.483000 -34.292999 -6.426000 9.252109
-71.485001 -4.733000 5.360000 9.233579
-69.509003 39.771999 47.567001 8.563966
-12.242000 49.631001 26.493000 7.726637
13.749000 -33.883999 -15.290000 8.351609
-68.869003 45.911999 20.482000 7.733002
12.050000 -8.110000 -19.427000 7.848914
-32.646000 -43.499001 -3.421000 9.003069
4.661000 16.718000 18.636000 8.851470
-57.290001 47.537998 -19.040001 7.392493
7.231000 -23.709000 34.583000 8.898356
4.948000 -32.278000 23.563999 9.531338
-36.938999 39.631001 20.481001 8.021886
-48.422001 47.860001 19.607000 8.260577
-45.160000 40.355999 -12.382000 9.130733
12.900000 -28.365000 45.540001 8.233423
-64.431000 41.855000 49.452000 7.002415
-1.256000 45.027000 9.864000 7.973217
-12.254000 10.647000 -25.208000 8.437369
15.200000 -10.209000 -12.476000 7.540692
-61.800999 42.201000 -5.109000 8.111094
4.401000 -8.153000 4.499000 8.952542
-48.196999 -40.707001 44.507999 9.021642
12.668000 35.466999 32.449001 7.431802
-77.153000 7.572000 15.417000 8.756654
-27.319000 -45.105000 -23.389000 8.124727
4.726000 -5.225000 21.101000 8.783021
40.714001 4.603000 1.272000 7.272439
8.556000 1.677000 14.362000 8.382855
-69.460999 44.044998 32.450001 8.088092
-63.969002 47.866001 23.284000 7.732085
-12.258000 -49.285000 -6.444000 9.155531
40.035999 -8.980000 4.531000 7.701447
-79.444000 -22.158001 19.632000 9.450180
2.767000 -45.541000 44.549999 7.519805
0.361000 -31.723000 8.501000 9.439596
-63.187000 -34.393002 20.504000 10.131683
32.702000 1.651000 -17.420000 6.736576
-27.353001 40.257999 29.497000 7.074421
-40.029999 -39.071999 -9.082000 9.265589
7.496000 13.651000 24.198999 8.378324
7.310000 18.886000 24.739000 8.667926
-45.259998 -40.442001 -25.044001 8.316386
-60.362999 -44.018002 13.798000 8.764466
-79.893997 -27.924999 4.582000 9.325695
6.798000 -3.318000 49.342999 6.971586
16.086000 -22.306000 32.528999 8.914576
-73.105003 -10.317000 5.559000 9.870336
2.953000 -31.871000 14.174000 9.430330
-80.056999 -28.216000 41.362999 9.422701
-69.060997 -4.393000 11.257000 9.732487
-45.312000 39.971001 13.279000 8.488672
-48.257000 -48.771999 38.518002 7.852096
-36.368999 -42.866001 49.868000 8.125702
28.301001 8.566000 -13.661000 8.148680
-75.216003 0.896000 -15.290000 9.188019
7.104000 -22.299000 42.200001 8.627306
-25.607000 48.070000 32.636002 7.835549
-45.245998 49.250000 23.500999 8.461800
-48.341999 48.693001 5.256000 8.218445
-63.193001 -31.257000 -21.465000 8.662893
-68.699997 16.584999 20.945999 9.965398
-60.325001 49.325001 -12.413000 7.504980
14.929000 -25.348000 20.532000 9.179709
-69.290001 -0.215000 -15.500000 9.294452
-76.676003 -23.044001 16.143999 9.570709
-26.921000 39.735001 23.683001 7.330950
-56.931000 39.493999 23.650999 7.996202
-70.697998 -2.906000 -4.695000 9.454581
-73.278999 -10.365000 -3.464000 9.852348
-51.235001 49.610001 2.565000 7.724713
-80.698997 -28.363001 -3.426000 9.249722
-40.375000 -47.923000 21.910999 8.970626
-75.364998 -16.382000 14.399000 9.790322
-77.402000 -10.296000 46.862999 9.341225
-59.652000 -42.101002 43.691002 8.349995
-69.857002 -31.629999 29.000999 10.451653
-36.257000 -46.487000 -0.474000 9.307387
-2.473000 -31.621000 -12.868000 9.247889
15.647000 -16.364000 41.558998 7.741395
-32.502998 -40.439999 5.563000 9.042340
-63.226002 46.046001 47.410000 7.049794
48.962002 9.047000 26.759001 7.431532
-42.238998 -40.271000 2.564000 9.281858
-45.278000 -40.474998 11.982000 8.959071
4.068000 13.724000 -26.754999 8.249417
-57.284000 46.000000 -20.820000 8.165113
-81.234001 -22.348000 29.521999 9.295915
-70.851997 -35.612000 -15.595000 9.101232
1.029000 30.076000 -7.689000 8.705672
-48.242001 -45.520000 47.007000 7.842786
35.831001 7.337000 26.672001 7.254824
-51.248001 -39.813999 26.489000 9.633027
8.342000 37.695999 5.540000 7.782088
2.777000 -46.403999 -3.474000 9.012450
2.607000 25.603001 -12.439000 9.504869
-12.237000 43.743999 50.050999 6.960855
-51.014999 -44.796001 16.101999 8.662605
-21.243999 40.727001 26.533001 8.015762
-6.381000 36.115002 -26.278000 8.606686
-12.293000 -47.784000 42.796001 8.058830
-76.561996 3.918000 9.436000 8.697438
-32.465000 37.625999 -21.415001 8.123560
37.717999 1.678000 17.544001 7.612846
-74.212997 13.630000 -11.894000 9.825883
-67.085999 -23.105000 22.444000 10.221758
-80.365997 22.629000 -15.423000 8.336335
-12.186000 -34.834000 -15.982000 8.943777
-51.265999 40.161999 23.507999 8.238889
-57.358002 43.813999 12.300000 8.538736
-32.367001 43.779999 35.547001 6.946472
7.277000 -35.778999 -13.144000 8.592105
-69.872002 -3.704000 32.442001 10.038821
-12.218000 40.971001 17.457001 7.572611
-2.388000 -28.646000 -15.691000 9.841810
15.852000 13.629000 -12.452000 7.900763
-63.313000 -34.889999 11.901000 9.342672
-0.208000 28.665001 17.579000 8.711366
-15.268000 -31.669001 -24.795000 8.252123
-30.285999 10.676000 -25.208000 7.558337
-51.219002 41.066002 38.539001 8.393860
5.742000 39.653999 -3.446000 7.886725
-27.311001 47.264000 29.478001 7.016876
15.606000 -28.379000 26.538000 8.717148
-70.822998 15.419000 24.732000 9.996032
-24.103001 48.616001 26.593000 7.612603
1.038000 -11.469000 -13.890000 9.295195
5.566000 -31.587000 14.038000 9.570880
-78.125000 -34.431000 -12.394000 9.102065
-79.809998 -29.993000 40.507999 9.332763
-65.275002 -16.292999 13.452000 10.522576
11.256000 37.029999 -12.519000 7.893178
-69.216003 -1.480000 14.592000 9.537417
-9.285000 -48.650002 23.566000 8.254481
-39.261002 -34.383999 -15.276000 8.994696
11.266000 1.690000 41.632000 7.108283
1.932000 38.870998 -12.461000 8.450286
-51.266998 31.452000 -21.507999 8.875379
-60.265999 -48.356998 38.514000 7.778912
-3.262000 -4.386000 -25.208000 8.203145
8.650000 -4.395000 29.500000 7.607980
-68.737999 -34.500000 29.569000 10.187004
-69.739998 34.445000 17.583000 9.015161
-1.493000 -25.362000 -22.636000 8.432779
-76.364998 38.785000 -21.127001 7.324880
14.130000 -7.335000 5.508000 8.219643
0.744000 -47.667999 35.755001 8.402648
5.310000 -7.368000 -6.465000 8.787174
6.526000 -34.353001 -3.441000 9.449783
-57.291000 -43.304001 38.529999 8.366819
-72.161003 40.290001 29.559999 7.975399
49.955002 -1.401000 13.411000 7.066120
35.715000 -9.826000 32.466000 7.183669
-18.302999 37.324001 11.816000 9.314164
10.431000 21.976999 -23.135000 8.142585
0.312000 29.698999 -9.907000 9.126370
-71.066002 43.033001 -21.537001 8.151202
-2.334000 19.594000 -16.448000 8.754493
-36.291000 -34.192001 -25.090000 8.601836
-33.091999 37.632000 17.403999 8.441069
16.045000 13.611000 -6.463000 7.549472
16.099001 16.643000 -6.451000 9.279153
28.500999 -1.351000 43.805000 6.218032
11.472000 -1.557000 -15.499000 8.195481
2.893000 47.410999 2.588000 8.231106
-26.033001 -47.958000 -11.737000 9.374966
-34.084000 -32.556999 16.667999 11.169744
-71.899002 40.259998 49.973999 7.835003
47.770000 -7.338000 10.739000 7.070305
-25.927000 -47.923000 26.485001 8.362808
-32.937000 35.771999 -13.700000 8.523318
-63.879002 32.625999 -13.709000 9.965255
50.734001 -9.873000 11.595000 7.779421
-72.056999 -25.312000 44.513000 9.930602
-48.224998 -49.290001 -6.492000 9.394258
15.651000 -13.372000 23.527000 8.217090
41.848000 7.792000 14.280000 7.964499
36.798000 -6.639000 2.115000 7.945025
0.739000 -47.618999 -6.422000 9.497145
3.855000 29.792000 8.984000 8.516672
-21.289000 10.605000 -25.208000 7.956995
-63.759998 -47.521000 38.766998 7.848979
-48.257000 49.573002 -12.439000 8.103493
4.929000 -32.229000 -9.500000 9.980474
32.667000 9.634000 -12.379000 7.677025
-74.858002 -31.343000 49.973999 8.500675
37.292999 0.610000 -17.002001 6.597699
-6.143000 41.775002 -3.646000 8.779201
-76.619003 -24.780001 16.145000 9.154442
-2.036000 -32.319000 -9.900000 9.959018
2.261000 -16.438000 -12.302000 9.814713
41.731998 9.874000 32.584000 7.461995
41.631001 -4.363000 29.819000 6.548654
-0.260000 48.772999 29.547001 7.406058
5.742000 -7.375000 11.052000 8.644777
16.101999 19.618999 29.525999 7.765716
-48.328999 43.750999 14.320000 7.791576
-30.759001 35.325001 47.460999 8.121650
37.539001 -4.702000 20.252001 7.442732
-18.370001 37.019001 -11.585000 8.564545
-21.229000 16.570999 -25.208000 8.497738
11.134000 -7.326000 11.383000 8.584241
-71.741997 -39.785999 14.350000 8.547689
-18.216999 -47.652000 19.500000 8.619017
-81.070999 -13.352000 -0.458000 9.105881
-35.349998 35.796001 9.837000 8.834341
-4.216000 -47.881001 -17.017000 7.879792
-60.279999 -49.011002 -6.423000 8.742712
-71.453003 -7.529000 44.127998 9.603418
20.665001 -7.066000 -20.959999 7.382535
-45.241001 47.405998 44.852001 7.401360
-32.813000 -37.424000 17.398001 9.766278
11.535000 4.631000 47.400002 6.951832
-71.901001 40.589001 -15.472000 7.808112
-0.225000 48.926998 -0.480000 7.977313
-71.223000 -0.436000 -3.582000 9.036507
-76.110001 13.680000 -6.501000 9.017206
-33.352001 31.868000 -24.966999 8.240398
-26.774000 -39.452999 23.743000 9.622358
-39.278000 48.928001 38.532001 7.657170
-21.271000 -37.091000 18.274000 10.071630
-0.784000 34.606998 -0.388000 9.213840
-24.284000 -31.597000 -24.756001 8.230441
2.700000 -13.330000 14.471000 9.500092
-42.096001 -47.451000 19.975000 9.419262
16.016001 13.630000 -9.441000 7.737698
-67.410004 -39.000000 -21.735001 8.428963
-27.368999 -35.875999 -22.841000 8.620041
-69.584999 -39.191002 26.534000 9.313864
-40.622002 -38.868999 -11.064000 9.040963
-15.162000 -43.082001 47.723999 8.254006
-81.210999 16.688999 35.560001 9.505094
-79.956001 -30.552000 -0.543000 9.066193
-73.231003 -16.340000 -0.516000 9.944861
-66.299004 -37.332001 -9.505000 9.573825
2.938000 -16.364000 -24.680000 7.756936
-57.339001 47.243000 8.620000 8.216614
-26.010000 -39.004002 21.673000 10.190518
-80.960999 -25.327999 -12.471000 8.887751
7.257000 -15.005000 22.010000 8.573960
-3.355000 -48.210999 2.453000 8.715131
-81.231003 -22.344999 -6.518000 9.309997
-18.282000 -35.221001 -21.136999 8.707770
-71.033997 -5.011000 43.720001 9.705582
5.427000 28.679001 -25.180000 8.369140
7.607000 -40.022999 -9.560000 8.766748
-36.229000 40.518002 48.235001 6.719572
15.897000 13.665000 -0.438000 8.789519
-77.500999 -22.313999 -20.878000 8.744634
53.188999 -7.129000 5.586000 7.604227
-75.585999 -19.363001 12.586000 10.052583
-69.612999 39.772999 41.550999 8.450521
4.905000 -32.490002 -21.485001 8.338571
15.045000 7.694000 -12.460000 7.470575
-27.281000 -37.428001 20.474001 10.374731
-6.296000 40.595001 44.525002 7.712651
8.686000 -34.528000 49.917000 8.625230
-42.252998 -28.323999 -25.208000 8.154997
-80.776001 28.631001 -12.440000 7.911583
-64.286003 4.669000 -16.389000 9.642010
-39.276001 43.707001 -24.379000 7.527071
50.237000 -9.225000 5.672000 7.523202
-68.329002 31.299000 8.066000 9.355688
-72.433998 -0.299000 2.588000 8.555209
-70.228996 -13.298000 49.792999 9.508670
-66.283997 -46.558998 23.486000 8.394335
40.958000 -8.930000 -11.189000 7.731534
26.808001 1.649000 -3.404000 7.335732
-66.339996 28.643000 -24.684999 8.886430
-6.231000 -32.112999 17.466000 10.143023
5.756000 -34.528000 49.888000 8.530873
-3.415000 -33.259998 13.479000 9.583886
-9.971000 30.138000 -17.150999 8.296679
-72.245003 -25.379999 13.595000 9.510320
-0.974000 42.362999 21.139999 7.407242
-36.362000 39.588001 17.664000 7.811862
47.733002 -4.344000 11.066000 7.165910
15.989000 22.627001 -0.449000 8.682511
-80.457001 16.656000 5.503000 8.258429
-71.594002 16.646000 -14.465000 9.680621
13.495000 -28.355000 -20.487000 7.663213
4.782000 16.532000 -11.677000 9.072315
-25.197001 -45.099998 10.244000 8.887777
-21.239000 -48.523998 38.580002 7.857486
-42.235001 -46.248001 8.542000 9.071486
-0.102000 37.507999 17.584000 7.930501
11.824000 -19.379000 47.519001 8.212381
-3.196000 -37.716000 13.511000 9.192114
-18.281000 49.741001 -6.450000 8.550817
-72.181999 40.313999 17.409000 7.542445
4.558000 -45.092999 -0.496000 8.820947
-31.900000 36.063999 29.679001 7.589935
-66.102997 -37.123001 -0.460000 9.907983
-74.429001 39.695000 38.258999 8.099150
-1.693000 3.497000 -17.216000 8.722458
-79.139999 -22.431999 8.747000 9.170212
-57.250999 -7.415000 -25.208000 8.887520
-3.304000 7.629000 -25.208000 8.512149
-29.740999 -45.867001 26.511999 8.928616
5.670000 13.616000 13.266000 8.748728
5.601000 -34.272999 -24.849001 7.838905
-69.134003 1.295000 41.502998 9.923637
-68.832001 1.488000 47.716000 9.180010
6.612000 -22.323999 44.479000 8.444675
-69.598999 34.478001 20.545000 9.017421
-42.264000 -34.389000 -15.392000 8.879413
7.274000 42.236000 -5.128000 7.996238
-24.320999 40.775002 2.562000 8.731241
-2.342000 -10.321000 -21.386000 8.504060
-42.306999 35.158001 14.552000 8.818929
-68.797997 28.611000 -24.892000 8.466249
-39.383999 -32.187000 -16.476999 8.721143
-57.243000 -45.304001 46.612999 7.896886
-71.738998 10.677000 47.491001 9.547359
19.259001 3.235000 -4.933000 7.516474
-63.908001 -47.587002 -15.781000 8.605667
14.902000 -28.388000 41.548000 8.460822
-51.317001 43.209999 2.496000 7.974309
14.327000 -28.336000 -18.504000 8.013570
-8.650000 -44.763000 16.155001 8.448774
-73.057999 -19.372000 29.521999 9.913260
-60.292999 -46.763000 17.490999 9.082304
-30.200001 -22.403999 -25.208000 7.423570
-48.241001 46.587002 17.459999 8.129302
41.985001 -7.350000 25.858000 6.818623
-75.279999 1.767000 -6.470000 8.650064
-24.250000 40.147999 5.554000 8.583151
7.896000 39.794998 38.560001 7.149560
-62.727001 48.466000 38.584000 7.112368
4.729000 -22.365000 -6.496000 9.802855
-24.177999 -40.525002 11.840000 8.932245
4.970000 31.598000 -26.860001 8.920603
-15.273000 40.006001 35.487999 9.505692
-53.105999 -47.830002 -16.861000 8.246803
-81.244003 16.646000 32.541000 9.626397
45.189999 -7.405000 -5.747000 7.899621
2.368000 4.912000 20.705000 8.630792
-6.946000 42.273998 -0.436000 8.637230
27.129999 8.163000 45.256001 6.813678
-80.053001 -7.686000 41.095001 9.187521
-36.273998 -32.289001 16.900000 11.120069
13.872000 -33.945999 35.507000 8.474419
-70.992996 13.230000 32.169998 10.159308
-69.658997 44.187000 -0.392000 7.909149
-79.655998 -6.280000 3.546000 9.007167
-48.271999 31.962999 -15.825000 8.315922
3.384000 10.680000 13.807000 8.425228
14.688000 4.746000 48.459999 7.217930
13.601000 -4.857000 5.345000 8.216892
-5.112000 -35.397999 26.070000 9.857888
5.746000 -19.347000 11.607000 8.973030
28.565001 -4.440000 43.979000 6.226656
-51.255001 22.663000 -25.208000 8.301483
-66.209999 -37.383999 11.590000 9.074435
-75.191002 1.083000 -0.536000 8.727412
-54.382000 -47.749001 42.714001 7.715065
-71.508003 43.584000 14.472000 7.422059
-72.990997 -31.393999 38.521000 9.970600
-77.456001 -34.192001 8.404000 8.903973
7.394000 35.758999 2.625000 8.228307
-34.103001 45.674999 -18.645000 8.074060
-68.239998 45.544998 38.827999 7.827334
2.608000 4.742000 -15.463000 7.857482
5.804000 39.806000 -15.453000 8.202338
6.136000 -43.553001 -0.466000 8.673521
-18.285999 48.497002 21.197001 7.442640
-36.519001 43.347000 -6.452000 8.197802
-9.264000 -10.361000 -25.208000 8.155081
-63.429001 -36.484001 8.198000 9.504480
-8.490000 -38.862000 4.002000 9.766140
-76.952003 7.806000 -23.326000 8.717765
-42.303001 -40.473000 38.506001 9.515450
-75.855003 38.134998 38.682999 8.336678
-51.298000 40.494999 11.508000 8.343492
-9.119000 43.493000 12.005000 8.130400
-27.167999 37.252998 14.278000 9.218040
17.973000 3.394000 -4.912000 7.845069
-71.834000 29.431999 13.222000 9.591037
-39.240002 -37.611000 -12.533000 9.347752
36.776001 4.434000 5.402000 7.790903
41.916000 8.748000 -9.856000 7.644461
5.350000 -7.323000 -0.455000 9.035464
-65.442001 37.747002 5.288000 8.382085
-57.250000 49.250999 2.593000 7.592831
-57.235001 40.362000 38.554001 7.885524
-15.275000 -1.428000 -25.208000 8.192189
-64.100998 28.701000 17.368999 9.695755
7.339000 35.801998 -12.486000 8.337810
-70.946999 -11.052000 -14.168000 10.155295
5.150000 -45.271000 17.591999 9.044838
-3.260000 -40.167000 38.495998 8.769526
42.245998 1.649000 0.055000 7.390602
-39.278000 -35.422001 -18.579000 8.692834
-32.355999 -40.206001 -18.511000 8.451727
-2.792000 31.731001 -12.542000 9.076848
-70.541000 -1.441000 -3.530000 9.003277
-15.238000 -45.502998 46.856998 8.428252
-65.963997 -39.421001 47.374001 8.482476
17.747999 -1.358000 49.457001 6.870468
5.864000 -34.291000 41.637001 9.246112
17.739000 -7.097000 -20.959000 7.532422
-34.526001 -44.908001 46.050999 7.906583
-27.304001 40.458000 35.542000 7.102449
11.760000 -7.461000 -6.969000 7.933548
-18.212999 44.421001 -22.247000 8.116671
-54.282001 43.905998 12.607000 8.175422
-76.829002 -35.935001 -10.145000 9.020402
-7.431000 -39.087002 27.396999 9.300140
43.109001 -1.122000 -4.993000 7.086764
-33.293999 36.110001 -26.230000 7.696191
-51.223999 40.403999 20.490999 7.757113
-68.846001 31.608000 -24.905001 8.662098
-45.264000 -37.662998 8.531000 9.816922
-69.130997 -1.421000 11.264000 9.293602
-72.958000 -13.379000 -9.496000 10.262000
-3.270000 49.344002 38.556999 7.307650
44.748001 4.631000 10.832000 7.234768
11.270000 -37.007000 14.529000 9.181472
-76.820000 -35.915001 26.356001 9.223060
-76.525002 13.610000 48.783001 8.914793
-68.731003 4.715000 20.538000 9.718843
7.884000 19.677000 -0.467000 9.585361
20.729000 -7.255000 -6.683000 7.350235
-30.698999 43.509998 -12.462000 7.512079
-6.344000 -47.924000 -17.117001 8.060396
-60.264000 -48.470001 -15.442000 8.377268
-71.141998 34.129002 47.624001 8.804823
-79.097000 -28.385000 -18.542999 8.853026
7.530000 -5.811000 24.826000 8.163150
-73.271004 -13.343000 -3.454000 10.134026
2.033000 -19.422001 8.190000 9.630519
-74.464996 -0.103000 8.580000 8.409311
-10.927000 42.158001 -0.550000 8.516927
-81.160004 25.601000 32.473000 8.789571
5.720000 10.647000 13.566000 8.490087
-69.026001 31.454000 35.659000 9.915417
-66.422997 -1.237000 20.528000 9.785881
-73.133003 7.369000 -0.252000 8.719347
27.233999 7.623000 -12.461000 7.834959
4.017000 0.252000 -2.762000 8.753058
-21.226999 -42.879002 11.668000 8.690543
-6.278000 -36.777000 -24.917000 8.105118
-36.303001 -35.421001 -18.568001 8.527635
-80.000000 8.350000 -0.649000 8.190881
-54.501999 38.931999 -13.850000 8.905818
-48.273998 -42.817001 -23.934000 7.768468
40.743999 -6.493000 40.463001 6.936195
-42.258999 -48.299999 38.508999 8.104097
25.737000 -4.355000 -6.739000 7.160017
23.781000 -8.570000 -19.676001 7.202335
11.350000 -1.681000 -3.438000 7.786240
43.179001 -2.406000 -13.888000 7.404471
-45.257999 -39.268002 24.106001 9.943767
-62.132000 22.611000 -18.341000 9.122580
8.866000 -19.389000 -24.433001 7.443201
-24.396999 47.800999 5.686000 7.846895
2.759000 -46.369999 5.538000 8.763072
-54.299000 31.406000 -21.521000 8.558437
-39.259998 -40.457001 44.619999 9.003834
8.773000 13.627000 11.898000 8.781896
40.164001 -8.888000 24.707001 7.006042
-64.430000 -36.300999 -15.546000 9.109130
5.853000 35.731998 44.574001 8.160669
-69.177002 7.595000 8.486000 9.059974
50.118000 -7.036000 -3.272000 7.932947
-12.223000 41.754002 2.521000 8.480975
-22.316999 -41.786999 39.563000 9.179696
-45.266998 -48.787998 2.558000 8.817170
-72.196999 -31.416000 32.528000 10.023705
-12.280000 39.638000 7.575000 8.633245
-66.046997 -38.000000 17.573999 9.039330
-75.165001 -0.543000 41.473999 9.063393
-3.249000 -31.709000 -24.591000 8.020285
-38.261002 -47.726002 35.838001 8.309229
-9.409000 43.245998 49.785000 7.066506
-72.478996 -13.337000 8.530000 10.043432
15.760000 -16.295000 2.552000 8.129480
-44.917000 35.723999 12.119000 8.705705
30.101999 -4.261000 -1.278000 7.931470
-60.222000 46.777000 8.547000 8.313494
13.303000 -33.283001 -20.301001 7.976285
-42.636002 -48.032001 4.614000 8.874849
-57.485001 38.592999 -13.704000 9.266707
26.764999 -1.353000 35.292999 6.654310
-73.916000 39.227001 21.007999 7.694115
-7.969000 -41.855000 49.021000 8.728848
-47.278000 38.929001 9.998000 8.580691
-38.757999 48.040001 42.636002 7.462353
13.054000 -3.748000 20.209000 8.329260
-71.391998 -22.264999 47.298000 9.581339
15.104000 19.660000 5.537000 9.310669
-3.754000 -36.830002 -6.482000 9.756388
-0.173000 40.914001 32.542000 7.527820
-24.302999 -45.881001 8.500000 9.098189
-48.296001 -45.984001 17.535999 9.351338
37.006001 5.916000 42.875000 6.373374
-71.385002 37.745998 20.561001 8.443979
15.220000 -9.920000 35.687000 7.589673
-18.139999 -47.390999 -18.962000 7.906273
-70.922997 8.694000 41.932999 9.176221
-57.249001 49.273998 23.497999 8.186482
-62.886002 -25.285000 20.662001 10.175730
-14.694000 -38.405998 13.174000 9.356593
23.730000 -4.330000 32.275002 6.695958
-12.294000 49.835999 29.500999 8.171094
-2.123000 -47.785999 3.783000 8.731617
36.402000 1.547000 -0.321000 7.383626
8.190000 1.173000 -12.458000 7.792308
-69.346001 22.622999 32.590000 10.190130
-66.042999 37.700001 32.539001 8.518949
-38.298000 45.366001 10.379000 7.764306
-30.233999 25.617001 -25.208000 7.727964
2.922000 39.710999 8.672000 7.638289
-64.814003 -47.914001 -11.002000 8.764724
-51.249001 -25.365000 -25.208000 8.779022
8.618000 -37.534000 11.528000 8.234789
8.360000 -0.768000 -12.465000 7.668715
-0.365000 35.058998 -15.781000 8.105467
-9.270000 -47.109001 -18.621000 7.747003
-15.264000 47.785000 19.812000 7.824358
15.636000 -19.364000 41.563999 8.169029
-21.250999 -48.324001 2.538000 9.077478
0.526000 34.665001 20.237000 8.505726
-66.376999 -16.323999 -24.698999 8.792595
-57.199001 44.410999 -22.273001 7.976460
-45.290001 45.879002 47.033001 7.330871
-32.828999 -40.328999 44.495998 9.201417
-37.984001 -47.737000 -9.600000 9.332210
8.715000 -28.349001 49.904999 8.521785
-51.248001 -47.403999 19.989000 9.152095
-80.391998 -7.325000 -6.422000 9.102067
-64.320000 -36.435001 20.573999 10.146729
-2.081000 48.117001 42.911999 6.887133
-81.157997 16.702999 -0.426000 8.157804
-76.987999 2.028000 -23.360001 8.636920
13.638000 33.891998 38.570000 8.229450
7.841000 -40.102001 -18.492001 8.454290
-39.247002 -31.177999 -21.533001 8.298476
0.933000 -22.271000 11.259000 9.566453
41.355000 9.316000 -8.621000 7.764458
23.818001 9.414000 41.481998 7.027632
-1.410000 -39.042000 38.887001 8.849132
-70.890999 -42.131001 10.734000 8.452946
-62.736000 48.509998 -0.546000 8.017451
-45.262001 35.040001 -18.445000 7.867004
-32.705002 40.210999 -3.460000 8.086526
-27.268999 1.654000 -25.208000 7.511555
-21.323000 -32.577999 -21.799999 8.396005
-45.330002 -44.101002 -22.243000 7.732776
-61.091999 41.926998 0.041000 8.387320
-42.257000 -46.661999 44.553001 7.662780
-50.928001 -39.103001 -9.448000 9.930686
4.989000 -16.365000 -26.811001 7.857893
-69.139999 37.625000 50.157001 8.373257
11.377000 37.376999 38.625000 7.634695
-29.618999 -32.411999 -18.695000 8.755925
-71.547997 -33.623001 35.583000 9.878671
-76.139000 22.436001 -22.354000 7.497552
-42.254002 -39.636002 26.534000 10.247854
6.593000 -22.524000 49.669998 8.879518
38.529999 -9.104000 37.866001 7.093629
-0.398000 1.469000 -18.448000 8.362644
-71.525002 37.719002 17.465000 8.712682
-21.259001 49.403000 32.515999 7.160938
14.329000 31.653999 -15.497000 8.677065
-42.257999 -43.391998 14.345000 8.915545
-60.249001 -46.195999 -21.462000 7.772455
-27.275000 36.812000 -26.924000 7.540898
-58.742001 35.244999 19.059000 9.013678
-13.078000 -44.773998 16.100000 8.449925
-6.109000 47.743999 6.496000 8.118774
-70.738998 36.182999 18.228001 8.621853
-21.311001 -48.549999 23.532000 8.340985
-67.025002 39.555000 8.636000 8.364375
-57.263000 -49.069000 -12.471000 8.700329
-54.264000 42.981998 -6.417000 8.191155
5.088000 45.558998 47.104000 7.076547
-60.277000 -35.714001 -21.318001 8.410381
-0.357000 -28.417999 14.468000 9.893071
-70.970001 42.485001 -9.517000 8.025074
3.192000 47.571999 -9.363000 8.034149
-72.260002 13.614000 12.069000 9.360374
-57.245998 -30.535000 17.517000 10.382485
27.834000 9.236000 33.847000 7.444232
-69.175003 4.622000 47.570999 9.508831
-12.298000 22.653999 -25.208000 7.890136
-63.354000 37.352001 -25.007000 8.261584
-24.164000 48.613998 32.583000 7.905209
-18.919001 -45.008999 -23.138000 8.022782
-48.291000 49.849998 -6.431000 8.360117
0.083000 -36.800999 32.619999 9.466220
-74.550003 39.594002 14.392000 7.440495
14.951000 8.086000 -9.306000 7.768682
16.087000 22.648001 29.556000 8.297286
2.572000 -31.469000 8.438000 9.193992
46.868000 -9.508000 31.486000 7.294133
50.028999 7.215000 -3.115000 7.229750
17.650000 8.759000 -9.136000 7.635403
-70.577003 -26.017000 -10.555000 10.086446
-74.041000 -16.268000 43.587002 9.171623
-40.326000 42.393002 44.910999 7.483165
-70.755997 -29.809999 6.520000 9.980122
8.517000 -37.805000 44.523998 8.501858
0.952000 0.282000 9.585000 8.497251
-18.281000 40.858002 47.518002 7.642140
-36.251999 -28.386999 -25.208000 8.071446
-0.166000 -36.981998 20.548000 9.042526
-71.823997 -39.848999 5.543000 8.608675
7.832000 5.198000 26.834000 7.909851
-67.889000 19.695000 -21.771000 8.386954
-18.263000 49.695000 -3.457000 8.597770
31.268000 6.123000 28.065001 7.157461
-74.833000 13.629000 -0.485000 8.755620
27.761000 -4.371000 -15.267000 7.242487
-24.407000 -41.465000 29.624001 9.658445
-63.283001 -47.136002 41.516998 7.812467
-27.294001 46.881001 -9.484000 7.681416
-4.390000 42.189999 18.879000 7.510935
-76.782997 3.078000 46.171001 9.058640
7.162000 -23.448999 31.983000 9.216039
8.576000 16.695000 -0.458000 9.591042
25.784000 4.595000 -20.399000 6.968928
3.416000 0.911000 5.801000 8.526109
-81.124001 16.614000 26.546000 9.543478
-32.750999 -39.919998 41.700001 9.533881
26.737000 -7.351000 -18.579000 7.457751
-45.264000 -49.159000 26.507999 8.722800
-39.278000 -19.356001 -25.208000 7.488663
-66.297997 -19.381001 20.296000 10.223840
-15.280000 -41.308998 29.544001 8.735051
-39.243999 -46.244999 17.495001 8.979373
17.805000 -3.861000 49.220001 6.944471
-71.802002 31.538000 41.667999 9.511683
14.879000 -31.341000 26.556999 8.864934
-3.231000 -22.382000 -25.208000 8.053200
-42.410999 -36.723000 -14.487000 9.026708
-39.262001 40.745998 41.639999 7.242359
-18.209000 -48.169998 41.132000 7.942417
-54.220001 -49.294998 -6.484000 9.188551
-71.940002 40.577000 -18.472000 7.804002
1.675000 -27.476000 21.132000 10.213020
-69.617996 16.632000 38.528000 10.309285
-30.292000 46.083000 41.529999 7.127165
-81.114998 22.701000 38.499001 8.673978
-33.526001 -40.499001 11.235000 8.932863
16.097000 -22.405001 -6.514000 8.668884
-24.250999 -48.349998 29.509001 7.892633
-42.278000 -40.490002 11.780000 8.903749
-60.278999 7.664000 -25.208000 8.736807
-64.336998 28.600000 15.322000 9.461089
30.547001 -8.962000 -4.642000 8.175809
-6.257000 40.394001 41.523998 8.182070
-64.021004 -19.784000 19.420000 10.824076
-70.820000 35.993999 6.624000 8.449165
-42.676998 -39.139000 -11.678000 9.126117
-21.362000 47.825001 19.768000 7.417248
-69.948997 44.189999 5.515000 7.496304
-63.451000 -1.500000 -24.874001 9.208537
-70.960999 -35.362999 8.501000 9.353141
-64.457001 4.893000 14.830000 10.540929
16.076000 -22.365999 -3.499000 8.560127
-18.334999 -47.285999 5.922000 8.627157
-0.236000 -43.578999 13.642000 8.493246
-70.992996 -42.456001 8.520000 8.637333
-1.973000 38.800999 -4.040000 8.754173
11.663000 37.782001 5.451000 7.931173
-39.695999 -36.293999 -14.280000 8.918308
15.545000 1.541000 49.185001 7.131957
-54.236000 -38.230999 -12.513000 10.061904
-8.289000 -38.805000 -2.273000 9.835230
-9.127000 -47.764999 42.688999 8.067513
-9.291000 -35.715000 -21.323999 8.298953
-54.356998 -40.062000 46.855000 8.773125
-77.795998 -22.341000 47.230000 9.177505
-57.237000 40.682999 13.691000 8.164701
-80.360001 31.610001 -6.470000 7.451137
-24.708000 47.858002 41.721001 7.309823
3.136000 39.476002 -18.568001 8.142817
34.316002 -8.862000 -13.969000 7.661815
11.055000 19.648001 41.499001 7.648468
-70.320999 44.419998 -18.474001 8.058067
-63.657001 -28.413000 23.162001 10.392464
-39.299999 -37.180000 20.365999 10.118337
14.070000 4.801000 38.449001 7.290296
12.932000 3.520000 2.623000 8.705596
-70.462997 29.122000 6.744000 9.065274
3.434000 39.376999 -12.581000 8.153813
17.756001 9.588000 -12.460000 8.187674
-1.534000 16.591999 -22.684999 8.201776
-67.889000 16.660999 -21.775000 8.406456
-79.112000 16.625000 -18.868999 8.057782
12.667000 -10.312000 9.190000 7.975990
-45.236000 -49.248001 32.563999 8.488029
-70.829002 27.039000 36.903000 9.733003
-72.278000 -19.319000 12.008000 10.017238
-80.791000 -28.403999 -9.496000 8.909143
-48.478001 -32.174999 19.195999 11.341031
-33.161999 34.597000 -15.611000 8.377685
6.315000 10.402000 -14.798000 8.434829
-30.270000 -1.371000 -25.208000 7.409170
-45.118999 48.437000 -17.677999 7.760103
-66.943001 -35.085999 -3.517000 10.014092
38.773998 1.643000 24.378000 6.984743
14.779000 25.642000 5.572000 8.629088
-0.233000 -37.226002 -12.494000 9.133211
12.018000 4.365000 -6.071000 7.859982
-48.285999 49.833000 29.527000 7.865733
10.519000 22.160000 44.192001 8.013071
-12.265000 34.960999 -24.518999 7.913502
-48.261002 -13.358000 -25.208000 8.587220
-21.292000 -38.317001 5.560000 10.447105
-25.584000 48.077000 26.407000 7.433699
-12.355000 -44.301998 -22.333000 7.874579
-24.243000 -34.521000 -18.469999 8.708643
-78.151001 25.636000 -21.485001 7.567606
27.239000 -1.311000 38.568001 6.445791
-0.080000 -25.540001 -15.668000 9.378040
-70.404999 -36.341999 17.709000 9.573270
14.088000 25.664000 -18.399000 8.063456
-54.270000 4.688000 -25.208000 8.741548
-71.862999 40.469002 5.503000 7.556896
28.166000 1.735000 40.129002 6.654810
-66.723000 -37.764000 38.585999 9.409178
-64.202003 25.628000 15.390000 9.657562
-12.210000 49.077000 23.482000 8.065667
3.855000 29.844000 2.323000 8.662998
-51.266998 37.706001 17.273001 8.483112
-69.097000 -37.902000 -9.301000 9.269456
-79.380997 10.588000 19.809999 9.525855
-79.112000 -19.318001 8.682000 9.159604
-74.283997 37.514999 49.639000 8.665082
4.210000 -26.667000 3.718000 9.660032
13.254000 4.809000 15.938000 9.072927
-71.841003 -7.401000 -9.474000 9.827417
2.696000 -34.250000 11.995000 9.025284
10.965000 -34.347000 11.543000 8.384265
-77.938004 13.670000 17.591000 9.389007
-57.243999 -13.348000 -25.208000 8.588874
-69.233002 -34.632000 49.976002 8.800010
-75.522003 34.588001 12.063000 7.730821
8.245000 -19.386999 29.452000 8.718366
-65.063004 19.525999 18.886000 10.617664
-23.632000 48.375999 2.468000 8.541968
44.786999 -9.795000 14.504000 7.257276
-75.529999 13.631000 12.139000 8.936568
-63.723000 -13.380000 17.247000 10.081871
-36.035999 47.416000 2.565000 7.940928
-9.221000 49.800999 35.507999 8.174397
-30.090000 -45.318001 11.011000 8.786476
-75.030998 -13.311000 41.529999 9.362434
10.589000 13.715000 10.822000 8.699987
17.757999 7.108000 47.074001 7.092425
8.841000 -16.306999 13.517000 8.668810
7.454000 42.698002 -0.593000 8.089591
-42.254002 -48.655998 -0.432000 9.011905
-39.262001 48.972000 29.546000 7.679930
15.594000 -25.334999 23.555000 9.013770
-3.167000 40.659000 -0.481000 8.706435
14.018000 -16.330000 8.458000 8.318026
-4.145000 -36.514999 -9.272000 9.919645
-63.942001 36.601002 23.608999 9.058613
2.627000 34.535000 11.994000 8.585864
-69.464996 4.665000 5.527000 8.624742
-68.379997 -19.079000 21.452000 10.221339
2.700000 -43.660000 13.889000 8.509852
-31.330000 40.901001 -9.505000 7.626637
-9.269000 -31.663000 -24.726000 8.073824
-45.264000 40.979000 20.532000 8.125691
-71.362999 13.578000 41.889999 9.931488
12.359000 -34.386002 44.594002 8.345791
6.814000 33.726002 -21.490999 8.019670
42.840000 -4.788000 -13.648000 7.216657
-61.224998 -35.480999 -13.521000 9.569363
-21.250000 35.040001 -18.441000 8.404011
7.600000 -35.104000 47.655998 8.742996
-79.790001 -27.334000 -17.058001 9.029101
15.938000 25.615999 26.507999 8.341444
-75.991997 38.009998 44.667000 8.169737
52.221001 -5.664000 27.992001 7.372669
13.361000 -23.382000 -20.065001 7.791221
-73.089996 -19.405001 44.629002 9.619106
-0.254000 47.243000 17.507000 7.749692
-36.261002 -32.240002 14.697000 11.179462
-74.445999 31.129000 -6.269000 9.364518
32.747002 1.650000 43.678001 6.143060
-80.098999 -7.498000 2.396000 8.923409
3.472000 -16.402000 5.556000 9.352634
-79.717003 9.502000 -16.740000 8.848093
-63.660999 4.670000 -24.660000 8.790070
-75.388000 -0.560000 17.599001 9.003883
5.811000 19.631001 20.398001 8.557227
-63.516998 -25.312000 -16.224001 9.660545
-27.287001 47.069000 5.505000 8.022242
-71.862000 37.606998 11.236000 8.135264
13.575000 33.939999 23.458000 7.886374
-52.624001 -38.820000 -7.667000 9.683588
-26.860001 39.810001 -9.167000 7.729724
5.130000 19.697001 11.557000 8.845007
-2.792000 -35.070000 -21.070000 8.512071
-48.118999 -39.270000 24.153999 9.759027
-77.347000 2.424000 38.698002 9.728589
2.549000 -30.768999 -6.312000 10.184362
12.696000 -3.568000 -9.500000 7.946614
-30.843000 35.360001 44.571999 8.042231
-15.185000 38.209999 -10.246000 8.991995
-73.499001 6.504000 -6.774000 8.603927
8.087000 -0.775000 -15.340000 7.907533
-8.969000 42.222000 1.528000 8.236949
-75.087997 10.636000 -9.516000 9.443062
-77.096001 -36.261002 23.167000 9.271140
2.702000 -46.076000 -18.452999 8.023556
-45.344002 43.812000 -24.559999 7.260904
11.682000 -9.531000 -9.489000 7.965219
8.539000 13.650000 -3.478000 9.172553
-45.284000 41.143002 38.522999 7.639643
-66.347000 46.764999 35.590000 7.881126
-28.540001 -38.570000 29.719000 10.176581
-67.612000 36.029999 0.338000 9.015968
43.661999 4.711000 -1.373000 7.141769
12.831000 -35.445999 -6.518000 8.938160
28.761000 -1.395000 28.454000 6.884322
12.577000 10.567000 -21.900000 7.622691
-36.237000 47.348000 5.501000 8.068620
28.177999 -1.126000 40.098000 6.419686
-66.273003 22.627001 -15.663000 9.546742
-59.868999 -48.022999 40.715000 7.819945
-27.243999 -35.713001 -21.309000 8.706254
20.218000 -1.255000 -4.841000 7.635649
-71.749001 -25.363001 8.558000 9.998789
-66.154999 -37.806999 -15.462000 9.602720
-2.780000 -10.373000 -18.423000 8.666332
-33.437000 -35.402000 -12.754000 9.409759
-67.559998 1.234000 47.247002 9.745097
-0.326000 43.715000 -24.327000 7.580189
-33.115002 -36.952999 -24.752001 8.616032
7.209000 21.124001 -1.860000 9.881568
-15.234000 34.979000 -24.528999 7.880170
-81.205002 -22.316999 -3.471000 8.863857
-77.337997 28.580000 15.331000 9.316156
15.192000 -31.372999 -9.410000 8.838826
4.771000 -38.544998 35.348999 8.167259
-51.250999 -48.358002 5.415000 8.992836
11.429000 -1.661000 -6.102000 7.943334
-0.209000 34.868999 -24.462999 7.990521
-32.973999 40.640999 20.504999 7.390697
-61.748001 -18.356001 -17.753000 9.328933
4.959000 34.598999 -26.853001 8.389517
-31.002001 -43.201000 38.639000 8.832952
23.767000 -7.527000 47.539001 6.849290
-45.303001 -43.046001 14.491000 8.483328
-72.250000 -0.232000 5.561000 8.774974
-69.647003 44.272999 35.587002 7.914505
-33.287998 4.664000 -25.208000 7.611561
-6.623000 48.278999 43.272999 7.241647
-69.981003 -43.958000 35.452000 8.196456
-81.223000 -19.381001 35.528999 9.501382
-75.097000 -22.360001 49.959999 9.056089
-42.053001 41.574001 41.207001 7.475752
-75.143997 31.704000 -3.548000 8.842328
-65.156998 39.708000 -3.548000 9.040886
11.569000 1.544000 -21.573000 7.102458
37.618999 3.952000 43.273998 6.468862
-45.216000 49.595001 -12.443000 8.197508
-33.007000 37.508999 -24.830999 7.622796
-27.194000 31.983000 -24.728001 8.313220
14.780000 -7.431000 47.685001 6.677496
-80.632004 -28.371000 35.528000 9.423533
-68.399002 45.625999 5.464000 7.653427
-57.122002 -48.099998 4.585000 9.099465
12.904000 35.441002 23.511000 7.719543
50.796001 -1.352000 29.896000 6.699107
-39.210999 -36.855000 -26.792000 8.271661
-60.234001 -38.055000 49.980999 8.615376
-77.803001 -7.351000 8.516000 9.234587
2.020000 -13.281000 7.867000 9.112241
-3.156000 -45.676998 -21.096001 8.030860
-3.350000 -43.477001 14.144000 8.654250
-79.791000 33.231998 1.236000 7.684389
-6.498000 44.458000 13.714000 7.772537
-6.260000 35.192001 -21.455000 7.801741
-70.926003 -42.237999 23.636000 8.316083
-3.231000 4.634000 -25.208000 8.296180
-69.470001 43.768002 -12.466000 7.849162
-35.986000 37.643002 41.497002 7.415830
-63.111000 48.733002 -9.461000 7.831142
-0.041000 37.637001 -21.485001 7.845266
9.333000 -10.344000 32.613998 7.793478
-54.287998 49.841000 -6.444000 8.054464
7.108000 -7.855000 39.731998 7.801592
-60.618000 38.324001 9.255000 8.769053
-27.980000 -39.761002 9.016000 9.015794
47.727001 10.016000 11.514000 7.665937
-69.272003 34.548000 32.547001 9.395370
-45.255001 49.797001 -6.506000 8.361393
-80.023003 -16.573999 43.606998 9.062076
9.065000 1.263000 41.488998 7.628571
-27.280001 -22.309000 -25.208000 7.423667
-72.933998 -7.330000 -0.483000 9.391192
28.117001 -4.677000 40.187000 6.469637
35.541000 8.666000 -2.875000 7.733749
-68.702003 -45.469002 8.490000 8.186678
6.283000 -39.372002 23.649000 8.435770
-45.243000 49.238998 2.592000 8.020108
-21.268999 49.398998 -9.463000 8.010422
-81.253998 -19.389000 32.546001 9.449143
2.911000 -13.303000 -18.423000 8.167747
-15.227000 -36.821999 -26.806000 8.406239
-21.337000 37.426998 -11.821000 8.024932
-30.731001 40.678001 26.535999 6.984347
-69.274002 40.546001 -24.698000 7.354362
-42.235001 -48.981998 26.507999 8.782465
-63.626999 37.435001 14.011000 8.806680
3.768000 -0.295000 35.403999 8.270683
-70.579002 -3.288000 -6.908000 9.620733
-80.300003 -10.366000 41.494999 9.001293
2.731000 -34.445000 -18.436001 8.872100
20.775000 4.613000 32.313000 6.983577
-12.289000 -36.777000 -24.888000 8.178612
-80.893997 16.652000 41.563999 9.137150
-12.245000 46.554001 47.570999 6.910556
15.840000 -25.384001 38.527000 8.704042
5.717000 -39.129002 44.534000 8.520867
-37.306999 48.320000 29.469999 7.746988
0.809000 7.351000 16.677000 8.781989
5.432000 22.650000 -25.177000 8.222230
-80.995003 16.639000 2.524000 8.258600
2.852000 47.125000 29.542999 7.178339
7.729000 -19.382000 38.536999 8.489573
7.408000 -21.412001 30.145000 9.125070
-69.916000 -34.316002 17.556999 9.572891
-24.256001 -36.771999 -24.889999 8.476245
29.716999 -9.587000 -15.043000 7.822204
-71.689003 37.758999 44.580002 8.437986
-80.209000 31.327000 29.483000 7.911498
-9.956000 -47.896000 7.113000 8.837655
2.414000 -4.430000 5.424000 9.185727
-27.396000 40.216000 38.505001 6.721308
-30.282000 22.670000 -25.208000 7.725570
-67.862000 45.257999 29.355000 8.087193
11.447000 -36.997002 35.560001 8.414369
-18.311001 43.757000 12.332000 7.967242
15.978000 -25.334999 35.511002 8.738378
-81.202003 -13.381000 29.569000 9.104264
-81.250000 -19.361000 29.514000 9.405778
1.625000 38.736000 17.937000 7.640552
13.785000 -4.712000 23.538000 7.600027
-5.929000 -41.241001 35.296001 8.448704
5.799000 -28.315001 11.317000 8.931719
46.438000 1.648000 -9.005000 7.331969
5.774000 -0.769000 -18.500000 8.034908
6.657000 33.967999 -18.441999 8.400207
-51.233002 -42.750000 49.860001 7.990840
5.663000 1.541000 38.529999 7.699926
-81.169998 -19.368000 -0.483000 8.693713
-3.243000 49.556000 -6.486000 8.212008
-48.271000 40.617001 20.468000 8.199802
-70.527000 -6.260000 25.701000 10.038579
-58.367001 -38.847000 25.055000 10.348899
-43.444000 42.042999 -10.749000 8.251289
-38.416000 -47.605999 -0.378000 9.115352
-21.233999 35.202000 -21.459999 8.230339
-12.119000 43.869999 12.496000 7.963895
-76.039001 34.806999 47.794998 8.593192
-73.375000 -6.466000 38.782001 9.422197
-54.028000 39.548000 18.468000 7.655772
-70.847000 25.094000 7.161000 9.614822
-24.254000 46.747002 8.568000 7.876322
-71.146004 7.641000 35.471001 9.735510
-60.264999 -48.854000 32.530998 8.010445
-68.834999 4.596000 8.514000 8.903139
-70.122002 16.570999 32.520000 10.115739
-79.642998 32.848999 32.396000 7.994776
-15.302000 40.641998 -25.073000 7.749219
-69.904999 44.168999 2.526000 7.647691
7.627000 4.627000 -12.446000 7.756990
44.595001 -1.321000 -12.552000 7.268098
-18.233000 46.410000 17.514000 7.997232
-59.929001 42.495998 42.431000 7.359142
-12.332000 -28.391001 -25.208000 8.004157
8.415000 38.006001 -6.506000 8.360864
-32.085999 40.526001 -15.563000 7.267642
30.660000 4.215000 27.636999 7.497869
-57.279999 42.925999 -0.500000 8.322396
-61.549999 35.539001 22.424000 8.939895
4.616000 -45.026001 15.872000 8.778499
45.646000 -1.302000 31.188000 6.080387
-68.394997 -45.368999 26.441999 8.039951
41.756001 9.626000 -0.695000 7.796748
-30.858000 -35.019001 -21.329000 8.572766
32.716000 4.713000 -0.052000 7.489086
-21.412001 45.528000 10.517000 7.935391
-9.296000 -31.427000 -21.549999 8.738577
-6.286000 -48.629002 23.545000 8.285764
-29.601000 -45.250999 44.355999 8.004874
2.528000 1.081000 17.598000 8.852308
33.682999 -1.217000 1.355000 7.535686
10.102000 -22.931999 48.875999 8.441872
-70.971001 -42.372002 -3.105000 8.421482
13.849000 5.004000 2.444000 8.872964
-0.176000 -25.375999 -24.635000 8.118231
-3.229000 49.528000 -9.464000 8.407743
32.033001 9.336000 40.721001 6.993319
-60.255001 -42.400002 35.507999 8.999165
-36.209000 -46.896999 35.521999 8.339513
-3.242000 -48.861000 -9.445000 8.952840
-12.321000 36.111000 -26.236000 8.246527
-63.282001 47.666000 5.592000 7.910286
-12.305000 49.528000 -12.448000 8.628189
-35.418999 37.754002 29.573000 7.694596
14.000000 13.640000 44.198002 7.591242
7.934000 33.980999 41.721001 7.979549
37.369999 3.632000 -1.913000 7.327058
-54.320000 49.833000 32.555000 7.400279
-21.240999 49.188999 -12.495000 8.139145
-68.843002 1.372000 44.494999 9.662539
-54.278999 48.561001 20.990999 8.102264
-3.294000 -28.377001 -25.208000 7.961172
-24.563000 -38.780998 -10.816000 9.268602
2.717000 22.615000 12.041000 8.815176
-57.273998 -40.403999 50.549999 8.248928
-54.294998 -31.608000 19.693001 10.928354
6.064000 25.662001 13.562000 8.519814
-18.283001 49.103001 41.564999 7.325251
-18.277000 35.035000 -18.474001 9.045922
-18.257999 -36.736000 -24.886999 8.314494
-60.223000 -10.361000 -25.208000 8.748994
-18.254999 -47.716999 42.598999 7.935640
29.457001 1.732000 -16.347000 6.712370
-39.839001 -48.115002 -0.650000 8.631936
-79.017998 -28.393999 44.625999 9.193754
10.769000 4.868000 35.215000 8.101671
-6.246000 -19.360001 -25.208000 8.305500
11.107000 -28.333000 -23.892000 7.703159
-35.493000 -38.494999 2.480000 9.684420
4.467000 27.569000 -6.090000 9.253256
11.399000 4.544000 11.787000 8.844150
-2.162000 -22.257999 -19.165001 9.095070
25.635000 1.630000 -6.652000 7.280782
-70.224998 4.366000 49.445000 9.027385
7.104000 36.660000 20.837999 7.788218
-61.945999 -13.353000 -18.480000 9.353167
39.001999 -4.313000 11.724000 7.765558
-0.687000 48.292999 4.453000 8.131268
8.031000 16.653000 26.500999 8.273324
-63.462002 37.816002 38.537998 9.363380
29.341000 -1.348000 -16.348000 6.759371
8.874000 -31.351999 12.143000 8.876852
10.580000 -10.351000 49.462002 7.297512
-77.153999 -2.391000 20.586000 9.251057
-65.374001 -39.931999 38.543999 9.183681
41.748001 1.660000 -14.865000 6.938161
11.781000 -9.320000 -17.915001 8.138265
-12.270000 40.743000 29.521999 8.823538
-75.478996 1.060000 32.471001 9.172233
-79.864998 -5.643000 38.126999 9.051966
8.718000 -22.289000 49.967999 8.580987
-27.275999 -37.307999 -12.553000 9.324225
-54.259998 -25.372000 -25.208000 8.631375
-21.261999 40.441002 44.540001 7.716717
-70.100998 -4.095000 44.818001 9.768755
-54.115002 -38.997002 24.701000 9.678366
-18.233999 -32.525002 -21.707001 8.412392
13.404000 31.315001 7.467000 8.124853
-48.245998 37.405998 -25.181999 7.600669
11.061000 5.016000 38.838001 7.601432
2.956000 16.643000 17.159000 8.655884
15.281000 7.628000 -3.403000 7.975817
-71.098999 7.794000 23.995001 9.555927
-2.294000 -35.131001 -0.487000 9.864385
-42.147999 -45.664001 -21.159000 7.766868
-45.278000 -40.370998 50.671001 8.619101
-35.956001 -38.175999 5.819000 9.709554
-12.587000 -35.825001 10.030000 10.677839
5.426000 -19.410999 -25.171000 7.477878
4.753000 -7.826000 18.270000 8.612668
-68.964996 31.534000 -12.420000 9.623452
-39.159000 40.299000 -14.733000 7.733024
-30.577999 -43.244999 -24.348000 8.110129
-63.382000 41.183998 -6.495000 8.258245
10.015000 23.288000 45.018002 7.832072
-24.268000 -40.388000 -25.073999 8.222502
-21.097000 -45.486000 15.185000 8.582734
41.747002 1.658000 29.747000 6.428237
-36.208000 -46.925999 26.554001 8.468625
-69.436996 40.327999 14.713000 8.103880
-42.250999 49.578999 32.542000 7.898897
-68.607002 -45.594002 -0.566000 8.369330
-48.201000 -36.980000 21.208000 9.971839
47.730999 -9.552000 2.515000 7.555319
-77.189003 2.741000 29.471001 9.081810
-6.235000 -37.983002 13.446000 8.949546
4.370000 -44.945000 29.191999 8.895173
-27.454000 -47.161999 -3.477000 8.758896
-36.176998 45.945999 -23.955999 7.490638
8.402000 -37.779999 -18.468000 8.282068
-30.937000 -43.416000 -15.635000 8.977112
5.504000 -0.964000 26.695999 7.901821
38.716999 -10.074000 -6.466000 8.106599
39.028999 -4.518000 42.372002 6.874691
-21.180000 -42.089001 38.470001 8.978148
-60.230000 46.784000 17.483000 8.302681
11.678000 25.671000 -21.413000 8.060989
-30.976000 -43.476002 -9.400000 8.843719
-24.223000 -1.426000 -25.208000 7.566049
-75.408997 28.701000 -24.638000 7.624426
7.117000 -9.453000 -17.091999 8.410204
-48.264000 -19.377001 -25.208000 8.930855
15.435000 -13.361000 41.493999 7.672010
-75.360001 -0.717000 -9.311000 8.836575
-12.229000 -48.895000 38.590000 7.942805
-21.614000 -39.898998 13.156000 9.051913
-15.247000 -48.834999 38.558998 7.695644
-24.247999 10.641000 -25.208000 7.563097
-57.133999 -48.162998 41.054001 7.800567
-69.226997 40.516998 -18.480000 7.781837
-77.306999 4.815000 8.241000 8.614246
14.408000 -4.427000 32.394001 7.063211
-68.029999 -38.778999 4.738000 9.105955
-24.245001 40.465000 23.511000 7.496234
-72.362000 1.775000 14.803000 9.022838
4.070000 -28.341999 -26.752001 7.697988
-6.250000 37.466000 -25.186001 8.338415
-27.108999 -34.787998 -18.290001 8.673600
12.522000 -22.479000 9.148000 8.303689
-30.955999 40.726002 -3.529000 8.127386
55.258999 -3.025000 19.462000 7.633859
4.194000 -5.859000 19.093000 8.656595
-77.986000 -22.370001 17.570999 9.769259
-57.248001 36.807999 -26.871000 7.450108
-53.459000 45.167000 49.062000 7.035223
41.639999 9.373000 34.884998 7.242801
-60.280998 49.359001 29.513000 7.438694
-12.275000 -39.974998 23.493000 9.734221
-18.270000 31.937000 -24.660999 7.608619
-70.265999 -39.962002 -6.627000 8.513383
1.991000 -16.330000 7.986000 9.173481
-62.328999 -7.355000 -18.466999 9.554667
10.308000 -31.806999 49.123001 8.585195
-30.504999 -37.167000 35.551998 10.387718
48.875999 9.113000 21.867001 7.551459
12.702000 31.747999 8.922000 8.200809
39.047001 -9.737000 29.444000 7.146634
-15.279000 -49.228001 -9.413000 8.901168
-35.504002 38.400002 20.586000 8.064356
-28.600000 39.731998 16.327000 7.912173
11.204000 -2.081000 -9.528000 7.292384
-62.738998 48.278000 43.452999 7.322375
-24.268000 40.146000 44.548000 7.484456
-73.692001 -25.319000 39.796001 9.913573
-48.317001 -48.527000 -15.507000 8.293860
51.046001 4.629000 11.979000 7.297662
-36.165001 -39.952999 41.525002 9.881041
-3.231000 34.958000 -24.478001 8.175690
-24.260000 -48.348000 -12.451000 8.729651
-74.050003 -25.333000 38.263000 9.564538
-69.780998 39.658001 32.590000 8.227148
-15.183000 41.276001 23.568001 8.114454
5.810000 0.757000 -12.480000 8.253826
42.665001 5.040000 -5.106000 7.091825
-70.011002 3.759000 16.809999 9.974922
-71.834999 -39.821999 8.617000 8.353829
-31.367001 43.132000 41.830002 7.024199
27.049999 4.660000 -12.455000 7.364273
35.797001 -1.356000 2.334000 7.580455
-42.196999 42.972000 44.512001 7.353618
16.091000 -16.344000 -6.454000 9.096124
-25.917000 -47.938000 -2.950000 8.960878
2.778000 -46.258999 -12.481000 9.145599
-29.789000 -45.797001 35.567001 8.357949
-12.253000 40.403000 32.500000 9.271571
13.967000 -31.343000 -18.452999 8.049712
-15.227000 49.082001 5.563000 8.289093
-57.262001 41.619999 5.507000 8.386490
11.146000 -36.967999 44.547001 8.435111
-51.223000 35.042999 -18.429001 8.654961
-12.287000 -42.032001 33.227001 8.760893
-63.793999 -19.405001 14.836000 10.298759
-3.261000 -40.438000 11.662000 8.550072
-81.242996 -16.378000 -6.462000 9.035625
-12.257000 -42.384998 35.528000 8.656704
-9.307000 -35.460999 12.373000 9.712827
5.941000 40.438000 9.122000 7.685105
-70.678001 36.311001 -12.058000 8.360908
-57.224998 -48.750000 2.550000 8.728362
-70.435997 -38.709999 9.993000 8.647091
5.643000 -38.925999 41.932999 8.545361
-15.242000 -34.477001 -18.462999 8.591678
0.085000 -1.341000 -24.664000 7.903038
-36.284000 25.636000 -25.208000 7.776339
-15.408000 -40.522999 12.141000 8.839917
8.728000 -37.702999 47.584000 8.269263
-36.066002 41.131001 5.650000 8.310563
34.073002 9.105000 39.847000 7.155254
-78.521004 34.699001 32.508999 8.053127
0.767000 -25.767000 17.131001 10.210248
-76.231003 19.716000 -22.389000 7.958901
11.713000 -10.357000 -12.454000 7.494787
-60.195000 -34.290001 -15.108000 9.445607
-77.801003 -1.806000 26.459999 9.292959
15.279000 -28.371000 2.586000 8.322450
-9.195000 -42.245998 44.528999 8.618438
38.733002 -9.671000 35.520000 7.175553
-15.061000 -40.227001 13.274000 8.894372
50.735001 7.546000 -0.427000 7.445380
-74.671997 -4.485000 49.870998 9.168125
5.453000 19.596001 -25.170000 7.737627
-32.573002 40.000999 -12.371000 7.807524
-48.299999 -49.291000 29.568001 8.756819
-3.250000 -46.195999 8.539000 8.570433
-3.267000 49.118999 2.510000 7.670959
-9.250000 -40.450001 11.941000 8.806866
-24.202000 -39.464001 -0.394000 9.738950
10.859000 -19.181999 15.324000 8.768381
7.973000 -39.941002 5.598000 8.098900
-42.361000 41.139999 -12.725000 8.861053
-6.241000 49.703999 -0.457000 7.896327
-66.317001 46.820000 23.612000 7.951202
5.334000 -19.351999 20.497000 9.338799
-39.317001 -39.393002 5.222000 9.200484
-15.262000 35.206001 -21.434999 8.272503
-73.961998 -28.004999 38.115002 9.834742
6.494000 -34.289001 -9.458000 9.224273
11.837000 19.642000 11.556000 9.427413
14.049000 -34.272999 -12.476000 8.617872
-57.188000 -47.730000 19.382999 9.054145
-45.248001 -48.144001 21.299000 9.228683
-30.639000 35.480000 14.283000 9.283775
-6.197000 -42.647999 -23.856001 7.713454
-6.236000 -38.339001 2.547000 9.824872
-80.192001 31.466000 26.502001 7.828972
-67.887001 -16.348000 -21.759001 8.654734
-68.796997 13.633000 -24.892000 8.678297
-30.528000 43.526001 -9.605000 7.451821
0.413000 7.654000 14.466000 8.847126
-25.938000 -47.917999 -1.059000 8.930476
3.188000 4.482000 8.772000 8.418658
54.196999 1.687000 14.487000 7.209950
-12.243000 40.713001 12.205000 7.959558
-77.043999 32.737000 10.406000 7.917486
-77.709000 -34.320000 17.525999 9.025882
-15.267000 40.896000 26.504000 8.383545
6.561000 25.643000 5.507000 9.450716
-51.264999 16.667000 -25.208000 8.478798
30.347000 1.591000 27.353001 7.564232
-68.669998 -7.548000 -14.595000 9.921707
-6.206000 48.926998 41.591999 7.440630
-15.260000 -49.251999 35.606998 7.674522
-48.285999 -40.391998 -25.063999 8.122683
-60.148998 -35.873001 -22.813000 8.504266
-31.253000 -40.587002 2.493000 8.960581
-51.275002 49.826000 -9.445000 8.161458
-75.350998 -31.368999 12.289000 9.075369
-75.680000 -0.313000 -0.224000 8.754862
1.502000 -44.908001 10.266000 8.543800
-6.292000 42.727001 49.507000 7.165296
-71.873001 -40.127998 41.578999 8.529374
-45.250000 -40.497002 44.578999 8.974300
-75.501999 -0.554000 -15.735000 9.155982
-72.054001 -16.403000 -12.556000 10.227354
-36.306000 46.875999 17.549000 7.832841
10.777000 25.660999 49.618999 7.604363
-21.288000 49.356998 -3.488000 8.576016
-66.861000 32.353001 26.438000 9.259867
-72.268997 -22.466000 11.961000 9.917139
-32.263000 37.713001 -15.401000 7.857673
-70.636002 -19.628000 9.869000 9.717615
-78.746002 34.707001 35.541000 8.378347
-75.454002 0.916000 2.445000 8.484803
-66.290001 1.252000 14.348000 9.692969
6.976000 -13.333000 41.556999 8.097642
-79.274002 -31.523001 -15.568000 9.350969
-51.257000 -37.165001 11.674000 9.662006
2.940000 -13.373000 -24.669001 7.998240
11.035000 -34.338001 47.520000 8.184137
2.919000 16.628000 -24.676001 7.870760
-72.086998 -31.392000 41.492001 9.973315
37.013000 2.645000 -16.909000 6.662850
-54.237000 16.650000 -25.208000 8.803407
27.806000 1.664000 -15.196000 7.037060
-0.393000 40.041000 44.519001 7.360059
-70.380997 4.167000 2.929000 8.682421
-57.330002 34.662998 18.294001 9.212116
2.125000 25.379999 18.278999 8.462353
38.708000 -7.282000 23.962000 7.249427
-18.257999 -10.323000 -25.208000 7.920783
4.913000 28.603001 26.552000 8.225463
13.722000 33.918999 26.513000 7.899535
-48.263000 -43.542999 12.388000 8.957429
4.810000 -25.367001 -0.472000 9.654516
-63.254002 -48.418999 -0.474000 8.825966
-79.785004 -11.526000 43.129002 9.331441
-6.269000 -28.363001 -25.208000 8.172344
13.955000 7.576000 5.542000 8.940296
4.060000 -13.378000 -26.690001 8.122881
-54.083000 -38.431999 13.201000 9.404470
-12.228000 40.009998 41.514999 8.838124
-70.410004 13.848000 22.812000 9.684981
17.712999 7.322000 -6.835000 7.937917
-2.805000 -34.408001 -9.471000 10.063430
-80.586998 10.628000 23.500999 8.562875
